key,source_uri,size_bytes,last_modified
visionlab/visionlab/outbound/India_Ahmedabad_Mirana_AssemblyLine_001_001.mp4,s3://humyn-data-partners-prod/visionlab/visionlab/outbound/India_Ahmedabad_Mirana_AssemblyLine_001_001.mp4,569135399,2026-06-13 17:35:52
visionlab/visionlab/outbound/India_Ahmedabad_Mirana_AssemblyLine_001_002.mp4,s3://humyn-data-partners-prod/visionlab/visionlab/outbound/India_Ahmedabad_Mirana_AssemblyLine_001_002.mp4,594872567,2026-06-13 17:35:52
visionlab/visionlab/outbound/India_Ahmedabad_Mirana_AssemblyLine_001_003.mp4,s3://humyn-data-partners-prod/visionlab/visionlab/outbound/India_Ahmedabad_Mirana_AssemblyLine_001_003.mp4,604611797,2026-06-13 17:35:52
visionlab/visionlab/outbound/India_Ahmedabad_Mirana_AssemblyLine_001_004.mp4,s3://humyn-data-partners-prod/visionlab/visionlab/outbound/India_Ahmedabad_Mirana_AssemblyLine_001_004.mp4,314912689,2026-06-13 17:35:52
visionlab/visionlab/outbound/India_Ahmedabad_Mirana_AssemblyLine_001_005.mp4,s3://humyn-data-partners-prod/visionlab/visionlab/outbound/India_Ahmedabad_Mirana_AssemblyLine_001_005.mp4,610874009,2026-06-13 17:35:52
visionlab/visionlab/outbound/India_Ahmedabad_Mirana_AssemblyLine_001_006.mp4,s3://humyn-data-partners-prod/visionlab/visionlab/outbound/India_Ahmedabad_Mirana_AssemblyLine_001_006.mp4,695155812,2026-06-13 17:35:52
visionlab/visionlab/outbound/India_Ahmedabad_Mirana_AssemblyLine_001_007.mp4,s3://humyn-data-partners-prod/visionlab/visionlab/outbound/India_Ahmedabad_Mirana_AssemblyLine_001_007.mp4,521456709,2026-06-13 17:35:52
visionlab/visionlab/outbound/India_Ahmedabad_Mirana_AssemblyLine_001_008.mp4,s3://humyn-data-partners-prod/visionlab/visionlab/outbound/India_Ahmedabad_Mirana_AssemblyLine_001_008.mp4,584908826,2026-06-13 17:35:52
visionlab/visionlab/outbound/India_Ahmedabad_Mirana_AssemblyLine_001_009.mp4,s3://humyn-data-partners-prod/visionlab/visionlab/outbound/India_Ahmedabad_Mirana_AssemblyLine_001_009.mp4,471628256,2026-06-13 17:35:52
visionlab/visionlab/outbound/India_Ahmedabad_Mirana_AssemblyLine_001_010.mp4,s3://humyn-data-partners-prod/visionlab/visionlab/outbound/India_Ahmedabad_Mirana_AssemblyLine_001_010.mp4,423094796,2026-06-13 17:35:52
visionlab/visionlab/outbound/India_Ahmedabad_Mirana_AssemblyLine_001_011.mp4,s3://humyn-data-partners-prod/visionlab/visionlab/outbound/India_Ahmedabad_Mirana_AssemblyLine_001_011.mp4,567533232,2026-06-13 17:35:52
visionlab/visionlab/outbound/India_Ahmedabad_Mirana_AssemblyLine_001_012.mp4,s3://humyn-data-partners-prod/visionlab/visionlab/outbound/India_Ahmedabad_Mirana_AssemblyLine_001_012.mp4,472659794,2026-06-13 17:35:52
visionlab/visionlab/outbound/India_Ahmedabad_Mirana_AssemblyLine_001_013.mp4,s3://humyn-data-partners-prod/visionlab/visionlab/outbound/India_Ahmedabad_Mirana_AssemblyLine_001_013.mp4,297872977,2026-06-13 17:35:52
visionlab/visionlab/outbound/India_Ahmedabad_Mirana_AssemblyLine_001_014.mp4,s3://humyn-data-partners-prod/visionlab/visionlab/outbound/India_Ahmedabad_Mirana_AssemblyLine_001_014.mp4,611492165,2026-06-13 17:35:52
visionlab/visionlab/outbound/India_Ahmedabad_Mirana_AssemblyLine_001_015.mp4,s3://humyn-data-partners-prod/visionlab/visionlab/outbound/India_Ahmedabad_Mirana_AssemblyLine_001_015.mp4,633388109,2026-06-13 17:35:52
visionlab/visionlab/outbound/India_Ahmedabad_Mirana_AssemblyLine_001_016.mp4,s3://humyn-data-partners-prod/visionlab/visionlab/outbound/India_Ahmedabad_Mirana_AssemblyLine_001_016.mp4,459382845,2026-06-13 17:35:52
visionlab/visionlab/outbound/India_Ahmedabad_Mirana_AssemblyLine_001_017.mp4,s3://humyn-data-partners-prod/visionlab/visionlab/outbound/India_Ahmedabad_Mirana_AssemblyLine_001_017.mp4,507400573,2026-06-13 17:35:52
visionlab/visionlab/outbound/India_Ahmedabad_Mirana_AssemblyLine_001_018.mp4,s3://humyn-data-partners-prod/visionlab/visionlab/outbound/India_Ahmedabad_Mirana_AssemblyLine_001_018.mp4,587997629,2026-06-13 17:35:52
visionlab/visionlab/outbound/India_Ahmedabad_Mirana_AssemblyLine_001_019.mp4,s3://humyn-data-partners-prod/visionlab/visionlab/outbound/India_Ahmedabad_Mirana_AssemblyLine_001_019.mp4,628269327,2026-06-13 17:35:52
visionlab/visionlab/outbound/India_Ahmedabad_Mirana_AssemblyLine_001_020.mp4,s3://humyn-data-partners-prod/visionlab/visionlab/outbound/India_Ahmedabad_Mirana_AssemblyLine_001_020.mp4,554778260,2026-06-13 17:35:52
visionlab/visionlab/outbound/India_Ahmedabad_Mirana_AssemblyLine_001_021.mp4,s3://humyn-data-partners-prod/visionlab/visionlab/outbound/India_Ahmedabad_Mirana_AssemblyLine_001_021.mp4,625924833,2026-06-13 17:35:52
visionlab/visionlab/outbound/India_Ahmedabad_Mirana_AssemblyLine_001_022.mp4,s3://humyn-data-partners-prod/visionlab/visionlab/outbound/India_Ahmedabad_Mirana_AssemblyLine_001_022.mp4,437175061,2026-06-13 17:35:52
visionlab/visionlab/outbound/India_Ahmedabad_Mirana_AssemblyLine_001_023.mp4,s3://humyn-data-partners-prod/visionlab/visionlab/outbound/India_Ahmedabad_Mirana_AssemblyLine_001_023.mp4,667786138,2026-06-13 17:35:52
visionlab/visionlab/outbound/India_Ahmedabad_Mirana_AssemblyLine_001_024.mp4,s3://humyn-data-partners-prod/visionlab/visionlab/outbound/India_Ahmedabad_Mirana_AssemblyLine_001_024.mp4,472934917,2026-06-13 17:35:52
visionlab/visionlab/outbound/India_Ahmedabad_Mirana_AssemblyLine_001_025.mp4,s3://humyn-data-partners-prod/visionlab/visionlab/outbound/India_Ahmedabad_Mirana_AssemblyLine_001_025.mp4,557355200,2026-06-13 17:35:52
visionlab/visionlab/outbound/India_Ahmedabad_Mirana_AssemblyLine_001_026.mp4,s3://humyn-data-partners-prod/visionlab/visionlab/outbound/India_Ahmedabad_Mirana_AssemblyLine_001_026.mp4,547540201,2026-06-13 17:35:52
visionlab/visionlab/outbound/India_Ahmedabad_Mirana_AssemblyLine_001_027.mp4,s3://humyn-data-partners-prod/visionlab/visionlab/outbound/India_Ahmedabad_Mirana_AssemblyLine_001_027.mp4,194563882,2026-06-13 17:35:52
visionlab/visionlab/outbound/India_Ahmedabad_Mirana_AssemblyLine_001_028.mp4,s3://humyn-data-partners-prod/visionlab/visionlab/outbound/India_Ahmedabad_Mirana_AssemblyLine_001_028.mp4,450014144,2026-06-13 17:35:52
visionlab/visionlab/outbound/India_Ahmedabad_Mirana_AssemblyLine_001_029.mp4,s3://humyn-data-partners-prod/visionlab/visionlab/outbound/India_Ahmedabad_Mirana_AssemblyLine_001_029.mp4,531284905,2026-06-13 17:35:52
visionlab/visionlab/outbound/India_Ahmedabad_Mirana_AssemblyLine_001_030.mp4,s3://humyn-data-partners-prod/visionlab/visionlab/outbound/India_Ahmedabad_Mirana_AssemblyLine_001_030.mp4,508970831,2026-06-13 17:35:52
visionlab/visionlab/outbound/India_Ahmedabad_Mirana_AssemblyLine_001_031.mp4,s3://humyn-data-partners-prod/visionlab/visionlab/outbound/India_Ahmedabad_Mirana_AssemblyLine_001_031.mp4,217655130,2026-06-13 17:35:52
visionlab/visionlab/outbound/India_Ahmedabad_Mirana_AssemblyLine_001_032.mp4,s3://humyn-data-partners-prod/visionlab/visionlab/outbound/India_Ahmedabad_Mirana_AssemblyLine_001_032.mp4,264048863,2026-06-13 17:35:52
visionlab/visionlab/outbound/India_Ahmedabad_Mirana_AssemblyLine_001_033.mp4,s3://humyn-data-partners-prod/visionlab/visionlab/outbound/India_Ahmedabad_Mirana_AssemblyLine_001_033.mp4,513789046,2026-06-13 17:35:57
visionlab/visionlab/outbound/India_Ahmedabad_Mirana_AssemblyLine_001_034.mp4,s3://humyn-data-partners-prod/visionlab/visionlab/outbound/India_Ahmedabad_Mirana_AssemblyLine_001_034.mp4,468989685,2026-06-13 17:35:57
visionlab/visionlab/outbound/India_Ahmedabad_Mirana_AssemblyLine_001_035.mp4,s3://humyn-data-partners-prod/visionlab/visionlab/outbound/India_Ahmedabad_Mirana_AssemblyLine_001_035.mp4,623886923,2026-06-13 17:35:58
visionlab/visionlab/outbound/India_Ahmedabad_Mirana_AssemblyLine_001_036.mp4,s3://humyn-data-partners-prod/visionlab/visionlab/outbound/India_Ahmedabad_Mirana_AssemblyLine_001_036.mp4,567955919,2026-06-13 17:35:59
visionlab/visionlab/outbound/India_Ahmedabad_Mirana_AssemblyLine_001_037.mp4,s3://humyn-data-partners-prod/visionlab/visionlab/outbound/India_Ahmedabad_Mirana_AssemblyLine_001_037.mp4,398651332,2026-06-13 17:35:59
visionlab/visionlab/outbound/India_Ahmedabad_Mirana_AssemblyLine_001_038.mp4,s3://humyn-data-partners-prod/visionlab/visionlab/outbound/India_Ahmedabad_Mirana_AssemblyLine_001_038.mp4,619246791,2026-06-13 17:36:01
visionlab/visionlab/outbound/India_Ahmedabad_Mirana_AssemblyLine_001_039.mp4,s3://humyn-data-partners-prod/visionlab/visionlab/outbound/India_Ahmedabad_Mirana_AssemblyLine_001_039.mp4,516981466,2026-06-13 17:36:01
visionlab/visionlab/outbound/India_Ahmedabad_Mirana_AssemblyLine_001_040.mp4,s3://humyn-data-partners-prod/visionlab/visionlab/outbound/India_Ahmedabad_Mirana_AssemblyLine_001_040.mp4,627978013,2026-06-13 17:36:02
visionlab/visionlab/outbound/India_Ahmedabad_Mirana_AssemblyLine_001_041.mp4,s3://humyn-data-partners-prod/visionlab/visionlab/outbound/India_Ahmedabad_Mirana_AssemblyLine_001_041.mp4,631404261,2026-06-13 17:36:02
visionlab/visionlab/outbound/India_Ahmedabad_Mirana_AssemblyLine_001_042.mp4,s3://humyn-data-partners-prod/visionlab/visionlab/outbound/India_Ahmedabad_Mirana_AssemblyLine_001_042.mp4,516617696,2026-06-13 17:36:02
visionlab/visionlab/outbound/India_Ahmedabad_Mirana_AssemblyLine_001_043.mp4,s3://humyn-data-partners-prod/visionlab/visionlab/outbound/India_Ahmedabad_Mirana_AssemblyLine_001_043.mp4,531085810,2026-06-13 17:36:02
visionlab/visionlab/outbound/India_Ahmedabad_Mirana_AssemblyLine_001_044.mp4,s3://humyn-data-partners-prod/visionlab/visionlab/outbound/India_Ahmedabad_Mirana_AssemblyLine_001_044.mp4,563426872,2026-06-13 17:36:02
visionlab/visionlab/outbound/India_Ahmedabad_Mirana_AssemblyLine_001_045.mp4,s3://humyn-data-partners-prod/visionlab/visionlab/outbound/India_Ahmedabad_Mirana_AssemblyLine_001_045.mp4,445644446,2026-06-13 17:36:03
visionlab/visionlab/outbound/India_Ahmedabad_Mirana_AssemblyLine_001_046.mp4,s3://humyn-data-partners-prod/visionlab/visionlab/outbound/India_Ahmedabad_Mirana_AssemblyLine_001_046.mp4,632412052,2026-06-13 17:36:03
visionlab/visionlab/outbound/India_Ahmedabad_Mirana_AssemblyLine_001_047.mp4,s3://humyn-data-partners-prod/visionlab/visionlab/outbound/India_Ahmedabad_Mirana_AssemblyLine_001_047.mp4,345740309,2026-06-13 17:36:03
visionlab/visionlab/outbound/India_Ahmedabad_Mirana_AssemblyLine_001_048.mp4,s3://humyn-data-partners-prod/visionlab/visionlab/outbound/India_Ahmedabad_Mirana_AssemblyLine_001_048.mp4,501484873,2026-06-13 17:36:03
visionlab/visionlab/outbound/India_Ahmedabad_Mirana_AssemblyLine_001_049.mp4,s3://humyn-data-partners-prod/visionlab/visionlab/outbound/India_Ahmedabad_Mirana_AssemblyLine_001_049.mp4,500089702,2026-06-13 17:36:04
visionlab/visionlab/outbound/India_Ahmedabad_Mirana_AssemblyLine_001_050.mp4,s3://humyn-data-partners-prod/visionlab/visionlab/outbound/India_Ahmedabad_Mirana_AssemblyLine_001_050.mp4,507215914,2026-06-13 17:36:04
visionlab/visionlab/outbound/India_Ahmedabad_Mirana_AssemblyLine_001_051.mp4,s3://humyn-data-partners-prod/visionlab/visionlab/outbound/India_Ahmedabad_Mirana_AssemblyLine_001_051.mp4,504431707,2026-06-13 17:36:04
visionlab/visionlab/outbound/India_Ahmedabad_Mirana_AssemblyLine_001_052.mp4,s3://humyn-data-partners-prod/visionlab/visionlab/outbound/India_Ahmedabad_Mirana_AssemblyLine_001_052.mp4,438073816,2026-06-13 17:36:04
visionlab/visionlab/outbound/India_Ahmedabad_Mirana_AssemblyLine_001_053.mp4,s3://humyn-data-partners-prod/visionlab/visionlab/outbound/India_Ahmedabad_Mirana_AssemblyLine_001_053.mp4,645084978,2026-06-13 17:36:04
visionlab/visionlab/outbound/India_Ahmedabad_Mirana_AssemblyLine_001_054.mp4,s3://humyn-data-partners-prod/visionlab/visionlab/outbound/India_Ahmedabad_Mirana_AssemblyLine_001_054.mp4,532755939,2026-06-13 17:36:04
visionlab/visionlab/outbound/India_Ahmedabad_Mirana_AssemblyLine_001_055.mp4,s3://humyn-data-partners-prod/visionlab/visionlab/outbound/India_Ahmedabad_Mirana_AssemblyLine_001_055.mp4,514862674,2026-06-13 17:36:04
visionlab/visionlab/outbound/India_Ahmedabad_Mirana_AssemblyLine_001_056.mp4,s3://humyn-data-partners-prod/visionlab/visionlab/outbound/India_Ahmedabad_Mirana_AssemblyLine_001_056.mp4,615824059,2026-06-13 17:36:05
visionlab/visionlab/outbound/India_Ahmedabad_Mirana_AssemblyLine_001_057.mp4,s3://humyn-data-partners-prod/visionlab/visionlab/outbound/India_Ahmedabad_Mirana_AssemblyLine_001_057.mp4,522708435,2026-06-13 17:36:05
visionlab/visionlab/outbound/India_Ahmedabad_Mirana_AssemblyLine_001_058.mp4,s3://humyn-data-partners-prod/visionlab/visionlab/outbound/India_Ahmedabad_Mirana_AssemblyLine_001_058.mp4,459131851,2026-06-13 17:36:05
visionlab/visionlab/outbound/India_Ahmedabad_Mirana_AssemblyLine_001_059.mp4,s3://humyn-data-partners-prod/visionlab/visionlab/outbound/India_Ahmedabad_Mirana_AssemblyLine_001_059.mp4,546788490,2026-06-13 17:36:05
visionlab/visionlab/outbound/India_Ahmedabad_Mirana_AssemblyLine_001_060.mp4,s3://humyn-data-partners-prod/visionlab/visionlab/outbound/India_Ahmedabad_Mirana_AssemblyLine_001_060.mp4,516133148,2026-06-13 17:36:05
visionlab/visionlab/outbound/India_Ahmedabad_Mirana_AssemblyLine_001_061.mp4,s3://humyn-data-partners-prod/visionlab/visionlab/outbound/India_Ahmedabad_Mirana_AssemblyLine_001_061.mp4,312072192,2026-06-13 17:36:06
visionlab/visionlab/outbound/India_Ahmedabad_Mirana_AssemblyLine_001_062.mp4,s3://humyn-data-partners-prod/visionlab/visionlab/outbound/India_Ahmedabad_Mirana_AssemblyLine_001_062.mp4,550038736,2026-06-13 17:36:06
visionlab/visionlab/outbound/India_Ahmedabad_Mirana_AssemblyLine_001_063.mp4,s3://humyn-data-partners-prod/visionlab/visionlab/outbound/India_Ahmedabad_Mirana_AssemblyLine_001_063.mp4,681375120,2026-06-13 17:36:06
visionlab/visionlab/outbound/India_Ahmedabad_Mirana_AssemblyLine_001_064.mp4,s3://humyn-data-partners-prod/visionlab/visionlab/outbound/India_Ahmedabad_Mirana_AssemblyLine_001_064.mp4,567524577,2026-06-13 17:36:06
visionlab/visionlab/outbound/India_Ahmedabad_Mirana_AssemblyLine_001_065.mp4,s3://humyn-data-partners-prod/visionlab/visionlab/outbound/India_Ahmedabad_Mirana_AssemblyLine_001_065.mp4,528232611,2026-06-13 17:36:07
visionlab/visionlab/outbound/India_Ahmedabad_Mirana_AssemblyLine_001_066.mp4,s3://humyn-data-partners-prod/visionlab/visionlab/outbound/India_Ahmedabad_Mirana_AssemblyLine_001_066.mp4,253334916,2026-06-13 17:36:07
visionlab/visionlab/outbound/India_Ahmedabad_Mirana_AssemblyLine_001_067.mp4,s3://humyn-data-partners-prod/visionlab/visionlab/outbound/India_Ahmedabad_Mirana_AssemblyLine_001_067.mp4,641186935,2026-06-13 17:36:08
visionlab/visionlab/outbound/India_Ahmedabad_Mirana_AssemblyLine_001_068.mp4,s3://humyn-data-partners-prod/visionlab/visionlab/outbound/India_Ahmedabad_Mirana_AssemblyLine_001_068.mp4,528212521,2026-06-13 17:36:09
visionlab/visionlab/outbound/India_Ahmedabad_Mirana_AssemblyLine_001_069.mp4,s3://humyn-data-partners-prod/visionlab/visionlab/outbound/India_Ahmedabad_Mirana_AssemblyLine_001_069.mp4,505747961,2026-06-13 17:36:09
visionlab/visionlab/outbound/India_Ahmedabad_Mirana_AssemblyLine_001_070.mp4,s3://humyn-data-partners-prod/visionlab/visionlab/outbound/India_Ahmedabad_Mirana_AssemblyLine_001_070.mp4,478532078,2026-06-13 17:36:10
visionlab/visionlab/outbound/India_Ahmedabad_Mirana_AssemblyLine_001_071.mp4,s3://humyn-data-partners-prod/visionlab/visionlab/outbound/India_Ahmedabad_Mirana_AssemblyLine_001_071.mp4,496522924,2026-06-13 17:36:11
visionlab/visionlab/outbound/India_Ahmedabad_Mirana_AssemblyLine_001_072.mp4,s3://humyn-data-partners-prod/visionlab/visionlab/outbound/India_Ahmedabad_Mirana_AssemblyLine_001_072.mp4,695342033,2026-06-13 17:36:12
visionlab/visionlab/outbound/India_Ahmedabad_Mirana_AssemblyLine_001_073.mp4,s3://humyn-data-partners-prod/visionlab/visionlab/outbound/India_Ahmedabad_Mirana_AssemblyLine_001_073.mp4,400154152,2026-06-13 17:36:12
visionlab/visionlab/outbound/India_Ahmedabad_Mirana_AssemblyLine_001_074.mp4,s3://humyn-data-partners-prod/visionlab/visionlab/outbound/India_Ahmedabad_Mirana_AssemblyLine_001_074.mp4,482008592,2026-06-13 17:36:12
visionlab/visionlab/outbound/India_Ahmedabad_Mirana_AssemblyLine_001_075.mp4,s3://humyn-data-partners-prod/visionlab/visionlab/outbound/India_Ahmedabad_Mirana_AssemblyLine_001_075.mp4,464922837,2026-06-13 17:36:12
visionlab/visionlab/outbound/India_Ahmedabad_Mirana_AssemblyLine_001_076.mp4,s3://humyn-data-partners-prod/visionlab/visionlab/outbound/India_Ahmedabad_Mirana_AssemblyLine_001_076.mp4,399783922,2026-06-13 17:36:13
visionlab/visionlab/outbound/India_Ahmedabad_Mirana_AssemblyLine_001_077.mp4,s3://humyn-data-partners-prod/visionlab/visionlab/outbound/India_Ahmedabad_Mirana_AssemblyLine_001_077.mp4,443408284,2026-06-13 17:36:13
visionlab/visionlab/outbound/India_Ahmedabad_Mirana_AssemblyLine_001_078.mp4,s3://humyn-data-partners-prod/visionlab/visionlab/outbound/India_Ahmedabad_Mirana_AssemblyLine_001_078.mp4,462761449,2026-06-13 17:36:13
visionlab/visionlab/outbound/India_Ahmedabad_Mirana_AssemblyLine_001_079.mp4,s3://humyn-data-partners-prod/visionlab/visionlab/outbound/India_Ahmedabad_Mirana_AssemblyLine_001_079.mp4,441524544,2026-06-13 17:36:13
visionlab/visionlab/outbound/India_Ahmedabad_Mirana_AssemblyLine_001_080.mp4,s3://humyn-data-partners-prod/visionlab/visionlab/outbound/India_Ahmedabad_Mirana_AssemblyLine_001_080.mp4,636510677,2026-06-13 17:36:13
visionlab/visionlab/outbound/India_Ahmedabad_Mirana_AssemblyLine_001_081.mp4,s3://humyn-data-partners-prod/visionlab/visionlab/outbound/India_Ahmedabad_Mirana_AssemblyLine_001_081.mp4,564702116,2026-06-13 17:36:13
visionlab/visionlab/outbound/India_Ahmedabad_Mirana_AssemblyLine_001_082.mp4,s3://humyn-data-partners-prod/visionlab/visionlab/outbound/India_Ahmedabad_Mirana_AssemblyLine_001_082.mp4,468689188,2026-06-13 17:36:13
visionlab/visionlab/outbound/India_Ahmedabad_Mirana_AssemblyLine_001_083.mp4,s3://humyn-data-partners-prod/visionlab/visionlab/outbound/India_Ahmedabad_Mirana_AssemblyLine_001_083.mp4,499591659,2026-06-13 17:36:14
visionlab/visionlab/outbound/India_Ahmedabad_Mirana_AssemblyLine_001_084.mp4,s3://humyn-data-partners-prod/visionlab/visionlab/outbound/India_Ahmedabad_Mirana_AssemblyLine_001_084.mp4,567559082,2026-06-13 17:36:14
visionlab/visionlab/outbound/India_Ahmedabad_Mirana_AssemblyLine_001_085.mp4,s3://humyn-data-partners-prod/visionlab/visionlab/outbound/India_Ahmedabad_Mirana_AssemblyLine_001_085.mp4,604703106,2026-06-13 17:36:14
visionlab/visionlab/outbound/India_Ahmedabad_Mirana_AssemblyLine_001_086.mp4,s3://humyn-data-partners-prod/visionlab/visionlab/outbound/India_Ahmedabad_Mirana_AssemblyLine_001_086.mp4,417501118,2026-06-13 17:36:15
visionlab/visionlab/outbound/India_Ahmedabad_Mirana_AssemblyLine_001_087.mp4,s3://humyn-data-partners-prod/visionlab/visionlab/outbound/India_Ahmedabad_Mirana_AssemblyLine_001_087.mp4,445188480,2026-06-13 17:36:15
visionlab/visionlab/outbound/India_Ahmedabad_Mirana_AssemblyLine_001_088.mp4,s3://humyn-data-partners-prod/visionlab/visionlab/outbound/India_Ahmedabad_Mirana_AssemblyLine_001_088.mp4,516493101,2026-06-13 17:36:15
visionlab/visionlab/outbound/India_Ahmedabad_Mirana_AssemblyLine_001_089.mp4,s3://humyn-data-partners-prod/visionlab/visionlab/outbound/India_Ahmedabad_Mirana_AssemblyLine_001_089.mp4,493773617,2026-06-13 17:36:15
visionlab/visionlab/outbound/India_Ahmedabad_Mirana_AssemblyLine_001_090.mp4,s3://humyn-data-partners-prod/visionlab/visionlab/outbound/India_Ahmedabad_Mirana_AssemblyLine_001_090.mp4,460067169,2026-06-13 17:36:16
visionlab/visionlab/outbound/India_Ahmedabad_Mirana_AssemblyLine_001_091.mp4,s3://humyn-data-partners-prod/visionlab/visionlab/outbound/India_Ahmedabad_Mirana_AssemblyLine_001_091.mp4,459532569,2026-06-13 17:36:16
visionlab/visionlab/outbound/India_Ahmedabad_Mirana_AssemblyLine_001_092.mp4,s3://humyn-data-partners-prod/visionlab/visionlab/outbound/India_Ahmedabad_Mirana_AssemblyLine_001_092.mp4,165331311,2026-06-13 17:36:16
visionlab/visionlab/outbound/India_Ahmedabad_Mirana_AssemblyLine_001_093.mp4,s3://humyn-data-partners-prod/visionlab/visionlab/outbound/India_Ahmedabad_Mirana_AssemblyLine_001_093.mp4,559414773,2026-06-13 17:36:16
visionlab/visionlab/outbound/India_Ahmedabad_Mirana_AssemblyLine_001_094.mp4,s3://humyn-data-partners-prod/visionlab/visionlab/outbound/India_Ahmedabad_Mirana_AssemblyLine_001_094.mp4,326017677,2026-06-13 17:36:17
visionlab/visionlab/outbound/India_Ahmedabad_Mirana_AssemblyLine_001_095.mp4,s3://humyn-data-partners-prod/visionlab/visionlab/outbound/India_Ahmedabad_Mirana_AssemblyLine_001_095.mp4,378076214,2026-06-13 17:36:17
visionlab/visionlab/outbound/India_Ahmedabad_Mirana_AssemblyLine_001_096.mp4,s3://humyn-data-partners-prod/visionlab/visionlab/outbound/India_Ahmedabad_Mirana_AssemblyLine_001_096.mp4,466341288,2026-06-13 17:36:17
visionlab/visionlab/outbound/India_Ahmedabad_Mirana_AssemblyLine_001_097.mp4,s3://humyn-data-partners-prod/visionlab/visionlab/outbound/India_Ahmedabad_Mirana_AssemblyLine_001_097.mp4,448559548,2026-06-13 17:36:18
visionlab/visionlab/outbound/India_Ahmedabad_Mirana_AssemblyLine_001_098.mp4,s3://humyn-data-partners-prod/visionlab/visionlab/outbound/India_Ahmedabad_Mirana_AssemblyLine_001_098.mp4,441039371,2026-06-13 17:36:19
visionlab/visionlab/outbound/India_Ahmedabad_Mirana_AssemblyLine_001_099.mp4,s3://humyn-data-partners-prod/visionlab/visionlab/outbound/India_Ahmedabad_Mirana_AssemblyLine_001_099.mp4,436476895,2026-06-13 17:36:19
visionlab/visionlab/outbound/India_Ahmedabad_Mirana_AssemblyLine_001_100.mp4,s3://humyn-data-partners-prod/visionlab/visionlab/outbound/India_Ahmedabad_Mirana_AssemblyLine_001_100.mp4,361560780,2026-06-13 17:36:19
visionlab/visionlab/outbound/India_Ahmedabad_Mirana_AssemblyLine_001_101.mp4,s3://humyn-data-partners-prod/visionlab/visionlab/outbound/India_Ahmedabad_Mirana_AssemblyLine_001_101.mp4,517162031,2026-06-13 17:36:19
visionlab/visionlab/outbound/India_Ahmedabad_Mirana_AssemblyLine_001_102.mp4,s3://humyn-data-partners-prod/visionlab/visionlab/outbound/India_Ahmedabad_Mirana_AssemblyLine_001_102.mp4,400310354,2026-06-13 17:36:19
visionlab/visionlab/outbound/India_Ahmedabad_Mirana_AssemblyLine_001_103.mp4,s3://humyn-data-partners-prod/visionlab/visionlab/outbound/India_Ahmedabad_Mirana_AssemblyLine_001_103.mp4,425405426,2026-06-13 17:36:20
visionlab/visionlab/outbound/India_Ahmedabad_Mirana_AssemblyLine_001_104.mp4,s3://humyn-data-partners-prod/visionlab/visionlab/outbound/India_Ahmedabad_Mirana_AssemblyLine_001_104.mp4,430978756,2026-06-13 17:36:20
visionlab/visionlab/outbound/India_Ahmedabad_Mirana_AssemblyLine_001_105.mp4,s3://humyn-data-partners-prod/visionlab/visionlab/outbound/India_Ahmedabad_Mirana_AssemblyLine_001_105.mp4,399671351,2026-06-13 17:36:20
visionlab/visionlab/outbound/India_Ahmedabad_Mirana_AssemblyLine_001_106.mp4,s3://humyn-data-partners-prod/visionlab/visionlab/outbound/India_Ahmedabad_Mirana_AssemblyLine_001_106.mp4,325746193,2026-06-13 17:36:20
visionlab/visionlab/outbound/India_Ahmedabad_Mirana_AssemblyLine_001_107.mp4,s3://humyn-data-partners-prod/visionlab/visionlab/outbound/India_Ahmedabad_Mirana_AssemblyLine_001_107.mp4,186986947,2026-06-13 17:36:20
visionlab/visionlab/outbound/India_Ahmedabad_Mirana_AssemblyLine_001_108.mp4,s3://humyn-data-partners-prod/visionlab/visionlab/outbound/India_Ahmedabad_Mirana_AssemblyLine_001_108.mp4,514101440,2026-06-13 17:36:20
visionlab/visionlab/outbound/India_Ahmedabad_Mirana_AssemblyLine_001_109.mp4,s3://humyn-data-partners-prod/visionlab/visionlab/outbound/India_Ahmedabad_Mirana_AssemblyLine_001_109.mp4,387841578,2026-06-13 17:36:21
visionlab/visionlab/outbound/India_Ahmedabad_Mirana_AssemblyLine_001_110.mp4,s3://humyn-data-partners-prod/visionlab/visionlab/outbound/India_Ahmedabad_Mirana_AssemblyLine_001_110.mp4,443383675,2026-06-13 17:36:21
visionlab/visionlab/outbound/India_Ahmedabad_Mirana_AssemblyLine_001_111.mp4,s3://humyn-data-partners-prod/visionlab/visionlab/outbound/India_Ahmedabad_Mirana_AssemblyLine_001_111.mp4,474478378,2026-06-13 17:36:21
visionlab/visionlab/outbound/India_Ahmedabad_Mirana_AssemblyLine_001_112.mp4,s3://humyn-data-partners-prod/visionlab/visionlab/outbound/India_Ahmedabad_Mirana_AssemblyLine_001_112.mp4,352245854,2026-06-13 17:36:23
visionlab/visionlab/outbound/India_Ahmedabad_Mirana_AssemblyLine_001_113.mp4,s3://humyn-data-partners-prod/visionlab/visionlab/outbound/India_Ahmedabad_Mirana_AssemblyLine_001_113.mp4,446709050,2026-06-13 17:36:23
visionlab/visionlab/outbound/India_Ahmedabad_Mirana_AssemblyLine_001_114.mp4,s3://humyn-data-partners-prod/visionlab/visionlab/outbound/India_Ahmedabad_Mirana_AssemblyLine_001_114.mp4,425182553,2026-06-13 17:36:24
visionlab/visionlab/outbound/India_Ahmedabad_Mirana_AssemblyLine_001_115.mp4,s3://humyn-data-partners-prod/visionlab/visionlab/outbound/India_Ahmedabad_Mirana_AssemblyLine_001_115.mp4,484089055,2026-06-13 17:36:24
visionlab/visionlab/outbound/India_Ahmedabad_Mirana_AssemblyLine_001_116.mp4,s3://humyn-data-partners-prod/visionlab/visionlab/outbound/India_Ahmedabad_Mirana_AssemblyLine_001_116.mp4,485885150,2026-06-13 17:36:24
visionlab/visionlab/outbound/India_Ahmedabad_Mirana_AssemblyLine_001_117.mp4,s3://humyn-data-partners-prod/visionlab/visionlab/outbound/India_Ahmedabad_Mirana_AssemblyLine_001_117.mp4,502543620,2026-06-13 17:36:24
visionlab/visionlab/outbound/India_Ahmedabad_Mirana_AssemblyLine_001_118.mp4,s3://humyn-data-partners-prod/visionlab/visionlab/outbound/India_Ahmedabad_Mirana_AssemblyLine_001_118.mp4,361381613,2026-06-13 17:36:24
visionlab/visionlab/outbound/India_Ahmedabad_Mirana_AssemblyLine_001_119.mp4,s3://humyn-data-partners-prod/visionlab/visionlab/outbound/India_Ahmedabad_Mirana_AssemblyLine_001_119.mp4,360906112,2026-06-13 17:36:24
visionlab/visionlab/outbound/India_Ahmedabad_Mirana_AssemblyLine_001_120.mp4,s3://humyn-data-partners-prod/visionlab/visionlab/outbound/India_Ahmedabad_Mirana_AssemblyLine_001_120.mp4,417016146,2026-06-13 17:36:24
visionlab/visionlab/outbound/India_Ahmedabad_Mirana_AssemblyLine_001_121.mp4,s3://humyn-data-partners-prod/visionlab/visionlab/outbound/India_Ahmedabad_Mirana_AssemblyLine_001_121.mp4,492939456,2026-06-13 17:36:24
visionlab/visionlab/outbound/India_Ahmedabad_Mirana_AssemblyLine_001_122.mp4,s3://humyn-data-partners-prod/visionlab/visionlab/outbound/India_Ahmedabad_Mirana_AssemblyLine_001_122.mp4,491762756,2026-06-13 17:36:25
visionlab/visionlab/outbound/India_Ahmedabad_Mirana_AssemblyLine_001_123.mp4,s3://humyn-data-partners-prod/visionlab/visionlab/outbound/India_Ahmedabad_Mirana_AssemblyLine_001_123.mp4,505762187,2026-06-13 17:36:25
visionlab/visionlab/outbound/India_Ahmedabad_Mirana_AssemblyLine_001_124.mp4,s3://humyn-data-partners-prod/visionlab/visionlab/outbound/India_Ahmedabad_Mirana_AssemblyLine_001_124.mp4,1469183494,2026-06-13 17:36:25
visionlab/visionlab/outbound/India_Ahmedabad_Mirana_AssemblyLine_001_125.mp4,s3://humyn-data-partners-prod/visionlab/visionlab/outbound/India_Ahmedabad_Mirana_AssemblyLine_001_125.mp4,465013280,2026-06-13 17:36:26
visionlab/visionlab/outbound/India_Ahmedabad_Mirana_AssemblyLine_001_126.mp4,s3://humyn-data-partners-prod/visionlab/visionlab/outbound/India_Ahmedabad_Mirana_AssemblyLine_001_126.mp4,560545542,2026-06-13 17:36:26
visionlab/visionlab/outbound/India_Ahmedabad_Mirana_AssemblyLine_001_127.mp4,s3://humyn-data-partners-prod/visionlab/visionlab/outbound/India_Ahmedabad_Mirana_AssemblyLine_001_127.mp4,471871225,2026-06-13 17:36:26
visionlab/visionlab/outbound/India_Ahmedabad_Mirana_AssemblyLine_001_128.mp4,s3://humyn-data-partners-prod/visionlab/visionlab/outbound/India_Ahmedabad_Mirana_AssemblyLine_001_128.mp4,459072879,2026-06-13 17:36:26
visionlab/visionlab/outbound/India_Ahmedabad_Mirana_AssemblyLine_001_129.mp4,s3://humyn-data-partners-prod/visionlab/visionlab/outbound/India_Ahmedabad_Mirana_AssemblyLine_001_129.mp4,538232320,2026-06-13 17:36:27
visionlab/visionlab/outbound/India_Ahmedabad_Mirana_AssemblyLine_001_130.mp4,s3://humyn-data-partners-prod/visionlab/visionlab/outbound/India_Ahmedabad_Mirana_AssemblyLine_001_130.mp4,448851907,2026-06-13 17:36:27
visionlab/visionlab/outbound/India_Ahmedabad_Mirana_AssemblyLine_001_131.mp4,s3://humyn-data-partners-prod/visionlab/visionlab/outbound/India_Ahmedabad_Mirana_AssemblyLine_001_131.mp4,532117543,2026-06-13 17:36:27
visionlab/visionlab/outbound/India_Ahmedabad_Mirana_AssemblyLine_001_132.mp4,s3://humyn-data-partners-prod/visionlab/visionlab/outbound/India_Ahmedabad_Mirana_AssemblyLine_001_132.mp4,521896424,2026-06-13 17:36:27
visionlab/visionlab/outbound/India_Ahmedabad_Mirana_AssemblyLine_001_133.mp4,s3://humyn-data-partners-prod/visionlab/visionlab/outbound/India_Ahmedabad_Mirana_AssemblyLine_001_133.mp4,358869898,2026-06-13 17:36:27
visionlab/visionlab/outbound/India_Ahmedabad_Mirana_AssemblyLine_001_134.mp4,s3://humyn-data-partners-prod/visionlab/visionlab/outbound/India_Ahmedabad_Mirana_AssemblyLine_001_134.mp4,556147670,2026-06-13 17:36:27
visionlab/visionlab/outbound/India_Ahmedabad_Mirana_AssemblyLine_001_135.mp4,s3://humyn-data-partners-prod/visionlab/visionlab/outbound/India_Ahmedabad_Mirana_AssemblyLine_001_135.mp4,686346542,2026-06-13 17:36:27
visionlab/visionlab/outbound/India_Ahmedabad_Mirana_AssemblyLine_001_136.mp4,s3://humyn-data-partners-prod/visionlab/visionlab/outbound/India_Ahmedabad_Mirana_AssemblyLine_001_136.mp4,695560621,2026-06-13 17:36:28
visionlab/visionlab/outbound/India_Ahmedabad_Mirana_AssemblyLine_001_137.mp4,s3://humyn-data-partners-prod/visionlab/visionlab/outbound/India_Ahmedabad_Mirana_AssemblyLine_001_137.mp4,242762823,2026-06-13 17:36:28
visionlab/visionlab/outbound/India_Ahmedabad_Mirana_AssemblyLine_001_138.mp4,s3://humyn-data-partners-prod/visionlab/visionlab/outbound/India_Ahmedabad_Mirana_AssemblyLine_001_138.mp4,201975740,2026-06-13 17:36:28
visionlab/visionlab/outbound/India_Ahmedabad_Mirana_AssemblyLine_001_139.mp4,s3://humyn-data-partners-prod/visionlab/visionlab/outbound/India_Ahmedabad_Mirana_AssemblyLine_001_139.mp4,547548598,2026-06-13 17:36:28
visionlab/visionlab/outbound/India_Ahmedabad_Mirana_AssemblyLine_001_140.mp4,s3://humyn-data-partners-prod/visionlab/visionlab/outbound/India_Ahmedabad_Mirana_AssemblyLine_001_140.mp4,654211020,2026-06-13 17:36:28
visionlab/visionlab/outbound/India_Ahmedabad_Mirana_AssemblyLine_001_141.mp4,s3://humyn-data-partners-prod/visionlab/visionlab/outbound/India_Ahmedabad_Mirana_AssemblyLine_001_141.mp4,499102803,2026-06-13 17:36:29
visionlab/visionlab/outbound/India_Ahmedabad_Mirana_AssemblyLine_001_142.mp4,s3://humyn-data-partners-prod/visionlab/visionlab/outbound/India_Ahmedabad_Mirana_AssemblyLine_001_142.mp4,462038747,2026-06-13 17:36:30
visionlab/visionlab/outbound/India_Ahmedabad_Mirana_AssemblyLine_001_143.mp4,s3://humyn-data-partners-prod/visionlab/visionlab/outbound/India_Ahmedabad_Mirana_AssemblyLine_001_143.mp4,710390271,2026-06-13 17:36:30
visionlab/visionlab/outbound/India_Ahmedabad_Mirana_AssemblyLine_001_144.mp4,s3://humyn-data-partners-prod/visionlab/visionlab/outbound/India_Ahmedabad_Mirana_AssemblyLine_001_144.mp4,650872076,2026-06-13 17:36:30
visionlab/visionlab/outbound/India_Ahmedabad_Mirana_AssemblyLine_001_145.mp4,s3://humyn-data-partners-prod/visionlab/visionlab/outbound/India_Ahmedabad_Mirana_AssemblyLine_001_145.mp4,558688358,2026-06-13 17:36:31
visionlab/visionlab/outbound/India_Ahmedabad_Mirana_AssemblyLine_001_146.mp4,s3://humyn-data-partners-prod/visionlab/visionlab/outbound/India_Ahmedabad_Mirana_AssemblyLine_001_146.mp4,685769358,2026-06-13 17:36:31
visionlab/visionlab/outbound/India_Ahmedabad_Mirana_AssemblyLine_001_147.mp4,s3://humyn-data-partners-prod/visionlab/visionlab/outbound/India_Ahmedabad_Mirana_AssemblyLine_001_147.mp4,626481800,2026-06-13 17:36:32
visionlab/visionlab/outbound/India_Ahmedabad_Mirana_AssemblyLine_001_148.mp4,s3://humyn-data-partners-prod/visionlab/visionlab/outbound/India_Ahmedabad_Mirana_AssemblyLine_001_148.mp4,490135412,2026-06-13 17:36:32
visionlab/visionlab/outbound/India_Ahmedabad_Mirana_AssemblyLine_001_149.mp4,s3://humyn-data-partners-prod/visionlab/visionlab/outbound/India_Ahmedabad_Mirana_AssemblyLine_001_149.mp4,460732969,2026-06-13 17:36:32
visionlab/visionlab/outbound/India_Ahmedabad_Mirana_AssemblyLine_001_150.mp4,s3://humyn-data-partners-prod/visionlab/visionlab/outbound/India_Ahmedabad_Mirana_AssemblyLine_001_150.mp4,506208418,2026-06-13 17:36:32
visionlab/visionlab/outbound/India_Ahmedabad_Mirana_AssemblyLine_001_151.mp4,s3://humyn-data-partners-prod/visionlab/visionlab/outbound/India_Ahmedabad_Mirana_AssemblyLine_001_151.mp4,419283763,2026-06-13 17:36:33
visionlab/visionlab/outbound/India_Ahmedabad_Mirana_AssemblyLine_001_152.mp4,s3://humyn-data-partners-prod/visionlab/visionlab/outbound/India_Ahmedabad_Mirana_AssemblyLine_001_152.mp4,587742431,2026-06-13 17:36:33
visionlab/visionlab/outbound/India_Ahmedabad_Mirana_AssemblyLine_001_153.mp4,s3://humyn-data-partners-prod/visionlab/visionlab/outbound/India_Ahmedabad_Mirana_AssemblyLine_001_153.mp4,548739204,2026-06-13 17:36:33
visionlab/visionlab/outbound/India_Ahmedabad_Mirana_AssemblyLine_001_154.mp4,s3://humyn-data-partners-prod/visionlab/visionlab/outbound/India_Ahmedabad_Mirana_AssemblyLine_001_154.mp4,584827041,2026-06-13 17:36:33
visionlab/visionlab/outbound/India_Ahmedabad_Mirana_AssemblyLine_001_155.mp4,s3://humyn-data-partners-prod/visionlab/visionlab/outbound/India_Ahmedabad_Mirana_AssemblyLine_001_155.mp4,626449346,2026-06-13 17:36:33
visionlab/visionlab/outbound/India_Ahmedabad_Mirana_AssemblyLine_001_156.mp4,s3://humyn-data-partners-prod/visionlab/visionlab/outbound/India_Ahmedabad_Mirana_AssemblyLine_001_156.mp4,453237313,2026-06-13 17:36:33
visionlab/visionlab/outbound/India_Ahmedabad_Mirana_AssemblyLine_001_157.mp4,s3://humyn-data-partners-prod/visionlab/visionlab/outbound/India_Ahmedabad_Mirana_AssemblyLine_001_157.mp4,475448353,2026-06-13 17:36:35
visionlab/visionlab/outbound/India_Ahmedabad_Mirana_AssemblyLine_001_158.mp4,s3://humyn-data-partners-prod/visionlab/visionlab/outbound/India_Ahmedabad_Mirana_AssemblyLine_001_158.mp4,497540204,2026-06-13 17:36:36
visionlab/visionlab/outbound/India_Ahmedabad_Mirana_AssemblyLine_001_159.mp4,s3://humyn-data-partners-prod/visionlab/visionlab/outbound/India_Ahmedabad_Mirana_AssemblyLine_001_159.mp4,496359700,2026-06-13 17:36:36
visionlab/visionlab/outbound/India_Ahmedabad_Mirana_AssemblyLine_001_160.mp4,s3://humyn-data-partners-prod/visionlab/visionlab/outbound/India_Ahmedabad_Mirana_AssemblyLine_001_160.mp4,465275942,2026-06-13 17:36:36
visionlab/visionlab/outbound/India_Ahmedabad_Mirana_AssemblyLine_001_161.mp4,s3://humyn-data-partners-prod/visionlab/visionlab/outbound/India_Ahmedabad_Mirana_AssemblyLine_001_161.mp4,482534113,2026-06-13 17:36:36
visionlab/visionlab/outbound/India_Ahmedabad_Mirana_AssemblyLine_001_162.mp4,s3://humyn-data-partners-prod/visionlab/visionlab/outbound/India_Ahmedabad_Mirana_AssemblyLine_001_162.mp4,450496366,2026-06-13 17:36:37
visionlab/visionlab/outbound/India_Ahmedabad_Mirana_AssemblyLine_001_163.mp4,s3://humyn-data-partners-prod/visionlab/visionlab/outbound/India_Ahmedabad_Mirana_AssemblyLine_001_163.mp4,451644325,2026-06-13 17:36:37
visionlab/visionlab/outbound/India_Ahmedabad_Mirana_AssemblyLine_001_164.mp4,s3://humyn-data-partners-prod/visionlab/visionlab/outbound/India_Ahmedabad_Mirana_AssemblyLine_001_164.mp4,512717688,2026-06-13 17:36:38
visionlab/visionlab/outbound/India_Ahmedabad_Mirana_AssemblyLine_001_165.mp4,s3://humyn-data-partners-prod/visionlab/visionlab/outbound/India_Ahmedabad_Mirana_AssemblyLine_001_165.mp4,595927441,2026-06-13 17:36:38
visionlab/visionlab/outbound/India_Ahmedabad_Mirana_AssemblyLine_001_166.mp4,s3://humyn-data-partners-prod/visionlab/visionlab/outbound/India_Ahmedabad_Mirana_AssemblyLine_001_166.mp4,364612743,2026-06-13 17:36:38
visionlab/visionlab/outbound/India_Ahmedabad_Mirana_AssemblyLine_001_167.mp4,s3://humyn-data-partners-prod/visionlab/visionlab/outbound/India_Ahmedabad_Mirana_AssemblyLine_001_167.mp4,530717774,2026-06-13 17:36:38
visionlab/visionlab/outbound/India_Ahmedabad_Mirana_AssemblyLine_001_168.mp4,s3://humyn-data-partners-prod/visionlab/visionlab/outbound/India_Ahmedabad_Mirana_AssemblyLine_001_168.mp4,511027698,2026-06-13 17:36:38
visionlab/visionlab/outbound/India_Ahmedabad_Mirana_AssemblyLine_001_169.mp4,s3://humyn-data-partners-prod/visionlab/visionlab/outbound/India_Ahmedabad_Mirana_AssemblyLine_001_169.mp4,396701515,2026-06-13 17:36:40
visionlab/visionlab/outbound/India_Ahmedabad_Mirana_AssemblyLine_001_170.mp4,s3://humyn-data-partners-prod/visionlab/visionlab/outbound/India_Ahmedabad_Mirana_AssemblyLine_001_170.mp4,346003749,2026-06-13 17:36:40
visionlab/visionlab/outbound/India_Ahmedabad_Mirana_AssemblyLine_001_171.mp4,s3://humyn-data-partners-prod/visionlab/visionlab/outbound/India_Ahmedabad_Mirana_AssemblyLine_001_171.mp4,565725458,2026-06-13 17:36:40
visionlab/visionlab/outbound/India_Ahmedabad_Mirana_AssemblyLine_001_172.mp4,s3://humyn-data-partners-prod/visionlab/visionlab/outbound/India_Ahmedabad_Mirana_AssemblyLine_001_172.mp4,630180310,2026-06-13 17:36:40
visionlab/visionlab/outbound/India_Ahmedabad_Mirana_AssemblyLine_001_173.mp4,s3://humyn-data-partners-prod/visionlab/visionlab/outbound/India_Ahmedabad_Mirana_AssemblyLine_001_173.mp4,421481469,2026-06-13 17:36:40
visionlab/visionlab/outbound/India_Ahmedabad_Mirana_AssemblyLine_001_174.mp4,s3://humyn-data-partners-prod/visionlab/visionlab/outbound/India_Ahmedabad_Mirana_AssemblyLine_001_174.mp4,563676883,2026-06-13 17:36:40
visionlab/visionlab/outbound/India_Ahmedabad_Mirana_AssemblyLine_001_175.mp4,s3://humyn-data-partners-prod/visionlab/visionlab/outbound/India_Ahmedabad_Mirana_AssemblyLine_001_175.mp4,447503581,2026-06-13 17:36:40
visionlab/visionlab/outbound/India_Ahmedabad_Mirana_AssemblyLine_001_176.mp4,s3://humyn-data-partners-prod/visionlab/visionlab/outbound/India_Ahmedabad_Mirana_AssemblyLine_001_176.mp4,479205906,2026-06-13 17:36:41
visionlab/visionlab/outbound/India_Ahmedabad_Mirana_AssemblyLine_001_177.mp4,s3://humyn-data-partners-prod/visionlab/visionlab/outbound/India_Ahmedabad_Mirana_AssemblyLine_001_177.mp4,500235023,2026-06-13 17:36:41
visionlab/visionlab/outbound/India_Ahmedabad_Mirana_AssemblyLine_001_178.mp4,s3://humyn-data-partners-prod/visionlab/visionlab/outbound/India_Ahmedabad_Mirana_AssemblyLine_001_178.mp4,502897184,2026-06-13 17:36:42
visionlab/visionlab/outbound/India_Ahmedabad_Mirana_AssemblyLine_001_179.mp4,s3://humyn-data-partners-prod/visionlab/visionlab/outbound/India_Ahmedabad_Mirana_AssemblyLine_001_179.mp4,625678247,2026-06-13 17:36:42
visionlab/visionlab/outbound/India_Ahmedabad_Mirana_AssemblyLine_001_180.mp4,s3://humyn-data-partners-prod/visionlab/visionlab/outbound/India_Ahmedabad_Mirana_AssemblyLine_001_180.mp4,433877705,2026-06-13 17:36:42
visionlab/visionlab/outbound/India_Ahmedabad_Mirana_AssemblyLine_001_181.mp4,s3://humyn-data-partners-prod/visionlab/visionlab/outbound/India_Ahmedabad_Mirana_AssemblyLine_001_181.mp4,457377305,2026-06-13 17:36:42
visionlab/visionlab/outbound/India_Ahmedabad_Mirana_AssemblyLine_001_182.mp4,s3://humyn-data-partners-prod/visionlab/visionlab/outbound/India_Ahmedabad_Mirana_AssemblyLine_001_182.mp4,513778980,2026-06-13 17:36:43
visionlab/visionlab/outbound/India_Ahmedabad_Mirana_AssemblyLine_001_183.mp4,s3://humyn-data-partners-prod/visionlab/visionlab/outbound/India_Ahmedabad_Mirana_AssemblyLine_001_183.mp4,455996093,2026-06-13 17:36:43
visionlab/visionlab/outbound/India_Ahmedabad_Mirana_AssemblyLine_001_184.mp4,s3://humyn-data-partners-prod/visionlab/visionlab/outbound/India_Ahmedabad_Mirana_AssemblyLine_001_184.mp4,422186998,2026-06-13 17:36:43
visionlab/visionlab/outbound/India_Ahmedabad_Mirana_AssemblyLine_001_185.mp4,s3://humyn-data-partners-prod/visionlab/visionlab/outbound/India_Ahmedabad_Mirana_AssemblyLine_001_185.mp4,390683989,2026-06-13 17:36:43
visionlab/visionlab/outbound/India_Ahmedabad_Mirana_AssemblyLine_001_186.mp4,s3://humyn-data-partners-prod/visionlab/visionlab/outbound/India_Ahmedabad_Mirana_AssemblyLine_001_186.mp4,310679867,2026-06-13 17:36:43
visionlab/visionlab/outbound/India_Ahmedabad_Mirana_AssemblyLine_001_187.mp4,s3://humyn-data-partners-prod/visionlab/visionlab/outbound/India_Ahmedabad_Mirana_AssemblyLine_001_187.mp4,472602641,2026-06-13 17:36:43
visionlab/visionlab/outbound/India_Ahmedabad_Mirana_AssemblyLine_001_188.mp4,s3://humyn-data-partners-prod/visionlab/visionlab/outbound/India_Ahmedabad_Mirana_AssemblyLine_001_188.mp4,572958164,2026-06-13 17:36:44
visionlab/visionlab/outbound/India_Ahmedabad_Mirana_AssemblyLine_001_189.mp4,s3://humyn-data-partners-prod/visionlab/visionlab/outbound/India_Ahmedabad_Mirana_AssemblyLine_001_189.mp4,473242593,2026-06-13 17:36:44
visionlab/visionlab/outbound/India_Ahmedabad_Mirana_AssemblyLine_001_190.mp4,s3://humyn-data-partners-prod/visionlab/visionlab/outbound/India_Ahmedabad_Mirana_AssemblyLine_001_190.mp4,304086114,2026-06-13 17:36:44
visionlab/visionlab/outbound/India_Ahmedabad_Mirana_AssemblyLine_001_191.mp4,s3://humyn-data-partners-prod/visionlab/visionlab/outbound/India_Ahmedabad_Mirana_AssemblyLine_001_191.mp4,663378720,2026-06-13 17:36:45
visionlab/visionlab/outbound/India_Ahmedabad_Mirana_AssemblyLine_001_192.mp4,s3://humyn-data-partners-prod/visionlab/visionlab/outbound/India_Ahmedabad_Mirana_AssemblyLine_001_192.mp4,647460851,2026-06-13 17:36:45
visionlab/visionlab/outbound/India_Ahmedabad_Mirana_AssemblyLine_001_193.mp4,s3://humyn-data-partners-prod/visionlab/visionlab/outbound/India_Ahmedabad_Mirana_AssemblyLine_001_193.mp4,627897925,2026-06-13 17:36:45
visionlab/visionlab/outbound/India_Ahmedabad_Mirana_AssemblyLine_001_194.mp4,s3://humyn-data-partners-prod/visionlab/visionlab/outbound/India_Ahmedabad_Mirana_AssemblyLine_001_194.mp4,469118453,2026-06-13 17:36:46
visionlab/visionlab/outbound/India_Ahmedabad_Mirana_AssemblyLine_001_195.mp4,s3://humyn-data-partners-prod/visionlab/visionlab/outbound/India_Ahmedabad_Mirana_AssemblyLine_001_195.mp4,511560783,2026-06-13 17:36:46
visionlab/visionlab/outbound/India_Ahmedabad_Mirana_AssemblyLine_001_196.mp4,s3://humyn-data-partners-prod/visionlab/visionlab/outbound/India_Ahmedabad_Mirana_AssemblyLine_001_196.mp4,549836511,2026-06-13 17:36:47
visionlab/visionlab/outbound/India_Ahmedabad_Mirana_AssemblyLine_001_197.mp4,s3://humyn-data-partners-prod/visionlab/visionlab/outbound/India_Ahmedabad_Mirana_AssemblyLine_001_197.mp4,607482973,2026-06-13 17:36:47
visionlab/visionlab/outbound/India_Ahmedabad_Mirana_AssemblyLine_001_198.mp4,s3://humyn-data-partners-prod/visionlab/visionlab/outbound/India_Ahmedabad_Mirana_AssemblyLine_001_198.mp4,498239976,2026-06-13 17:36:48
visionlab/visionlab/outbound/India_Ahmedabad_Mirana_AssemblyLine_001_199.mp4,s3://humyn-data-partners-prod/visionlab/visionlab/outbound/India_Ahmedabad_Mirana_AssemblyLine_001_199.mp4,562662041,2026-06-13 17:36:49
visionlab/visionlab/outbound/India_Ahmedabad_Mirana_AssemblyLine_001_200.mp4,s3://humyn-data-partners-prod/visionlab/visionlab/outbound/India_Ahmedabad_Mirana_AssemblyLine_001_200.mp4,632722911,2026-06-13 17:36:49
visionlab/visionlab/outbound/India_Ahmedabad_Mirana_AssemblyLine_001_201.mp4,s3://humyn-data-partners-prod/visionlab/visionlab/outbound/India_Ahmedabad_Mirana_AssemblyLine_001_201.mp4,772120094,2026-06-13 17:36:49
visionlab/visionlab/outbound/India_Ahmedabad_Mirana_AssemblyLine_001_202.mp4,s3://humyn-data-partners-prod/visionlab/visionlab/outbound/India_Ahmedabad_Mirana_AssemblyLine_001_202.mp4,541286124,2026-06-13 17:36:49
visionlab/visionlab/outbound/India_Ahmedabad_Mirana_AssemblyLine_001_203.mp4,s3://humyn-data-partners-prod/visionlab/visionlab/outbound/India_Ahmedabad_Mirana_AssemblyLine_001_203.mp4,497652511,2026-06-13 17:36:50
visionlab/visionlab/outbound/India_Ahmedabad_Mirana_AssemblyLine_001_204.mp4,s3://humyn-data-partners-prod/visionlab/visionlab/outbound/India_Ahmedabad_Mirana_AssemblyLine_001_204.mp4,714720757,2026-06-13 17:36:50
visionlab/visionlab/outbound/India_Ahmedabad_Mirana_AssemblyLine_001_205.mp4,s3://humyn-data-partners-prod/visionlab/visionlab/outbound/India_Ahmedabad_Mirana_AssemblyLine_001_205.mp4,557385226,2026-06-13 17:36:50
visionlab/visionlab/outbound/India_Ahmedabad_Mirana_AssemblyLine_001_206.mp4,s3://humyn-data-partners-prod/visionlab/visionlab/outbound/India_Ahmedabad_Mirana_AssemblyLine_001_206.mp4,535545298,2026-06-13 17:36:50
visionlab/visionlab/outbound/India_Ahmedabad_Mirana_AssemblyLine_001_207.mp4,s3://humyn-data-partners-prod/visionlab/visionlab/outbound/India_Ahmedabad_Mirana_AssemblyLine_001_207.mp4,539230760,2026-06-13 17:36:50
visionlab/visionlab/outbound/India_Ahmedabad_Mirana_AssemblyLine_001_208.mp4,s3://humyn-data-partners-prod/visionlab/visionlab/outbound/India_Ahmedabad_Mirana_AssemblyLine_001_208.mp4,519115461,2026-06-13 17:36:50
visionlab/visionlab/outbound/India_Ahmedabad_Mirana_AssemblyLine_001_209.mp4,s3://humyn-data-partners-prod/visionlab/visionlab/outbound/India_Ahmedabad_Mirana_AssemblyLine_001_209.mp4,486362701,2026-06-13 17:36:50
visionlab/visionlab/outbound/India_Ahmedabad_Mirana_AssemblyLine_001_210.mp4,s3://humyn-data-partners-prod/visionlab/visionlab/outbound/India_Ahmedabad_Mirana_AssemblyLine_001_210.mp4,543120249,2026-06-13 17:36:51
visionlab/visionlab/outbound/India_Ahmedabad_Mirana_AssemblyLine_001_211.mp4,s3://humyn-data-partners-prod/visionlab/visionlab/outbound/India_Ahmedabad_Mirana_AssemblyLine_001_211.mp4,554474558,2026-06-13 17:36:51
visionlab/visionlab/outbound/India_Ahmedabad_Mirana_AssemblyLine_001_212.mp4,s3://humyn-data-partners-prod/visionlab/visionlab/outbound/India_Ahmedabad_Mirana_AssemblyLine_001_212.mp4,582038582,2026-06-13 17:36:51
visionlab/visionlab/outbound/India_Ahmedabad_Mirana_AssemblyLine_001_213.mp4,s3://humyn-data-partners-prod/visionlab/visionlab/outbound/India_Ahmedabad_Mirana_AssemblyLine_001_213.mp4,429474399,2026-06-13 17:36:51
visionlab/visionlab/outbound/India_Ahmedabad_Mirana_AssemblyLine_001_214.mp4,s3://humyn-data-partners-prod/visionlab/visionlab/outbound/India_Ahmedabad_Mirana_AssemblyLine_001_214.mp4,413654495,2026-06-13 17:36:51
visionlab/visionlab/outbound/India_Ahmedabad_Mirana_AssemblyLine_001_215.mp4,s3://humyn-data-partners-prod/visionlab/visionlab/outbound/India_Ahmedabad_Mirana_AssemblyLine_001_215.mp4,639797520,2026-06-13 17:36:51
visionlab/visionlab/outbound/India_Ahmedabad_Mirana_AssemblyLine_001_216.mp4,s3://humyn-data-partners-prod/visionlab/visionlab/outbound/India_Ahmedabad_Mirana_AssemblyLine_001_216.mp4,570317392,2026-06-13 17:36:51
visionlab/visionlab/outbound/India_Ahmedabad_Mirana_AssemblyLine_001_217.mp4,s3://humyn-data-partners-prod/visionlab/visionlab/outbound/India_Ahmedabad_Mirana_AssemblyLine_001_217.mp4,568121726,2026-06-13 17:36:52
visionlab/visionlab/outbound/India_Ahmedabad_Mirana_AssemblyLine_001_218.mp4,s3://humyn-data-partners-prod/visionlab/visionlab/outbound/India_Ahmedabad_Mirana_AssemblyLine_001_218.mp4,507445420,2026-06-13 17:36:53
visionlab/visionlab/outbound/India_Ahmedabad_Mirana_AssemblyLine_001_219.mp4,s3://humyn-data-partners-prod/visionlab/visionlab/outbound/India_Ahmedabad_Mirana_AssemblyLine_001_219.mp4,557941328,2026-06-13 17:36:53
visionlab/visionlab/outbound/India_Ahmedabad_Mirana_AssemblyLine_001_220.mp4,s3://humyn-data-partners-prod/visionlab/visionlab/outbound/India_Ahmedabad_Mirana_AssemblyLine_001_220.mp4,571019985,2026-06-13 17:36:53
visionlab/visionlab/outbound/India_Ahmedabad_Mirana_AssemblyLine_001_221.mp4,s3://humyn-data-partners-prod/visionlab/visionlab/outbound/India_Ahmedabad_Mirana_AssemblyLine_001_221.mp4,604956500,2026-06-13 17:36:54
visionlab/visionlab/outbound/India_Ahmedabad_Mirana_AssemblyLine_001_222.mp4,s3://humyn-data-partners-prod/visionlab/visionlab/outbound/India_Ahmedabad_Mirana_AssemblyLine_001_222.mp4,644437623,2026-06-13 17:36:54
visionlab/visionlab/outbound/India_Ahmedabad_Mirana_AssemblyLine_001_223.mp4,s3://humyn-data-partners-prod/visionlab/visionlab/outbound/India_Ahmedabad_Mirana_AssemblyLine_001_223.mp4,632046571,2026-06-13 17:36:55
visionlab/visionlab/outbound/India_Ahmedabad_Mirana_AssemblyLine_001_224.mp4,s3://humyn-data-partners-prod/visionlab/visionlab/outbound/India_Ahmedabad_Mirana_AssemblyLine_001_224.mp4,468584286,2026-06-13 17:36:56
visionlab/visionlab/outbound/India_Ahmedabad_Mirana_AssemblyLine_001_225.mp4,s3://humyn-data-partners-prod/visionlab/visionlab/outbound/India_Ahmedabad_Mirana_AssemblyLine_001_225.mp4,443056112,2026-06-13 17:36:56
visionlab/visionlab/outbound/India_Ahmedabad_Mirana_AssemblyLine_001_226.mp4,s3://humyn-data-partners-prod/visionlab/visionlab/outbound/India_Ahmedabad_Mirana_AssemblyLine_001_226.mp4,600410431,2026-06-13 17:36:56
visionlab/visionlab/outbound/India_Ahmedabad_Mirana_AssemblyLine_001_227.mp4,s3://humyn-data-partners-prod/visionlab/visionlab/outbound/India_Ahmedabad_Mirana_AssemblyLine_001_227.mp4,243811278,2026-06-13 17:36:56
visionlab/visionlab/outbound/India_Ahmedabad_Mirana_AssemblyLine_001_228.mp4,s3://humyn-data-partners-prod/visionlab/visionlab/outbound/India_Ahmedabad_Mirana_AssemblyLine_001_228.mp4,228990241,2026-06-13 17:36:56
visionlab/visionlab/outbound/India_Ahmedabad_Mirana_AssemblyLine_001_229.mp4,s3://humyn-data-partners-prod/visionlab/visionlab/outbound/India_Ahmedabad_Mirana_AssemblyLine_001_229.mp4,634213624,2026-06-13 17:36:56
visionlab/visionlab/outbound/India_Ahmedabad_Mirana_AssemblyLine_001_230.mp4,s3://humyn-data-partners-prod/visionlab/visionlab/outbound/India_Ahmedabad_Mirana_AssemblyLine_001_230.mp4,516537603,2026-06-13 17:36:57
visionlab/visionlab/outbound/India_Ahmedabad_Mirana_AssemblyLine_001_231.mp4,s3://humyn-data-partners-prod/visionlab/visionlab/outbound/India_Ahmedabad_Mirana_AssemblyLine_001_231.mp4,650162893,2026-06-13 17:36:58
visionlab/visionlab/outbound/India_Ahmedabad_Mirana_AssemblyLine_001_232.mp4,s3://humyn-data-partners-prod/visionlab/visionlab/outbound/India_Ahmedabad_Mirana_AssemblyLine_001_232.mp4,505190626,2026-06-13 17:36:58
visionlab/visionlab/outbound/India_Ahmedabad_Mirana_AssemblyLine_001_233.mp4,s3://humyn-data-partners-prod/visionlab/visionlab/outbound/India_Ahmedabad_Mirana_AssemblyLine_001_233.mp4,623787608,2026-06-13 17:36:58
visionlab/visionlab/outbound/India_Ahmedabad_Mirana_AssemblyLine_001_234.mp4,s3://humyn-data-partners-prod/visionlab/visionlab/outbound/India_Ahmedabad_Mirana_AssemblyLine_001_234.mp4,575689897,2026-06-13 17:36:59
visionlab/visionlab/outbound/India_Ahmedabad_Mirana_AssemblyLine_001_235.mp4,s3://humyn-data-partners-prod/visionlab/visionlab/outbound/India_Ahmedabad_Mirana_AssemblyLine_001_235.mp4,414684533,2026-06-13 17:36:59
visionlab/visionlab/outbound/India_Ahmedabad_Mirana_AssemblyLine_001_236.mp4,s3://humyn-data-partners-prod/visionlab/visionlab/outbound/India_Ahmedabad_Mirana_AssemblyLine_001_236.mp4,378924826,2026-06-13 17:36:59
visionlab/visionlab/outbound/India_Ahmedabad_Mirana_AssemblyLine_001_237.mp4,s3://humyn-data-partners-prod/visionlab/visionlab/outbound/India_Ahmedabad_Mirana_AssemblyLine_001_237.mp4,579785601,2026-06-13 17:37:00
visionlab/visionlab/outbound/India_Ahmedabad_Mirana_AssemblyLine_001_238.mp4,s3://humyn-data-partners-prod/visionlab/visionlab/outbound/India_Ahmedabad_Mirana_AssemblyLine_001_238.mp4,503369685,2026-06-13 17:37:00
visionlab/visionlab/outbound/India_Ahmedabad_Mirana_AssemblyLine_001_239.mp4,s3://humyn-data-partners-prod/visionlab/visionlab/outbound/India_Ahmedabad_Mirana_AssemblyLine_001_239.mp4,573000165,2026-06-13 17:37:00
visionlab/visionlab/outbound/India_Ahmedabad_Mirana_AssemblyLine_001_240.mp4,s3://humyn-data-partners-prod/visionlab/visionlab/outbound/India_Ahmedabad_Mirana_AssemblyLine_001_240.mp4,548639640,2026-06-13 17:37:00
visionlab/visionlab/outbound/India_Ahmedabad_Mirana_AssemblyLine_001_241.mp4,s3://humyn-data-partners-prod/visionlab/visionlab/outbound/India_Ahmedabad_Mirana_AssemblyLine_001_241.mp4,449706464,2026-06-13 17:37:00
visionlab/visionlab/outbound/India_Ahmedabad_Mirana_AssemblyLine_001_242.mp4,s3://humyn-data-partners-prod/visionlab/visionlab/outbound/India_Ahmedabad_Mirana_AssemblyLine_001_242.mp4,398682796,2026-06-13 17:37:01
visionlab/visionlab/outbound/India_Ahmedabad_Mirana_AssemblyLine_001_243.mp4,s3://humyn-data-partners-prod/visionlab/visionlab/outbound/India_Ahmedabad_Mirana_AssemblyLine_001_243.mp4,586245930,2026-06-13 17:37:01
visionlab/visionlab/outbound/India_Ahmedabad_Mirana_AssemblyLine_001_244.mp4,s3://humyn-data-partners-prod/visionlab/visionlab/outbound/India_Ahmedabad_Mirana_AssemblyLine_001_244.mp4,414563370,2026-06-13 17:37:01
visionlab/visionlab/outbound/India_Ahmedabad_Mirana_AssemblyLine_001_245.mp4,s3://humyn-data-partners-prod/visionlab/visionlab/outbound/India_Ahmedabad_Mirana_AssemblyLine_001_245.mp4,635349099,2026-06-13 17:37:02
visionlab/visionlab/outbound/India_Ahmedabad_Mirana_AssemblyLine_001_246.mp4,s3://humyn-data-partners-prod/visionlab/visionlab/outbound/India_Ahmedabad_Mirana_AssemblyLine_001_246.mp4,455460060,2026-06-13 17:37:02
visionlab/visionlab/outbound/India_Ahmedabad_Mirana_AssemblyLine_001_247.mp4,s3://humyn-data-partners-prod/visionlab/visionlab/outbound/India_Ahmedabad_Mirana_AssemblyLine_001_247.mp4,446713498,2026-06-13 17:37:02
visionlab/visionlab/outbound/India_Ahmedabad_Mirana_AssemblyLine_001_248.mp4,s3://humyn-data-partners-prod/visionlab/visionlab/outbound/India_Ahmedabad_Mirana_AssemblyLine_001_248.mp4,476866724,2026-06-13 17:37:02
visionlab/visionlab/outbound/India_Ahmedabad_Mirana_AssemblyLine_001_249.mp4,s3://humyn-data-partners-prod/visionlab/visionlab/outbound/India_Ahmedabad_Mirana_AssemblyLine_001_249.mp4,409968109,2026-06-13 17:37:02
visionlab/visionlab/outbound/India_Ahmedabad_Mirana_AssemblyLine_001_250.mp4,s3://humyn-data-partners-prod/visionlab/visionlab/outbound/India_Ahmedabad_Mirana_AssemblyLine_001_250.mp4,597326646,2026-06-13 17:37:02
visionlab/visionlab/outbound/India_Ahmedabad_Mirana_AssemblyLine_001_251.mp4,s3://humyn-data-partners-prod/visionlab/visionlab/outbound/India_Ahmedabad_Mirana_AssemblyLine_001_251.mp4,446737903,2026-06-13 17:37:03
visionlab/visionlab/outbound/India_Ahmedabad_Mirana_AssemblyLine_001_252.mp4,s3://humyn-data-partners-prod/visionlab/visionlab/outbound/India_Ahmedabad_Mirana_AssemblyLine_001_252.mp4,544810866,2026-06-13 17:37:03
visionlab/visionlab/outbound/India_Ahmedabad_Mirana_AssemblyLine_001_253.mp4,s3://humyn-data-partners-prod/visionlab/visionlab/outbound/India_Ahmedabad_Mirana_AssemblyLine_001_253.mp4,421665001,2026-06-13 17:37:04
visionlab/visionlab/outbound/India_Ahmedabad_Mirana_AssemblyLine_001_254.mp4,s3://humyn-data-partners-prod/visionlab/visionlab/outbound/India_Ahmedabad_Mirana_AssemblyLine_001_254.mp4,522935237,2026-06-13 17:37:04
visionlab/visionlab/outbound/India_Ahmedabad_Mirana_AssemblyLine_001_255.mp4,s3://humyn-data-partners-prod/visionlab/visionlab/outbound/India_Ahmedabad_Mirana_AssemblyLine_001_255.mp4,569206254,2026-06-13 17:37:04
visionlab/visionlab/outbound/India_Ahmedabad_Mirana_AssemblyLine_001_256.mp4,s3://humyn-data-partners-prod/visionlab/visionlab/outbound/India_Ahmedabad_Mirana_AssemblyLine_001_256.mp4,460741020,2026-06-13 17:37:05
visionlab/visionlab/outbound/India_Ahmedabad_Mirana_AssemblyLine_001_257.mp4,s3://humyn-data-partners-prod/visionlab/visionlab/outbound/India_Ahmedabad_Mirana_AssemblyLine_001_257.mp4,531252997,2026-06-13 17:37:06
visionlab/visionlab/outbound/India_Ahmedabad_Mirana_AssemblyLine_001_258.mp4,s3://humyn-data-partners-prod/visionlab/visionlab/outbound/India_Ahmedabad_Mirana_AssemblyLine_001_258.mp4,677052188,2026-06-13 17:37:07
visionlab/visionlab/outbound/India_Ahmedabad_Mirana_AssemblyLine_001_259.mp4,s3://humyn-data-partners-prod/visionlab/visionlab/outbound/India_Ahmedabad_Mirana_AssemblyLine_001_259.mp4,546231510,2026-06-13 17:37:07
visionlab/visionlab/outbound/India_Ahmedabad_Mirana_AssemblyLine_001_260.mp4,s3://humyn-data-partners-prod/visionlab/visionlab/outbound/India_Ahmedabad_Mirana_AssemblyLine_001_260.mp4,421249591,2026-06-13 17:37:07
visionlab/visionlab/outbound/India_Ahmedabad_Mirana_AssemblyLine_001_261.mp4,s3://humyn-data-partners-prod/visionlab/visionlab/outbound/India_Ahmedabad_Mirana_AssemblyLine_001_261.mp4,432738022,2026-06-13 17:37:07
visionlab/visionlab/outbound/India_Ahmedabad_Mirana_AssemblyLine_001_262.mp4,s3://humyn-data-partners-prod/visionlab/visionlab/outbound/India_Ahmedabad_Mirana_AssemblyLine_001_262.mp4,531620790,2026-06-13 17:37:08
visionlab/visionlab/outbound/India_Ahmedabad_Mirana_AssemblyLine_001_263.mp4,s3://humyn-data-partners-prod/visionlab/visionlab/outbound/India_Ahmedabad_Mirana_AssemblyLine_001_263.mp4,415363566,2026-06-13 17:37:08
visionlab/visionlab/outbound/India_Ahmedabad_Mirana_AssemblyLine_001_264.mp4,s3://humyn-data-partners-prod/visionlab/visionlab/outbound/India_Ahmedabad_Mirana_AssemblyLine_001_264.mp4,617871557,2026-06-13 17:37:08
visionlab/visionlab/outbound/India_Ahmedabad_Mirana_AssemblyLine_001_265.mp4,s3://humyn-data-partners-prod/visionlab/visionlab/outbound/India_Ahmedabad_Mirana_AssemblyLine_001_265.mp4,413162550,2026-06-13 17:37:09
visionlab/visionlab/outbound/India_Ahmedabad_Mirana_AssemblyLine_001_266.mp4,s3://humyn-data-partners-prod/visionlab/visionlab/outbound/India_Ahmedabad_Mirana_AssemblyLine_001_266.mp4,220398257,2026-06-13 17:37:09
visionlab/visionlab/outbound/India_Ahmedabad_Mirana_AssemblyLine_001_267.mp4,s3://humyn-data-partners-prod/visionlab/visionlab/outbound/India_Ahmedabad_Mirana_AssemblyLine_001_267.mp4,515791351,2026-06-13 17:37:09
visionlab/visionlab/outbound/India_Ahmedabad_Mirana_AssemblyLine_001_268.mp4,s3://humyn-data-partners-prod/visionlab/visionlab/outbound/India_Ahmedabad_Mirana_AssemblyLine_001_268.mp4,285305067,2026-06-13 17:37:09
visionlab/visionlab/outbound/India_Ahmedabad_Mirana_AssemblyLine_001_269.mp4,s3://humyn-data-partners-prod/visionlab/visionlab/outbound/India_Ahmedabad_Mirana_AssemblyLine_001_269.mp4,309547652,2026-06-13 17:37:10
visionlab/visionlab/outbound/India_Ahmedabad_Mirana_AssemblyLine_001_270.mp4,s3://humyn-data-partners-prod/visionlab/visionlab/outbound/India_Ahmedabad_Mirana_AssemblyLine_001_270.mp4,292705929,2026-06-13 17:37:10
visionlab/visionlab/outbound/India_Ahmedabad_Mirana_AssemblyLine_001_271.mp4,s3://humyn-data-partners-prod/visionlab/visionlab/outbound/India_Ahmedabad_Mirana_AssemblyLine_001_271.mp4,641729557,2026-06-13 17:37:10
visionlab/visionlab/outbound/India_Ahmedabad_Mirana_AssemblyLine_001_272.mp4,s3://humyn-data-partners-prod/visionlab/visionlab/outbound/India_Ahmedabad_Mirana_AssemblyLine_001_272.mp4,636251379,2026-06-13 17:37:11
visionlab/visionlab/outbound/India_Ahmedabad_Mirana_AssemblyLine_001_273.mp4,s3://humyn-data-partners-prod/visionlab/visionlab/outbound/India_Ahmedabad_Mirana_AssemblyLine_001_273.mp4,583305944,2026-06-13 17:37:11
visionlab/visionlab/outbound/India_Ahmedabad_Mirana_AssemblyLine_001_274.mp4,s3://humyn-data-partners-prod/visionlab/visionlab/outbound/India_Ahmedabad_Mirana_AssemblyLine_001_274.mp4,647491752,2026-06-13 17:37:12
visionlab/visionlab/outbound/India_Ahmedabad_Mirana_AssemblyLine_001_275.mp4,s3://humyn-data-partners-prod/visionlab/visionlab/outbound/India_Ahmedabad_Mirana_AssemblyLine_001_275.mp4,614169291,2026-06-13 17:37:12
visionlab/visionlab/outbound/India_Ahmedabad_Mirana_AssemblyLine_001_276.mp4,s3://humyn-data-partners-prod/visionlab/visionlab/outbound/India_Ahmedabad_Mirana_AssemblyLine_001_276.mp4,510315584,2026-06-13 17:37:12
visionlab/visionlab/outbound/India_Ahmedabad_Mirana_AssemblyLine_001_277.mp4,s3://humyn-data-partners-prod/visionlab/visionlab/outbound/India_Ahmedabad_Mirana_AssemblyLine_001_277.mp4,455277716,2026-06-13 17:37:12
visionlab/visionlab/outbound/India_Ahmedabad_Mirana_AssemblyLine_001_278.mp4,s3://humyn-data-partners-prod/visionlab/visionlab/outbound/India_Ahmedabad_Mirana_AssemblyLine_001_278.mp4,723713075,2026-06-13 17:37:12
visionlab/visionlab/outbound/India_Ahmedabad_Mirana_AssemblyLine_001_279.mp4,s3://humyn-data-partners-prod/visionlab/visionlab/outbound/India_Ahmedabad_Mirana_AssemblyLine_001_279.mp4,576194733,2026-06-13 17:37:12
visionlab/visionlab/outbound/India_Ahmedabad_Mirana_AssemblyLine_001_280.mp4,s3://humyn-data-partners-prod/visionlab/visionlab/outbound/India_Ahmedabad_Mirana_AssemblyLine_001_280.mp4,531467715,2026-06-13 17:37:13
visionlab/visionlab/outbound/India_Ahmedabad_Mirana_AssemblyLine_001_281.mp4,s3://humyn-data-partners-prod/visionlab/visionlab/outbound/India_Ahmedabad_Mirana_AssemblyLine_001_281.mp4,438638876,2026-06-13 17:37:13
visionlab/visionlab/outbound/India_Ahmedabad_Mirana_AssemblyLine_001_282.mp4,s3://humyn-data-partners-prod/visionlab/visionlab/outbound/India_Ahmedabad_Mirana_AssemblyLine_001_282.mp4,518533322,2026-06-13 17:37:14
visionlab/visionlab/outbound/India_Ahmedabad_Mirana_AssemblyLine_001_283.mp4,s3://humyn-data-partners-prod/visionlab/visionlab/outbound/India_Ahmedabad_Mirana_AssemblyLine_001_283.mp4,660327646,2026-06-13 17:37:14
visionlab/visionlab/outbound/India_Ahmedabad_Mirana_AssemblyLine_001_284.mp4,s3://humyn-data-partners-prod/visionlab/visionlab/outbound/India_Ahmedabad_Mirana_AssemblyLine_001_284.mp4,516359398,2026-06-13 17:37:14
visionlab/visionlab/outbound/India_Ahmedabad_Mirana_AssemblyLine_001_285.mp4,s3://humyn-data-partners-prod/visionlab/visionlab/outbound/India_Ahmedabad_Mirana_AssemblyLine_001_285.mp4,501117628,2026-06-13 17:37:15
visionlab/visionlab/outbound/India_Ahmedabad_Mirana_AssemblyLine_001_286.mp4,s3://humyn-data-partners-prod/visionlab/visionlab/outbound/India_Ahmedabad_Mirana_AssemblyLine_001_286.mp4,499138066,2026-06-13 17:37:15
visionlab/visionlab/outbound/India_Ahmedabad_Mirana_AssemblyLine_001_287.mp4,s3://humyn-data-partners-prod/visionlab/visionlab/outbound/India_Ahmedabad_Mirana_AssemblyLine_001_287.mp4,529473841,2026-06-13 17:37:15
visionlab/visionlab/outbound/India_Ahmedabad_Mirana_AssemblyLine_001_288.mp4,s3://humyn-data-partners-prod/visionlab/visionlab/outbound/India_Ahmedabad_Mirana_AssemblyLine_001_288.mp4,520730846,2026-06-13 17:37:15
visionlab/visionlab/outbound/India_Ahmedabad_Mirana_AssemblyLine_001_289.mp4,s3://humyn-data-partners-prod/visionlab/visionlab/outbound/India_Ahmedabad_Mirana_AssemblyLine_001_289.mp4,570187167,2026-06-13 17:37:15
visionlab/visionlab/outbound/India_Ahmedabad_Mirana_AssemblyLine_001_290.mp4,s3://humyn-data-partners-prod/visionlab/visionlab/outbound/India_Ahmedabad_Mirana_AssemblyLine_001_290.mp4,646611038,2026-06-13 17:37:15
visionlab/visionlab/outbound/India_Ahmedabad_Mirana_AssemblyLine_001_291.mp4,s3://humyn-data-partners-prod/visionlab/visionlab/outbound/India_Ahmedabad_Mirana_AssemblyLine_001_291.mp4,505645128,2026-06-13 17:37:16
visionlab/visionlab/outbound/India_Ahmedabad_Mirana_AssemblyLine_001_292.mp4,s3://humyn-data-partners-prod/visionlab/visionlab/outbound/India_Ahmedabad_Mirana_AssemblyLine_001_292.mp4,635954445,2026-06-13 17:37:16
visionlab/visionlab/outbound/India_Ahmedabad_Mirana_AssemblyLine_001_293.mp4,s3://humyn-data-partners-prod/visionlab/visionlab/outbound/India_Ahmedabad_Mirana_AssemblyLine_001_293.mp4,436544545,2026-06-13 17:37:16
visionlab/visionlab/outbound/India_Ahmedabad_Mirana_AssemblyLine_001_294.mp4,s3://humyn-data-partners-prod/visionlab/visionlab/outbound/India_Ahmedabad_Mirana_AssemblyLine_001_294.mp4,660681581,2026-06-13 17:37:17
visionlab/visionlab/outbound/India_Ahmedabad_Mirana_AssemblyLine_001_295.mp4,s3://humyn-data-partners-prod/visionlab/visionlab/outbound/India_Ahmedabad_Mirana_AssemblyLine_001_295.mp4,590144472,2026-06-13 17:37:17
visionlab/visionlab/outbound/India_Ahmedabad_Mirana_AssemblyLine_001_296.mp4,s3://humyn-data-partners-prod/visionlab/visionlab/outbound/India_Ahmedabad_Mirana_AssemblyLine_001_296.mp4,703609946,2026-06-13 17:37:17
visionlab/visionlab/outbound/India_Ahmedabad_Mirana_AssemblyLine_001_297.mp4,s3://humyn-data-partners-prod/visionlab/visionlab/outbound/India_Ahmedabad_Mirana_AssemblyLine_001_297.mp4,539054622,2026-06-13 17:37:18
visionlab/visionlab/outbound/India_Ahmedabad_Mirana_AssemblyLine_001_298.mp4,s3://humyn-data-partners-prod/visionlab/visionlab/outbound/India_Ahmedabad_Mirana_AssemblyLine_001_298.mp4,465635901,2026-06-13 17:37:19
visionlab/visionlab/outbound/India_Ahmedabad_Mirana_AssemblyLine_001_299.mp4,s3://humyn-data-partners-prod/visionlab/visionlab/outbound/India_Ahmedabad_Mirana_AssemblyLine_001_299.mp4,494857674,2026-06-13 17:37:19
visionlab/visionlab/outbound/India_Ahmedabad_Mirana_AssemblyLine_001_300.mp4,s3://humyn-data-partners-prod/visionlab/visionlab/outbound/India_Ahmedabad_Mirana_AssemblyLine_001_300.mp4,478879035,2026-06-13 17:37:21
visionlab/visionlab/outbound/India_Ahmedabad_Mirana_AssemblyLine_001_301.mp4,s3://humyn-data-partners-prod/visionlab/visionlab/outbound/India_Ahmedabad_Mirana_AssemblyLine_001_301.mp4,359712470,2026-06-13 17:37:21
visionlab/visionlab/outbound/India_Ahmedabad_Mirana_AssemblyLine_001_302.mp4,s3://humyn-data-partners-prod/visionlab/visionlab/outbound/India_Ahmedabad_Mirana_AssemblyLine_001_302.mp4,223858388,2026-06-13 17:37:21
visionlab/visionlab/outbound/India_Ahmedabad_Mirana_AssemblyLine_001_303.mp4,s3://humyn-data-partners-prod/visionlab/visionlab/outbound/India_Ahmedabad_Mirana_AssemblyLine_001_303.mp4,329456327,2026-06-13 17:37:22
visionlab/visionlab/outbound/India_Ahmedabad_Mirana_AssemblyLine_001_304.mp4,s3://humyn-data-partners-prod/visionlab/visionlab/outbound/India_Ahmedabad_Mirana_AssemblyLine_001_304.mp4,597315994,2026-06-13 17:37:22
visionlab/visionlab/outbound/India_Ahmedabad_Mirana_AssemblyLine_001_305.mp4,s3://humyn-data-partners-prod/visionlab/visionlab/outbound/India_Ahmedabad_Mirana_AssemblyLine_001_305.mp4,681692382,2026-06-13 17:37:22
visionlab/visionlab/outbound/India_Ahmedabad_Mirana_AssemblyLine_001_306.mp4,s3://humyn-data-partners-prod/visionlab/visionlab/outbound/India_Ahmedabad_Mirana_AssemblyLine_001_306.mp4,556645320,2026-06-13 17:37:22
visionlab/visionlab/outbound/India_Ahmedabad_Mirana_AssemblyLine_001_307.mp4,s3://humyn-data-partners-prod/visionlab/visionlab/outbound/India_Ahmedabad_Mirana_AssemblyLine_001_307.mp4,685073475,2026-06-13 17:37:23
visionlab/visionlab/outbound/India_Ahmedabad_Mirana_AssemblyLine_001_308.mp4,s3://humyn-data-partners-prod/visionlab/visionlab/outbound/India_Ahmedabad_Mirana_AssemblyLine_001_308.mp4,498818418,2026-06-13 17:37:24
visionlab/visionlab/outbound/India_Ahmedabad_Mirana_AssemblyLine_001_309.mp4,s3://humyn-data-partners-prod/visionlab/visionlab/outbound/India_Ahmedabad_Mirana_AssemblyLine_001_309.mp4,525194672,2026-06-13 17:37:24
visionlab/visionlab/outbound/India_Ahmedabad_Mirana_AssemblyLine_001_310.mp4,s3://humyn-data-partners-prod/visionlab/visionlab/outbound/India_Ahmedabad_Mirana_AssemblyLine_001_310.mp4,749867286,2026-06-13 17:37:24
visionlab/visionlab/outbound/India_Ahmedabad_Mirana_AssemblyLine_001_311.mp4,s3://humyn-data-partners-prod/visionlab/visionlab/outbound/India_Ahmedabad_Mirana_AssemblyLine_001_311.mp4,485823768,2026-06-13 17:37:24
visionlab/visionlab/outbound/India_Ahmedabad_Mirana_AssemblyLine_001_312.mp4,s3://humyn-data-partners-prod/visionlab/visionlab/outbound/India_Ahmedabad_Mirana_AssemblyLine_001_312.mp4,485755507,2026-06-13 17:37:25
visionlab/visionlab/outbound/India_Ahmedabad_Mirana_AssemblyLine_001_313.mp4,s3://humyn-data-partners-prod/visionlab/visionlab/outbound/India_Ahmedabad_Mirana_AssemblyLine_001_313.mp4,654675342,2026-06-13 17:37:25
visionlab/visionlab/outbound/India_Ahmedabad_Mirana_AssemblyLine_001_314.mp4,s3://humyn-data-partners-prod/visionlab/visionlab/outbound/India_Ahmedabad_Mirana_AssemblyLine_001_314.mp4,524693799,2026-06-13 17:37:25
visionlab/visionlab/outbound/India_Ahmedabad_Mirana_AssemblyLine_001_315.mp4,s3://humyn-data-partners-prod/visionlab/visionlab/outbound/India_Ahmedabad_Mirana_AssemblyLine_001_315.mp4,566189255,2026-06-13 17:37:25
visionlab/visionlab/outbound/India_Ahmedabad_Mirana_AssemblyLine_001_316.mp4,s3://humyn-data-partners-prod/visionlab/visionlab/outbound/India_Ahmedabad_Mirana_AssemblyLine_001_316.mp4,604605783,2026-06-13 17:37:25
visionlab/visionlab/outbound/India_Ahmedabad_Mirana_AssemblyLine_001_317.mp4,s3://humyn-data-partners-prod/visionlab/visionlab/outbound/India_Ahmedabad_Mirana_AssemblyLine_001_317.mp4,541834480,2026-06-13 17:37:25
visionlab/visionlab/outbound/India_Ahmedabad_Mirana_AssemblyLine_001_318.mp4,s3://humyn-data-partners-prod/visionlab/visionlab/outbound/India_Ahmedabad_Mirana_AssemblyLine_001_318.mp4,602268371,2026-06-13 17:37:25
visionlab/visionlab/outbound/India_Ahmedabad_Mirana_AssemblyLine_001_319.mp4,s3://humyn-data-partners-prod/visionlab/visionlab/outbound/India_Ahmedabad_Mirana_AssemblyLine_001_319.mp4,447001403,2026-06-13 17:37:26
visionlab/visionlab/outbound/India_Ahmedabad_Mirana_AssemblyLine_001_320.mp4,s3://humyn-data-partners-prod/visionlab/visionlab/outbound/India_Ahmedabad_Mirana_AssemblyLine_001_320.mp4,485334218,2026-06-13 17:37:26
visionlab/visionlab/outbound/India_Ahmedabad_Mirana_AssemblyLine_001_321.mp4,s3://humyn-data-partners-prod/visionlab/visionlab/outbound/India_Ahmedabad_Mirana_AssemblyLine_001_321.mp4,440354061,2026-06-13 17:37:26
visionlab/visionlab/outbound/India_Ahmedabad_Mirana_AssemblyLine_001_322.mp4,s3://humyn-data-partners-prod/visionlab/visionlab/outbound/India_Ahmedabad_Mirana_AssemblyLine_001_322.mp4,336337245,2026-06-13 17:37:26
visionlab/visionlab/outbound/India_Ahmedabad_Mirana_AssemblyLine_001_323.mp4,s3://humyn-data-partners-prod/visionlab/visionlab/outbound/India_Ahmedabad_Mirana_AssemblyLine_001_323.mp4,491675631,2026-06-13 17:37:27
visionlab/visionlab/outbound/India_Ahmedabad_Mirana_AssemblyLine_001_324.mp4,s3://humyn-data-partners-prod/visionlab/visionlab/outbound/India_Ahmedabad_Mirana_AssemblyLine_001_324.mp4,569047727,2026-06-13 17:37:27
visionlab/visionlab/outbound/India_Ahmedabad_Mirana_AssemblyLine_001_325.mp4,s3://humyn-data-partners-prod/visionlab/visionlab/outbound/India_Ahmedabad_Mirana_AssemblyLine_001_325.mp4,550430132,2026-06-13 17:37:27
visionlab/visionlab/outbound/India_Ahmedabad_Mirana_AssemblyLine_001_326.mp4,s3://humyn-data-partners-prod/visionlab/visionlab/outbound/India_Ahmedabad_Mirana_AssemblyLine_001_326.mp4,544459945,2026-06-13 17:37:27
visionlab/visionlab/outbound/India_Ahmedabad_Mirana_AssemblyLine_001_327.mp4,s3://humyn-data-partners-prod/visionlab/visionlab/outbound/India_Ahmedabad_Mirana_AssemblyLine_001_327.mp4,562920237,2026-06-13 17:37:28
visionlab/visionlab/outbound/India_Ahmedabad_Mirana_AssemblyLine_001_328.mp4,s3://humyn-data-partners-prod/visionlab/visionlab/outbound/India_Ahmedabad_Mirana_AssemblyLine_001_328.mp4,474095353,2026-06-13 17:37:28
visionlab/visionlab/outbound/India_Ahmedabad_Mirana_AssemblyLine_001_329.mp4,s3://humyn-data-partners-prod/visionlab/visionlab/outbound/India_Ahmedabad_Mirana_AssemblyLine_001_329.mp4,619073061,2026-06-13 17:37:28
visionlab/visionlab/outbound/India_Ahmedabad_Mirana_AssemblyLine_001_330.mp4,s3://humyn-data-partners-prod/visionlab/visionlab/outbound/India_Ahmedabad_Mirana_AssemblyLine_001_330.mp4,545721024,2026-06-13 17:37:28
visionlab/visionlab/outbound/India_Ahmedabad_Mirana_AssemblyLine_001_331.mp4,s3://humyn-data-partners-prod/visionlab/visionlab/outbound/India_Ahmedabad_Mirana_AssemblyLine_001_331.mp4,200412722,2026-06-13 17:37:29
visionlab/visionlab/outbound/India_Ahmedabad_Mirana_AssemblyLine_001_332.mp4,s3://humyn-data-partners-prod/visionlab/visionlab/outbound/India_Ahmedabad_Mirana_AssemblyLine_001_332.mp4,380768979,2026-06-13 17:37:29
visionlab/visionlab/outbound/India_Ahmedabad_Mirana_AssemblyLine_001_333.mp4,s3://humyn-data-partners-prod/visionlab/visionlab/outbound/India_Ahmedabad_Mirana_AssemblyLine_001_333.mp4,557568447,2026-06-13 17:37:29
visionlab/visionlab/outbound/India_Ahmedabad_Mirana_AssemblyLine_001_334.mp4,s3://humyn-data-partners-prod/visionlab/visionlab/outbound/India_Ahmedabad_Mirana_AssemblyLine_001_334.mp4,686114920,2026-06-13 17:37:29
visionlab/visionlab/outbound/India_Ahmedabad_Mirana_AssemblyLine_001_335.mp4,s3://humyn-data-partners-prod/visionlab/visionlab/outbound/India_Ahmedabad_Mirana_AssemblyLine_001_335.mp4,672624574,2026-06-13 17:37:29
visionlab/visionlab/outbound/India_Ahmedabad_Mirana_AssemblyLine_001_336.mp4,s3://humyn-data-partners-prod/visionlab/visionlab/outbound/India_Ahmedabad_Mirana_AssemblyLine_001_336.mp4,641984247,2026-06-13 17:37:32
visionlab/visionlab/outbound/India_Ahmedabad_Mirana_AssemblyLine_001_337.mp4,s3://humyn-data-partners-prod/visionlab/visionlab/outbound/India_Ahmedabad_Mirana_AssemblyLine_001_337.mp4,470377664,2026-06-13 17:37:32
visionlab/visionlab/outbound/India_Ahmedabad_Mirana_AssemblyLine_001_338.mp4,s3://humyn-data-partners-prod/visionlab/visionlab/outbound/India_Ahmedabad_Mirana_AssemblyLine_001_338.mp4,477178210,2026-06-13 17:37:33
visionlab/visionlab/outbound/India_Ahmedabad_Mirana_AssemblyLine_001_339.mp4,s3://humyn-data-partners-prod/visionlab/visionlab/outbound/India_Ahmedabad_Mirana_AssemblyLine_001_339.mp4,542273307,2026-06-13 17:37:33
visionlab/visionlab/outbound/India_Ahmedabad_Mirana_AssemblyLine_001_340.mp4,s3://humyn-data-partners-prod/visionlab/visionlab/outbound/India_Ahmedabad_Mirana_AssemblyLine_001_340.mp4,556312028,2026-06-13 17:37:33
visionlab/visionlab/outbound/India_Ahmedabad_Mirana_AssemblyLine_001_341.mp4,s3://humyn-data-partners-prod/visionlab/visionlab/outbound/India_Ahmedabad_Mirana_AssemblyLine_001_341.mp4,408724645,2026-06-13 17:37:33
visionlab/visionlab/outbound/India_Ahmedabad_Mirana_AssemblyLine_001_342.mp4,s3://humyn-data-partners-prod/visionlab/visionlab/outbound/India_Ahmedabad_Mirana_AssemblyLine_001_342.mp4,458654696,2026-06-13 17:37:34
visionlab/visionlab/outbound/India_Ahmedabad_Mirana_AssemblyLine_001_343.mp4,s3://humyn-data-partners-prod/visionlab/visionlab/outbound/India_Ahmedabad_Mirana_AssemblyLine_001_343.mp4,540182509,2026-06-13 17:37:34
visionlab/visionlab/outbound/India_Ahmedabad_Mirana_AssemblyLine_001_344.mp4,s3://humyn-data-partners-prod/visionlab/visionlab/outbound/India_Ahmedabad_Mirana_AssemblyLine_001_344.mp4,638906843,2026-06-13 17:37:34
visionlab/visionlab/outbound/India_Ahmedabad_Mirana_AssemblyLine_001_345.mp4,s3://humyn-data-partners-prod/visionlab/visionlab/outbound/India_Ahmedabad_Mirana_AssemblyLine_001_345.mp4,566400345,2026-06-13 17:37:35
visionlab/visionlab/outbound/India_Ahmedabad_Mirana_AssemblyLine_001_346.mp4,s3://humyn-data-partners-prod/visionlab/visionlab/outbound/India_Ahmedabad_Mirana_AssemblyLine_001_346.mp4,573195424,2026-06-13 17:37:35
visionlab/visionlab/outbound/India_Ahmedabad_Mirana_AssemblyLine_001_347.mp4,s3://humyn-data-partners-prod/visionlab/visionlab/outbound/India_Ahmedabad_Mirana_AssemblyLine_001_347.mp4,490115779,2026-06-13 17:37:35
visionlab/visionlab/outbound/India_Ahmedabad_Mirana_AssemblyLine_001_348.mp4,s3://humyn-data-partners-prod/visionlab/visionlab/outbound/India_Ahmedabad_Mirana_AssemblyLine_001_348.mp4,574397998,2026-06-13 17:37:36
visionlab/visionlab/outbound/India_Ahmedabad_Mirana_AssemblyLine_001_349.mp4,s3://humyn-data-partners-prod/visionlab/visionlab/outbound/India_Ahmedabad_Mirana_AssemblyLine_001_349.mp4,435701515,2026-06-13 17:37:36
visionlab/visionlab/outbound/India_Ahmedabad_Mirana_AssemblyLine_001_350.mp4,s3://humyn-data-partners-prod/visionlab/visionlab/outbound/India_Ahmedabad_Mirana_AssemblyLine_001_350.mp4,624770516,2026-06-13 17:37:36
visionlab/visionlab/outbound/India_Ahmedabad_Mirana_AssemblyLine_001_351.mp4,s3://humyn-data-partners-prod/visionlab/visionlab/outbound/India_Ahmedabad_Mirana_AssemblyLine_001_351.mp4,453690250,2026-06-13 17:37:36
visionlab/visionlab/outbound/India_Ahmedabad_Mirana_AssemblyLine_001_352.mp4,s3://humyn-data-partners-prod/visionlab/visionlab/outbound/India_Ahmedabad_Mirana_AssemblyLine_001_352.mp4,432832056,2026-06-13 17:37:36
visionlab/visionlab/outbound/India_Ahmedabad_Mirana_AssemblyLine_001_353.mp4,s3://humyn-data-partners-prod/visionlab/visionlab/outbound/India_Ahmedabad_Mirana_AssemblyLine_001_353.mp4,479244953,2026-06-13 17:37:36
visionlab/visionlab/outbound/India_Ahmedabad_Mirana_AssemblyLine_001_354.mp4,s3://humyn-data-partners-prod/visionlab/visionlab/outbound/India_Ahmedabad_Mirana_AssemblyLine_001_354.mp4,465623363,2026-06-13 17:37:36
visionlab/visionlab/outbound/India_Ahmedabad_Mirana_AssemblyLine_001_355.mp4,s3://humyn-data-partners-prod/visionlab/visionlab/outbound/India_Ahmedabad_Mirana_AssemblyLine_001_355.mp4,509255513,2026-06-13 17:37:36
visionlab/visionlab/outbound/India_Ahmedabad_Mirana_AssemblyLine_001_356.mp4,s3://humyn-data-partners-prod/visionlab/visionlab/outbound/India_Ahmedabad_Mirana_AssemblyLine_001_356.mp4,550820403,2026-06-13 17:37:36
visionlab/visionlab/outbound/India_Ahmedabad_Mirana_AssemblyLine_001_357.mp4,s3://humyn-data-partners-prod/visionlab/visionlab/outbound/India_Ahmedabad_Mirana_AssemblyLine_001_357.mp4,453776876,2026-06-13 17:37:37
visionlab/visionlab/outbound/India_Ahmedabad_Mirana_AssemblyLine_001_358.mp4,s3://humyn-data-partners-prod/visionlab/visionlab/outbound/India_Ahmedabad_Mirana_AssemblyLine_001_358.mp4,492883483,2026-06-13 17:37:37
visionlab/visionlab/outbound/India_Ahmedabad_Mirana_AssemblyLine_001_359.mp4,s3://humyn-data-partners-prod/visionlab/visionlab/outbound/India_Ahmedabad_Mirana_AssemblyLine_001_359.mp4,543456295,2026-06-13 17:37:37
visionlab/visionlab/outbound/India_Ahmedabad_Mirana_AssemblyLine_001_360.mp4,s3://humyn-data-partners-prod/visionlab/visionlab/outbound/India_Ahmedabad_Mirana_AssemblyLine_001_360.mp4,897976622,2026-06-13 17:37:37
visionlab/visionlab/outbound/India_Ahmedabad_Mirana_AssemblyLine_001_361.mp4,s3://humyn-data-partners-prod/visionlab/visionlab/outbound/India_Ahmedabad_Mirana_AssemblyLine_001_361.mp4,641749184,2026-06-13 17:37:37
visionlab/visionlab/outbound/India_Ahmedabad_Mirana_AssemblyLine_001_362.mp4,s3://humyn-data-partners-prod/visionlab/visionlab/outbound/India_Ahmedabad_Mirana_AssemblyLine_001_362.mp4,612929559,2026-06-13 17:37:38
visionlab/visionlab/outbound/India_Ahmedabad_Mirana_AssemblyLine_001_363.mp4,s3://humyn-data-partners-prod/visionlab/visionlab/outbound/India_Ahmedabad_Mirana_AssemblyLine_001_363.mp4,430203436,2026-06-13 17:37:39
visionlab/visionlab/outbound/India_Ahmedabad_Mirana_AssemblyLine_001_364.mp4,s3://humyn-data-partners-prod/visionlab/visionlab/outbound/India_Ahmedabad_Mirana_AssemblyLine_001_364.mp4,546726432,2026-06-13 17:37:39
visionlab/visionlab/outbound/India_Ahmedabad_Mirana_AssemblyLine_001_365.mp4,s3://humyn-data-partners-prod/visionlab/visionlab/outbound/India_Ahmedabad_Mirana_AssemblyLine_001_365.mp4,577906816,2026-06-13 17:37:40
visionlab/visionlab/outbound/India_Ahmedabad_Mirana_AssemblyLine_001_366.mp4,s3://humyn-data-partners-prod/visionlab/visionlab/outbound/India_Ahmedabad_Mirana_AssemblyLine_001_366.mp4,574073993,2026-06-13 17:37:42
visionlab/visionlab/outbound/India_Ahmedabad_Mirana_AssemblyLine_001_367.mp4,s3://humyn-data-partners-prod/visionlab/visionlab/outbound/India_Ahmedabad_Mirana_AssemblyLine_001_367.mp4,509766322,2026-06-13 17:37:42
visionlab/visionlab/outbound/India_Ahmedabad_Mirana_AssemblyLine_001_368.mp4,s3://humyn-data-partners-prod/visionlab/visionlab/outbound/India_Ahmedabad_Mirana_AssemblyLine_001_368.mp4,479190341,2026-06-13 17:37:43
visionlab/visionlab/outbound/India_Ahmedabad_Mirana_AssemblyLine_001_369.mp4,s3://humyn-data-partners-prod/visionlab/visionlab/outbound/India_Ahmedabad_Mirana_AssemblyLine_001_369.mp4,453544326,2026-06-13 17:37:43
visionlab/visionlab/outbound/India_Ahmedabad_Mirana_AssemblyLine_001_370.mp4,s3://humyn-data-partners-prod/visionlab/visionlab/outbound/India_Ahmedabad_Mirana_AssemblyLine_001_370.mp4,582063922,2026-06-13 17:37:44
visionlab/visionlab/outbound/India_Ahmedabad_Mirana_AssemblyLine_001_371.mp4,s3://humyn-data-partners-prod/visionlab/visionlab/outbound/India_Ahmedabad_Mirana_AssemblyLine_001_371.mp4,634779063,2026-06-13 17:37:44
visionlab/visionlab/outbound/India_Ahmedabad_Mirana_AssemblyLine_001_372.mp4,s3://humyn-data-partners-prod/visionlab/visionlab/outbound/India_Ahmedabad_Mirana_AssemblyLine_001_372.mp4,421423019,2026-06-13 17:37:44
visionlab/visionlab/outbound/India_Ahmedabad_Mirana_AssemblyLine_001_373.mp4,s3://humyn-data-partners-prod/visionlab/visionlab/outbound/India_Ahmedabad_Mirana_AssemblyLine_001_373.mp4,487065397,2026-06-13 17:37:44
visionlab/visionlab/outbound/India_Ahmedabad_Mirana_AssemblyLine_001_374.mp4,s3://humyn-data-partners-prod/visionlab/visionlab/outbound/India_Ahmedabad_Mirana_AssemblyLine_001_374.mp4,636136006,2026-06-13 17:37:44
visionlab/visionlab/outbound/India_Ahmedabad_Mirana_AssemblyLine_001_375.mp4,s3://humyn-data-partners-prod/visionlab/visionlab/outbound/India_Ahmedabad_Mirana_AssemblyLine_001_375.mp4,645145002,2026-06-13 17:37:44
visionlab/visionlab/outbound/India_Ahmedabad_Mirana_AssemblyLine_001_376.mp4,s3://humyn-data-partners-prod/visionlab/visionlab/outbound/India_Ahmedabad_Mirana_AssemblyLine_001_376.mp4,521565724,2026-06-13 17:37:45
visionlab/visionlab/outbound/India_Ahmedabad_Mirana_AssemblyLine_001_377.mp4,s3://humyn-data-partners-prod/visionlab/visionlab/outbound/India_Ahmedabad_Mirana_AssemblyLine_001_377.mp4,509494213,2026-06-13 17:37:45
visionlab/visionlab/outbound/India_Ahmedabad_Mirana_AssemblyLine_001_378.mp4,s3://humyn-data-partners-prod/visionlab/visionlab/outbound/India_Ahmedabad_Mirana_AssemblyLine_001_378.mp4,424753761,2026-06-13 17:37:45
visionlab/visionlab/outbound/India_Ahmedabad_Mirana_AssemblyLine_001_379.mp4,s3://humyn-data-partners-prod/visionlab/visionlab/outbound/India_Ahmedabad_Mirana_AssemblyLine_001_379.mp4,489648835,2026-06-13 17:37:45
visionlab/visionlab/outbound/India_Ahmedabad_Mirana_AssemblyLine_001_380.mp4,s3://humyn-data-partners-prod/visionlab/visionlab/outbound/India_Ahmedabad_Mirana_AssemblyLine_001_380.mp4,551931120,2026-06-13 17:37:45
visionlab/visionlab/outbound/India_Ahmedabad_Mirana_AssemblyLine_001_381.mp4,s3://humyn-data-partners-prod/visionlab/visionlab/outbound/India_Ahmedabad_Mirana_AssemblyLine_001_381.mp4,443014953,2026-06-13 17:37:46
visionlab/visionlab/outbound/India_Ahmedabad_Mirana_AssemblyLine_001_382.mp4,s3://humyn-data-partners-prod/visionlab/visionlab/outbound/India_Ahmedabad_Mirana_AssemblyLine_001_382.mp4,427791878,2026-06-13 17:37:46
visionlab/visionlab/outbound/India_Ahmedabad_Mirana_AssemblyLine_001_383.mp4,s3://humyn-data-partners-prod/visionlab/visionlab/outbound/India_Ahmedabad_Mirana_AssemblyLine_001_383.mp4,493911801,2026-06-13 17:37:46
visionlab/visionlab/outbound/India_Ahmedabad_Mirana_AssemblyLine_001_384.mp4,s3://humyn-data-partners-prod/visionlab/visionlab/outbound/India_Ahmedabad_Mirana_AssemblyLine_001_384.mp4,1072711703,2026-06-13 17:37:46
visionlab/visionlab/outbound/India_Ahmedabad_Mirana_AssemblyLine_001_385.mp4,s3://humyn-data-partners-prod/visionlab/visionlab/outbound/India_Ahmedabad_Mirana_AssemblyLine_001_385.mp4,452044043,2026-06-13 17:37:46
visionlab/visionlab/outbound/India_Ahmedabad_Mirana_AssemblyLine_001_386.mp4,s3://humyn-data-partners-prod/visionlab/visionlab/outbound/India_Ahmedabad_Mirana_AssemblyLine_001_386.mp4,261380675,2026-06-13 17:37:46
visionlab/visionlab/outbound/India_Ahmedabad_Mirana_AssemblyLine_001_387.mp4,s3://humyn-data-partners-prod/visionlab/visionlab/outbound/India_Ahmedabad_Mirana_AssemblyLine_001_387.mp4,601097966,2026-06-13 17:37:47
visionlab/visionlab/outbound/India_Ahmedabad_Mirana_AssemblyLine_001_388.mp4,s3://humyn-data-partners-prod/visionlab/visionlab/outbound/India_Ahmedabad_Mirana_AssemblyLine_001_388.mp4,545505395,2026-06-13 17:37:47
visionlab/visionlab/outbound/India_Ahmedabad_Mirana_AssemblyLine_001_389.mp4,s3://humyn-data-partners-prod/visionlab/visionlab/outbound/India_Ahmedabad_Mirana_AssemblyLine_001_389.mp4,633362832,2026-06-13 17:37:47
visionlab/visionlab/outbound/India_Ahmedabad_Mirana_AssemblyLine_001_390.mp4,s3://humyn-data-partners-prod/visionlab/visionlab/outbound/India_Ahmedabad_Mirana_AssemblyLine_001_390.mp4,630207219,2026-06-13 17:37:47
visionlab/visionlab/outbound/India_Ahmedabad_Mirana_AssemblyLine_001_391.mp4,s3://humyn-data-partners-prod/visionlab/visionlab/outbound/India_Ahmedabad_Mirana_AssemblyLine_001_391.mp4,473208670,2026-06-13 17:37:48
visionlab/visionlab/outbound/India_Ahmedabad_Mirana_AssemblyLine_001_392.mp4,s3://humyn-data-partners-prod/visionlab/visionlab/outbound/India_Ahmedabad_Mirana_AssemblyLine_001_392.mp4,469261217,2026-06-13 17:37:49
visionlab/visionlab/outbound/India_Ahmedabad_Mirana_AssemblyLine_001_393.mp4,s3://humyn-data-partners-prod/visionlab/visionlab/outbound/India_Ahmedabad_Mirana_AssemblyLine_001_393.mp4,574610515,2026-06-13 17:37:49
visionlab/visionlab/outbound/India_Ahmedabad_Mirana_AssemblyLine_001_394.mp4,s3://humyn-data-partners-prod/visionlab/visionlab/outbound/India_Ahmedabad_Mirana_AssemblyLine_001_394.mp4,489631823,2026-06-13 17:37:51
visionlab/visionlab/outbound/India_Ahmedabad_Mirana_AssemblyLine_001_395.mp4,s3://humyn-data-partners-prod/visionlab/visionlab/outbound/India_Ahmedabad_Mirana_AssemblyLine_001_395.mp4,469305045,2026-06-13 17:37:51
visionlab/visionlab/outbound/India_Ahmedabad_Mirana_AssemblyLine_001_396.mp4,s3://humyn-data-partners-prod/visionlab/visionlab/outbound/India_Ahmedabad_Mirana_AssemblyLine_001_396.mp4,520344673,2026-06-13 17:37:51
visionlab/visionlab/outbound/India_Ahmedabad_Mirana_AssemblyLine_001_397.mp4,s3://humyn-data-partners-prod/visionlab/visionlab/outbound/India_Ahmedabad_Mirana_AssemblyLine_001_397.mp4,581739325,2026-06-13 17:37:51
visionlab/visionlab/outbound/India_Ahmedabad_Mirana_AssemblyLine_001_398.mp4,s3://humyn-data-partners-prod/visionlab/visionlab/outbound/India_Ahmedabad_Mirana_AssemblyLine_001_398.mp4,486265559,2026-06-13 17:37:52
visionlab/visionlab/outbound/India_Ahmedabad_Mirana_AssemblyLine_001_399.mp4,s3://humyn-data-partners-prod/visionlab/visionlab/outbound/India_Ahmedabad_Mirana_AssemblyLine_001_399.mp4,686013452,2026-06-13 17:37:52
visionlab/visionlab/outbound/India_Ahmedabad_Mirana_AssemblyLine_001_400.mp4,s3://humyn-data-partners-prod/visionlab/visionlab/outbound/India_Ahmedabad_Mirana_AssemblyLine_001_400.mp4,560472779,2026-06-13 17:37:52
visionlab/visionlab/outbound/India_Ahmedabad_Mirana_AssemblyLine_001_401.mp4,s3://humyn-data-partners-prod/visionlab/visionlab/outbound/India_Ahmedabad_Mirana_AssemblyLine_001_401.mp4,707817215,2026-06-13 17:37:53
visionlab/visionlab/outbound/India_Ahmedabad_Mirana_AssemblyLine_001_402.mp4,s3://humyn-data-partners-prod/visionlab/visionlab/outbound/India_Ahmedabad_Mirana_AssemblyLine_001_402.mp4,565824363,2026-06-13 17:37:53
visionlab/visionlab/outbound/India_Ahmedabad_Mirana_AssemblyLine_001_403.mp4,s3://humyn-data-partners-prod/visionlab/visionlab/outbound/India_Ahmedabad_Mirana_AssemblyLine_001_403.mp4,439351697,2026-06-13 17:37:54
visionlab/visionlab/outbound/India_Ahmedabad_Mirana_AssemblyLine_001_404.mp4,s3://humyn-data-partners-prod/visionlab/visionlab/outbound/India_Ahmedabad_Mirana_AssemblyLine_001_404.mp4,501908322,2026-06-13 17:37:54
visionlab/visionlab/outbound/India_Ahmedabad_Mirana_AssemblyLine_001_405.mp4,s3://humyn-data-partners-prod/visionlab/visionlab/outbound/India_Ahmedabad_Mirana_AssemblyLine_001_405.mp4,504973878,2026-06-13 17:37:55
visionlab/visionlab/outbound/India_Ahmedabad_Mirana_AssemblyLine_001_406.mp4,s3://humyn-data-partners-prod/visionlab/visionlab/outbound/India_Ahmedabad_Mirana_AssemblyLine_001_406.mp4,569730700,2026-06-13 17:37:55
visionlab/visionlab/outbound/India_Ahmedabad_Mirana_AssemblyLine_001_407.mp4,s3://humyn-data-partners-prod/visionlab/visionlab/outbound/India_Ahmedabad_Mirana_AssemblyLine_001_407.mp4,582724454,2026-06-13 17:37:56
visionlab/visionlab/outbound/India_Ahmedabad_Mirana_AssemblyLine_001_408.mp4,s3://humyn-data-partners-prod/visionlab/visionlab/outbound/India_Ahmedabad_Mirana_AssemblyLine_001_408.mp4,534792218,2026-06-13 17:37:56
visionlab/visionlab/outbound/India_Ahmedabad_Mirana_AssemblyLine_001_409.mp4,s3://humyn-data-partners-prod/visionlab/visionlab/outbound/India_Ahmedabad_Mirana_AssemblyLine_001_409.mp4,838876843,2026-06-13 17:37:56
visionlab/visionlab/outbound/India_Ahmedabad_Mirana_AssemblyLine_001_410.mp4,s3://humyn-data-partners-prod/visionlab/visionlab/outbound/India_Ahmedabad_Mirana_AssemblyLine_001_410.mp4,600028812,2026-06-13 17:37:56
visionlab/visionlab/outbound/India_Ahmedabad_Mirana_AssemblyLine_001_411.mp4,s3://humyn-data-partners-prod/visionlab/visionlab/outbound/India_Ahmedabad_Mirana_AssemblyLine_001_411.mp4,711445385,2026-06-13 17:37:56
visionlab/visionlab/outbound/India_Ahmedabad_Mirana_AssemblyLine_001_412.mp4,s3://humyn-data-partners-prod/visionlab/visionlab/outbound/India_Ahmedabad_Mirana_AssemblyLine_001_412.mp4,557042549,2026-06-13 17:37:56
visionlab/visionlab/outbound/India_Ahmedabad_Mirana_AssemblyLine_001_413.mp4,s3://humyn-data-partners-prod/visionlab/visionlab/outbound/India_Ahmedabad_Mirana_AssemblyLine_001_413.mp4,569638039,2026-06-13 17:37:57
visionlab/visionlab/outbound/India_Ahmedabad_Mirana_AssemblyLine_001_414.mp4,s3://humyn-data-partners-prod/visionlab/visionlab/outbound/India_Ahmedabad_Mirana_AssemblyLine_001_414.mp4,661725874,2026-06-13 17:37:57
visionlab/visionlab/outbound/India_Ahmedabad_Mirana_AssemblyLine_001_415.mp4,s3://humyn-data-partners-prod/visionlab/visionlab/outbound/India_Ahmedabad_Mirana_AssemblyLine_001_415.mp4,449243921,2026-06-13 17:37:58
visionlab/visionlab/outbound/India_Ahmedabad_Mirana_AssemblyLine_001_416.mp4,s3://humyn-data-partners-prod/visionlab/visionlab/outbound/India_Ahmedabad_Mirana_AssemblyLine_001_416.mp4,633231969,2026-06-13 17:37:58
visionlab/visionlab/outbound/India_Ahmedabad_Mirana_AssemblyLine_001_417.mp4,s3://humyn-data-partners-prod/visionlab/visionlab/outbound/India_Ahmedabad_Mirana_AssemblyLine_001_417.mp4,626666160,2026-06-13 17:37:58
visionlab/visionlab/outbound/India_Ahmedabad_Mirana_AssemblyLine_001_418.mp4,s3://humyn-data-partners-prod/visionlab/visionlab/outbound/India_Ahmedabad_Mirana_AssemblyLine_001_418.mp4,343077859,2026-06-13 17:37:59
visionlab/visionlab/outbound/India_Ahmedabad_Mirana_AssemblyLine_001_419.mp4,s3://humyn-data-partners-prod/visionlab/visionlab/outbound/India_Ahmedabad_Mirana_AssemblyLine_001_419.mp4,566409396,2026-06-13 17:37:59
visionlab/visionlab/outbound/India_Ahmedabad_Mirana_AssemblyLine_001_420.mp4,s3://humyn-data-partners-prod/visionlab/visionlab/outbound/India_Ahmedabad_Mirana_AssemblyLine_001_420.mp4,571012417,2026-06-13 17:38:01
visionlab/visionlab/outbound/India_Ahmedabad_Mirana_AssemblyLine_001_421.mp4,s3://humyn-data-partners-prod/visionlab/visionlab/outbound/India_Ahmedabad_Mirana_AssemblyLine_001_421.mp4,401441385,2026-06-13 17:38:01
visionlab/visionlab/outbound/India_Ahmedabad_Mirana_AssemblyLine_001_422.mp4,s3://humyn-data-partners-prod/visionlab/visionlab/outbound/India_Ahmedabad_Mirana_AssemblyLine_001_422.mp4,480831660,2026-06-13 17:38:00
visionlab/visionlab/outbound/India_Ahmedabad_Mirana_AssemblyLine_001_423.mp4,s3://humyn-data-partners-prod/visionlab/visionlab/outbound/India_Ahmedabad_Mirana_AssemblyLine_001_423.mp4,483809178,2026-06-13 17:38:02
visionlab/visionlab/outbound/India_Ahmedabad_Mirana_AssemblyLine_001_424.mp4,s3://humyn-data-partners-prod/visionlab/visionlab/outbound/India_Ahmedabad_Mirana_AssemblyLine_001_424.mp4,640372086,2026-06-13 17:38:00
visionlab/visionlab/outbound/India_Ahmedabad_Mirana_AssemblyLine_001_425.mp4,s3://humyn-data-partners-prod/visionlab/visionlab/outbound/India_Ahmedabad_Mirana_AssemblyLine_001_425.mp4,452091820,2026-06-13 17:38:00
visionlab/visionlab/outbound/India_Ahmedabad_Mirana_AssemblyLine_001_426.mp4,s3://humyn-data-partners-prod/visionlab/visionlab/outbound/India_Ahmedabad_Mirana_AssemblyLine_001_426.mp4,535465406,2026-06-13 17:38:01
visionlab/visionlab/outbound/India_Ahmedabad_Mirana_AssemblyLine_001_427.mp4,s3://humyn-data-partners-prod/visionlab/visionlab/outbound/India_Ahmedabad_Mirana_AssemblyLine_001_427.mp4,440410858,2026-06-13 17:38:01
visionlab/visionlab/outbound/India_Ahmedabad_Mirana_AssemblyLine_001_428.mp4,s3://humyn-data-partners-prod/visionlab/visionlab/outbound/India_Ahmedabad_Mirana_AssemblyLine_001_428.mp4,526552134,2026-06-13 17:38:01
visionlab/visionlab/outbound/India_Ahmedabad_Mirana_AssemblyLine_001_429.mp4,s3://humyn-data-partners-prod/visionlab/visionlab/outbound/India_Ahmedabad_Mirana_AssemblyLine_001_429.mp4,497873692,2026-06-13 17:38:01
visionlab/visionlab/outbound/India_Ahmedabad_Mirana_AssemblyLine_001_430.mp4,s3://humyn-data-partners-prod/visionlab/visionlab/outbound/India_Ahmedabad_Mirana_AssemblyLine_001_430.mp4,504405760,2026-06-13 17:38:02
visionlab/visionlab/outbound/India_Ahmedabad_Mirana_AssemblyLine_001_431.mp4,s3://humyn-data-partners-prod/visionlab/visionlab/outbound/India_Ahmedabad_Mirana_AssemblyLine_001_431.mp4,307977285,2026-06-13 17:38:02
visionlab/visionlab/outbound/India_Ahmedabad_Mirana_AssemblyLine_001_432.mp4,s3://humyn-data-partners-prod/visionlab/visionlab/outbound/India_Ahmedabad_Mirana_AssemblyLine_001_432.mp4,662876103,2026-06-13 17:38:03
visionlab/visionlab/outbound/India_Ahmedabad_Mirana_AssemblyLine_001_433.mp4,s3://humyn-data-partners-prod/visionlab/visionlab/outbound/India_Ahmedabad_Mirana_AssemblyLine_001_433.mp4,460870645,2026-06-13 17:38:03
visionlab/visionlab/outbound/India_Ahmedabad_Mirana_AssemblyLine_001_434.mp4,s3://humyn-data-partners-prod/visionlab/visionlab/outbound/India_Ahmedabad_Mirana_AssemblyLine_001_434.mp4,479459241,2026-06-13 17:38:04
visionlab/visionlab/outbound/India_Ahmedabad_Mirana_AssemblyLine_001_435.mp4,s3://humyn-data-partners-prod/visionlab/visionlab/outbound/India_Ahmedabad_Mirana_AssemblyLine_001_435.mp4,474202943,2026-06-13 17:38:04
visionlab/visionlab/outbound/India_Ahmedabad_Mirana_AssemblyLine_001_436.mp4,s3://humyn-data-partners-prod/visionlab/visionlab/outbound/India_Ahmedabad_Mirana_AssemblyLine_001_436.mp4,887968447,2026-06-13 17:38:05
visionlab/visionlab/outbound/India_Ahmedabad_Mirana_AssemblyLine_001_437.mp4,s3://humyn-data-partners-prod/visionlab/visionlab/outbound/India_Ahmedabad_Mirana_AssemblyLine_001_437.mp4,848787631,2026-06-13 17:38:06
visionlab/visionlab/outbound/India_Ahmedabad_Mirana_AssemblyLine_001_438.mp4,s3://humyn-data-partners-prod/visionlab/visionlab/outbound/India_Ahmedabad_Mirana_AssemblyLine_001_438.mp4,458871078,2026-06-13 17:38:06
visionlab/visionlab/outbound/India_Ahmedabad_Mirana_AssemblyLine_001_439.mp4,s3://humyn-data-partners-prod/visionlab/visionlab/outbound/India_Ahmedabad_Mirana_AssemblyLine_001_439.mp4,619454853,2026-06-13 17:38:06
visionlab/visionlab/outbound/India_Ahmedabad_Mirana_AssemblyLine_001_440.mp4,s3://humyn-data-partners-prod/visionlab/visionlab/outbound/India_Ahmedabad_Mirana_AssemblyLine_001_440.mp4,710781896,2026-06-13 17:38:06
visionlab/visionlab/outbound/India_Ahmedabad_Mirana_AssemblyLine_001_441.mp4,s3://humyn-data-partners-prod/visionlab/visionlab/outbound/India_Ahmedabad_Mirana_AssemblyLine_001_441.mp4,476793786,2026-06-13 17:38:07
visionlab/visionlab/outbound/India_Ahmedabad_Mirana_AssemblyLine_001_442.mp4,s3://humyn-data-partners-prod/visionlab/visionlab/outbound/India_Ahmedabad_Mirana_AssemblyLine_001_442.mp4,622149903,2026-06-13 17:38:07
visionlab/visionlab/outbound/India_Ahmedabad_Mirana_AssemblyLine_001_443.mp4,s3://humyn-data-partners-prod/visionlab/visionlab/outbound/India_Ahmedabad_Mirana_AssemblyLine_001_443.mp4,509117185,2026-06-13 17:38:07
visionlab/visionlab/outbound/India_Ahmedabad_Mirana_AssemblyLine_001_444.mp4,s3://humyn-data-partners-prod/visionlab/visionlab/outbound/India_Ahmedabad_Mirana_AssemblyLine_001_444.mp4,605135773,2026-06-13 17:38:07
visionlab/visionlab/outbound/India_Ahmedabad_Mirana_AssemblyLine_001_445.mp4,s3://humyn-data-partners-prod/visionlab/visionlab/outbound/India_Ahmedabad_Mirana_AssemblyLine_001_445.mp4,474675448,2026-06-13 17:38:08
visionlab/visionlab/outbound/India_Ahmedabad_Mirana_AssemblyLine_001_446.mp4,s3://humyn-data-partners-prod/visionlab/visionlab/outbound/India_Ahmedabad_Mirana_AssemblyLine_001_446.mp4,526040766,2026-06-13 17:38:09
visionlab/visionlab/outbound/India_Ahmedabad_Mirana_AssemblyLine_001_447.mp4,s3://humyn-data-partners-prod/visionlab/visionlab/outbound/India_Ahmedabad_Mirana_AssemblyLine_001_447.mp4,500723153,2026-06-13 17:38:09
visionlab/visionlab/outbound/India_Ahmedabad_Mirana_AssemblyLine_001_448.mp4,s3://humyn-data-partners-prod/visionlab/visionlab/outbound/India_Ahmedabad_Mirana_AssemblyLine_001_448.mp4,597548930,2026-06-13 17:38:09
visionlab/visionlab/outbound/India_Ahmedabad_Mirana_AssemblyLine_001_449.mp4,s3://humyn-data-partners-prod/visionlab/visionlab/outbound/India_Ahmedabad_Mirana_AssemblyLine_001_449.mp4,487895242,2026-06-13 17:38:09
visionlab/visionlab/outbound/India_Ahmedabad_Mirana_AssemblyLine_001_450.mp4,s3://humyn-data-partners-prod/visionlab/visionlab/outbound/India_Ahmedabad_Mirana_AssemblyLine_001_450.mp4,519228863,2026-06-13 17:38:09
visionlab/visionlab/outbound/India_Ahmedabad_Mirana_AssemblyLine_001_451.mp4,s3://humyn-data-partners-prod/visionlab/visionlab/outbound/India_Ahmedabad_Mirana_AssemblyLine_001_451.mp4,576847481,2026-06-13 17:38:09
visionlab/visionlab/outbound/India_Ahmedabad_Mirana_AssemblyLine_001_452.mp4,s3://humyn-data-partners-prod/visionlab/visionlab/outbound/India_Ahmedabad_Mirana_AssemblyLine_001_452.mp4,433322309,2026-06-13 17:38:09
visionlab/visionlab/outbound/India_Ahmedabad_Mirana_AssemblyLine_001_453.mp4,s3://humyn-data-partners-prod/visionlab/visionlab/outbound/India_Ahmedabad_Mirana_AssemblyLine_001_453.mp4,501950709,2026-06-13 17:38:09
visionlab/visionlab/outbound/India_Ahmedabad_Mirana_AssemblyLine_001_454.mp4,s3://humyn-data-partners-prod/visionlab/visionlab/outbound/India_Ahmedabad_Mirana_AssemblyLine_001_454.mp4,594165107,2026-06-13 17:38:10
visionlab/visionlab/outbound/India_Ahmedabad_Mirana_AssemblyLine_001_455.mp4,s3://humyn-data-partners-prod/visionlab/visionlab/outbound/India_Ahmedabad_Mirana_AssemblyLine_001_455.mp4,484825115,2026-06-13 17:38:10
visionlab/visionlab/outbound/India_Ahmedabad_Mirana_AssemblyLine_001_456.mp4,s3://humyn-data-partners-prod/visionlab/visionlab/outbound/India_Ahmedabad_Mirana_AssemblyLine_001_456.mp4,527099181,2026-06-13 17:38:11
visionlab/visionlab/outbound/India_Ahmedabad_Mirana_AssemblyLine_001_457.mp4,s3://humyn-data-partners-prod/visionlab/visionlab/outbound/India_Ahmedabad_Mirana_AssemblyLine_001_457.mp4,503523971,2026-06-13 17:38:11
visionlab/visionlab/outbound/India_Ahmedabad_Mirana_AssemblyLine_001_458.mp4,s3://humyn-data-partners-prod/visionlab/visionlab/outbound/India_Ahmedabad_Mirana_AssemblyLine_001_458.mp4,582255926,2026-06-13 17:38:11
visionlab/visionlab/outbound/India_Ahmedabad_Mirana_AssemblyLine_001_459.mp4,s3://humyn-data-partners-prod/visionlab/visionlab/outbound/India_Ahmedabad_Mirana_AssemblyLine_001_459.mp4,545244190,2026-06-13 17:38:11
visionlab/visionlab/outbound/India_Ahmedabad_Mirana_AssemblyLine_001_460.mp4,s3://humyn-data-partners-prod/visionlab/visionlab/outbound/India_Ahmedabad_Mirana_AssemblyLine_001_460.mp4,693528741,2026-06-13 17:38:11
visionlab/visionlab/outbound/India_Ahmedabad_Mirana_AssemblyLine_001_461.mp4,s3://humyn-data-partners-prod/visionlab/visionlab/outbound/India_Ahmedabad_Mirana_AssemblyLine_001_461.mp4,496400031,2026-06-13 17:38:12
visionlab/visionlab/outbound/India_Ahmedabad_Mirana_AssemblyLine_001_462.mp4,s3://humyn-data-partners-prod/visionlab/visionlab/outbound/India_Ahmedabad_Mirana_AssemblyLine_001_462.mp4,474873825,2026-06-13 17:38:12
visionlab/visionlab/outbound/India_Ahmedabad_Mirana_AssemblyLine_001_463.mp4,s3://humyn-data-partners-prod/visionlab/visionlab/outbound/India_Ahmedabad_Mirana_AssemblyLine_001_463.mp4,507167380,2026-06-13 17:38:12
visionlab/visionlab/outbound/India_Ahmedabad_Mirana_AssemblyLine_001_464.mp4,s3://humyn-data-partners-prod/visionlab/visionlab/outbound/India_Ahmedabad_Mirana_AssemblyLine_001_464.mp4,498467516,2026-06-13 17:38:12
visionlab/visionlab/outbound/India_Ahmedabad_Mirana_AssemblyLine_001_465.mp4,s3://humyn-data-partners-prod/visionlab/visionlab/outbound/India_Ahmedabad_Mirana_AssemblyLine_001_465.mp4,510882211,2026-06-13 17:38:13
visionlab/visionlab/outbound/India_Ahmedabad_Mirana_AssemblyLine_001_466.mp4,s3://humyn-data-partners-prod/visionlab/visionlab/outbound/India_Ahmedabad_Mirana_AssemblyLine_001_466.mp4,555620563,2026-06-13 17:38:13
visionlab/visionlab/outbound/India_Ahmedabad_Mirana_AssemblyLine_001_467.mp4,s3://humyn-data-partners-prod/visionlab/visionlab/outbound/India_Ahmedabad_Mirana_AssemblyLine_001_467.mp4,524273975,2026-06-13 17:38:14
visionlab/visionlab/outbound/India_Ahmedabad_Mirana_AssemblyLine_001_468.mp4,s3://humyn-data-partners-prod/visionlab/visionlab/outbound/India_Ahmedabad_Mirana_AssemblyLine_001_468.mp4,417749595,2026-06-13 17:38:15
visionlab/visionlab/outbound/India_Ahmedabad_Mirana_AssemblyLine_001_469.mp4,s3://humyn-data-partners-prod/visionlab/visionlab/outbound/India_Ahmedabad_Mirana_AssemblyLine_001_469.mp4,658064814,2026-06-13 17:38:16
visionlab/visionlab/outbound/India_Ahmedabad_Mirana_AssemblyLine_001_470.mp4,s3://humyn-data-partners-prod/visionlab/visionlab/outbound/India_Ahmedabad_Mirana_AssemblyLine_001_470.mp4,873132424,2026-06-13 17:38:17
visionlab/visionlab/outbound/India_Ahmedabad_Mirana_AssemblyLine_001_471.mp4,s3://humyn-data-partners-prod/visionlab/visionlab/outbound/India_Ahmedabad_Mirana_AssemblyLine_001_471.mp4,321525966,2026-06-13 17:38:17
visionlab/visionlab/outbound/India_Ahmedabad_Mirana_AssemblyLine_001_472.mp4,s3://humyn-data-partners-prod/visionlab/visionlab/outbound/India_Ahmedabad_Mirana_AssemblyLine_001_472.mp4,468902898,2026-06-13 17:38:19
visionlab/visionlab/outbound/India_Ahmedabad_Mirana_AssemblyLine_001_473.mp4,s3://humyn-data-partners-prod/visionlab/visionlab/outbound/India_Ahmedabad_Mirana_AssemblyLine_001_473.mp4,638232664,2026-06-13 17:38:19
visionlab/visionlab/outbound/India_Ahmedabad_Mirana_AssemblyLine_001_474.mp4,s3://humyn-data-partners-prod/visionlab/visionlab/outbound/India_Ahmedabad_Mirana_AssemblyLine_001_474.mp4,582881648,2026-06-13 17:38:19
visionlab/visionlab/outbound/India_Ahmedabad_Mirana_AssemblyLine_001_475.mp4,s3://humyn-data-partners-prod/visionlab/visionlab/outbound/India_Ahmedabad_Mirana_AssemblyLine_001_475.mp4,461410668,2026-06-13 17:38:19
visionlab/visionlab/outbound/India_Ahmedabad_Mirana_AssemblyLine_001_476.mp4,s3://humyn-data-partners-prod/visionlab/visionlab/outbound/India_Ahmedabad_Mirana_AssemblyLine_001_476.mp4,520533273,2026-06-13 17:38:19
visionlab/visionlab/outbound/India_Ahmedabad_Mirana_AssemblyLine_001_477.mp4,s3://humyn-data-partners-prod/visionlab/visionlab/outbound/India_Ahmedabad_Mirana_AssemblyLine_001_477.mp4,587416245,2026-06-13 17:38:20
visionlab/visionlab/outbound/India_Ahmedabad_Mirana_AssemblyLine_001_478.mp4,s3://humyn-data-partners-prod/visionlab/visionlab/outbound/India_Ahmedabad_Mirana_AssemblyLine_001_478.mp4,552512467,2026-06-13 17:38:20
visionlab/visionlab/outbound/India_Ahmedabad_Mirana_AssemblyLine_001_479.mp4,s3://humyn-data-partners-prod/visionlab/visionlab/outbound/India_Ahmedabad_Mirana_AssemblyLine_001_479.mp4,623959161,2026-06-13 17:38:20
visionlab/visionlab/outbound/India_Ahmedabad_Mirana_AssemblyLine_001_480.mp4,s3://humyn-data-partners-prod/visionlab/visionlab/outbound/India_Ahmedabad_Mirana_AssemblyLine_001_480.mp4,580337873,2026-06-13 17:38:20
visionlab/visionlab/outbound/India_Ahmedabad_Mirana_AssemblyLine_001_481.mp4,s3://humyn-data-partners-prod/visionlab/visionlab/outbound/India_Ahmedabad_Mirana_AssemblyLine_001_481.mp4,527438572,2026-06-13 17:38:21
visionlab/visionlab/outbound/India_Ahmedabad_Mirana_AssemblyLine_001_482.mp4,s3://humyn-data-partners-prod/visionlab/visionlab/outbound/India_Ahmedabad_Mirana_AssemblyLine_001_482.mp4,480741077,2026-06-13 17:38:21
visionlab/visionlab/outbound/India_Ahmedabad_Mirana_AssemblyLine_001_483.mp4,s3://humyn-data-partners-prod/visionlab/visionlab/outbound/India_Ahmedabad_Mirana_AssemblyLine_001_483.mp4,488619576,2026-06-13 17:38:21
visionlab/visionlab/outbound/India_Ahmedabad_Mirana_AssemblyLine_001_484.mp4,s3://humyn-data-partners-prod/visionlab/visionlab/outbound/India_Ahmedabad_Mirana_AssemblyLine_001_484.mp4,583403730,2026-06-13 17:38:21
visionlab/visionlab/outbound/India_Ahmedabad_Mirana_AssemblyLine_001_485.mp4,s3://humyn-data-partners-prod/visionlab/visionlab/outbound/India_Ahmedabad_Mirana_AssemblyLine_001_485.mp4,469586209,2026-06-13 17:38:21
visionlab/visionlab/outbound/India_Ahmedabad_Mirana_AssemblyLine_001_486.mp4,s3://humyn-data-partners-prod/visionlab/visionlab/outbound/India_Ahmedabad_Mirana_AssemblyLine_001_486.mp4,498702100,2026-06-13 17:38:22
visionlab/visionlab/outbound/India_Ahmedabad_Mirana_AssemblyLine_001_487.mp4,s3://humyn-data-partners-prod/visionlab/visionlab/outbound/India_Ahmedabad_Mirana_AssemblyLine_001_487.mp4,563283527,2026-06-13 17:38:22
visionlab/visionlab/outbound/India_Ahmedabad_Mirana_AssemblyLine_001_488.mp4,s3://humyn-data-partners-prod/visionlab/visionlab/outbound/India_Ahmedabad_Mirana_AssemblyLine_001_488.mp4,504466499,2026-06-13 17:38:23
visionlab/visionlab/outbound/India_Ahmedabad_Mirana_AssemblyLine_001_489.mp4,s3://humyn-data-partners-prod/visionlab/visionlab/outbound/India_Ahmedabad_Mirana_AssemblyLine_001_489.mp4,408860104,2026-06-13 17:38:23
visionlab/visionlab/outbound/India_Ahmedabad_Mirana_AssemblyLine_001_490.mp4,s3://humyn-data-partners-prod/visionlab/visionlab/outbound/India_Ahmedabad_Mirana_AssemblyLine_001_490.mp4,581333932,2026-06-13 17:38:23
visionlab/visionlab/outbound/India_Ahmedabad_Mirana_AssemblyLine_001_491.mp4,s3://humyn-data-partners-prod/visionlab/visionlab/outbound/India_Ahmedabad_Mirana_AssemblyLine_001_491.mp4,662261783,2026-06-13 17:38:23
visionlab/visionlab/outbound/India_Ahmedabad_Mirana_AssemblyLine_001_492.mp4,s3://humyn-data-partners-prod/visionlab/visionlab/outbound/India_Ahmedabad_Mirana_AssemblyLine_001_492.mp4,590793244,2026-06-13 17:38:24
visionlab/visionlab/outbound/India_Ahmedabad_Mirana_AssemblyLine_001_493.mp4,s3://humyn-data-partners-prod/visionlab/visionlab/outbound/India_Ahmedabad_Mirana_AssemblyLine_001_493.mp4,749071401,2026-06-13 17:38:24
visionlab/visionlab/outbound/India_Ahmedabad_Mirana_AssemblyLine_001_494.mp4,s3://humyn-data-partners-prod/visionlab/visionlab/outbound/India_Ahmedabad_Mirana_AssemblyLine_001_494.mp4,639471790,2026-06-13 17:38:24
visionlab/visionlab/outbound/India_Ahmedabad_Mirana_AssemblyLine_001_495.mp4,s3://humyn-data-partners-prod/visionlab/visionlab/outbound/India_Ahmedabad_Mirana_AssemblyLine_001_495.mp4,632633891,2026-06-13 17:38:24
visionlab/visionlab/outbound/India_Ahmedabad_Mirana_AssemblyLine_001_496.mp4,s3://humyn-data-partners-prod/visionlab/visionlab/outbound/India_Ahmedabad_Mirana_AssemblyLine_001_496.mp4,581563686,2026-06-13 17:38:24
visionlab/visionlab/outbound/India_Ahmedabad_Mirana_AssemblyLine_001_497.mp4,s3://humyn-data-partners-prod/visionlab/visionlab/outbound/India_Ahmedabad_Mirana_AssemblyLine_001_497.mp4,572222145,2026-06-13 17:38:24
visionlab/visionlab/outbound/India_Ahmedabad_Mirana_AssemblyLine_001_498.mp4,s3://humyn-data-partners-prod/visionlab/visionlab/outbound/India_Ahmedabad_Mirana_AssemblyLine_001_498.mp4,547585705,2026-06-13 17:38:25
visionlab/visionlab/outbound/India_Ahmedabad_Mirana_AssemblyLine_001_499.mp4,s3://humyn-data-partners-prod/visionlab/visionlab/outbound/India_Ahmedabad_Mirana_AssemblyLine_001_499.mp4,678951403,2026-06-13 17:38:25
visionlab/visionlab/outbound/India_Ahmedabad_Mirana_AssemblyLine_001_500.mp4,s3://humyn-data-partners-prod/visionlab/visionlab/outbound/India_Ahmedabad_Mirana_AssemblyLine_001_500.mp4,616717457,2026-06-13 17:38:25
visionlab/visionlab/outbound/India_Ahmedabad_Mirana_AssemblyLine_001_501.mp4,s3://humyn-data-partners-prod/visionlab/visionlab/outbound/India_Ahmedabad_Mirana_AssemblyLine_001_501.mp4,604786219,2026-06-13 17:38:27
visionlab/visionlab/outbound/India_Ahmedabad_Mirana_AssemblyLine_001_502.mp4,s3://humyn-data-partners-prod/visionlab/visionlab/outbound/India_Ahmedabad_Mirana_AssemblyLine_001_502.mp4,629675408,2026-06-13 17:38:27
visionlab/visionlab/outbound/India_Ahmedabad_Mirana_AssemblyLine_001_503.mp4,s3://humyn-data-partners-prod/visionlab/visionlab/outbound/India_Ahmedabad_Mirana_AssemblyLine_001_503.mp4,633746032,2026-06-13 17:38:29
visionlab/visionlab/outbound/India_Ahmedabad_Mirana_AssemblyLine_001_504.mp4,s3://humyn-data-partners-prod/visionlab/visionlab/outbound/India_Ahmedabad_Mirana_AssemblyLine_001_504.mp4,533008814,2026-06-13 17:38:29
visionlab/visionlab/outbound/India_Ahmedabad_Mirana_AssemblyLine_001_505.mp4,s3://humyn-data-partners-prod/visionlab/visionlab/outbound/India_Ahmedabad_Mirana_AssemblyLine_001_505.mp4,553367306,2026-06-13 17:38:30
visionlab/visionlab/outbound/India_Ahmedabad_Mirana_AssemblyLine_001_506.mp4,s3://humyn-data-partners-prod/visionlab/visionlab/outbound/India_Ahmedabad_Mirana_AssemblyLine_001_506.mp4,578464583,2026-06-13 17:38:30
visionlab/visionlab/outbound/India_Ahmedabad_Mirana_AssemblyLine_001_507.mp4,s3://humyn-data-partners-prod/visionlab/visionlab/outbound/India_Ahmedabad_Mirana_AssemblyLine_001_507.mp4,447740368,2026-06-13 17:38:30
visionlab/visionlab/outbound/India_Ahmedabad_Mirana_AssemblyLine_001_508.mp4,s3://humyn-data-partners-prod/visionlab/visionlab/outbound/India_Ahmedabad_Mirana_AssemblyLine_001_508.mp4,448485720,2026-06-13 17:38:30
visionlab/visionlab/outbound/India_Ahmedabad_Mirana_AssemblyLine_001_509.mp4,s3://humyn-data-partners-prod/visionlab/visionlab/outbound/India_Ahmedabad_Mirana_AssemblyLine_001_509.mp4,486824418,2026-06-13 17:38:31
visionlab/visionlab/outbound/India_Ahmedabad_Mirana_AssemblyLine_001_510.mp4,s3://humyn-data-partners-prod/visionlab/visionlab/outbound/India_Ahmedabad_Mirana_AssemblyLine_001_510.mp4,462606148,2026-06-13 17:38:31
visionlab/visionlab/outbound/India_Ahmedabad_Mirana_AssemblyLine_001_511.mp4,s3://humyn-data-partners-prod/visionlab/visionlab/outbound/India_Ahmedabad_Mirana_AssemblyLine_001_511.mp4,500372018,2026-06-13 17:38:31
visionlab/visionlab/outbound/India_Ahmedabad_Mirana_AssemblyLine_001_512.mp4,s3://humyn-data-partners-prod/visionlab/visionlab/outbound/India_Ahmedabad_Mirana_AssemblyLine_001_512.mp4,366561155,2026-06-13 17:38:31
visionlab/visionlab/outbound/India_Ahmedabad_Mirana_AssemblyLine_001_513.mp4,s3://humyn-data-partners-prod/visionlab/visionlab/outbound/India_Ahmedabad_Mirana_AssemblyLine_001_513.mp4,422415312,2026-06-13 17:38:32
visionlab/visionlab/outbound/India_Ahmedabad_Mirana_AssemblyLine_001_514.mp4,s3://humyn-data-partners-prod/visionlab/visionlab/outbound/India_Ahmedabad_Mirana_AssemblyLine_001_514.mp4,356897159,2026-06-13 17:38:32
visionlab/visionlab/outbound/India_Ahmedabad_Mirana_AssemblyLine_001_515.mp4,s3://humyn-data-partners-prod/visionlab/visionlab/outbound/India_Ahmedabad_Mirana_AssemblyLine_001_515.mp4,595642134,2026-06-13 17:38:32
visionlab/visionlab/outbound/India_Ahmedabad_Mirana_AssemblyLine_001_516.mp4,s3://humyn-data-partners-prod/visionlab/visionlab/outbound/India_Ahmedabad_Mirana_AssemblyLine_001_516.mp4,541535918,2026-06-13 17:38:32
visionlab/visionlab/outbound/India_Ahmedabad_Mirana_AssemblyLine_001_517.mp4,s3://humyn-data-partners-prod/visionlab/visionlab/outbound/India_Ahmedabad_Mirana_AssemblyLine_001_517.mp4,501476458,2026-06-13 17:38:32
visionlab/visionlab/outbound/India_Ahmedabad_Mirana_AssemblyLine_001_518.mp4,s3://humyn-data-partners-prod/visionlab/visionlab/outbound/India_Ahmedabad_Mirana_AssemblyLine_001_518.mp4,545922718,2026-06-13 17:38:33
visionlab/visionlab/outbound/India_Ahmedabad_Mirana_AssemblyLine_001_519.mp4,s3://humyn-data-partners-prod/visionlab/visionlab/outbound/India_Ahmedabad_Mirana_AssemblyLine_001_519.mp4,747665930,2026-06-13 17:38:34
visionlab/visionlab/outbound/India_Ahmedabad_Mirana_AssemblyLine_001_520.mp4,s3://humyn-data-partners-prod/visionlab/visionlab/outbound/India_Ahmedabad_Mirana_AssemblyLine_001_520.mp4,492581686,2026-06-13 17:38:34
visionlab/visionlab/outbound/India_Ahmedabad_Mirana_AssemblyLine_001_521.mp4,s3://humyn-data-partners-prod/visionlab/visionlab/outbound/India_Ahmedabad_Mirana_AssemblyLine_001_521.mp4,564975250,2026-06-13 17:38:35
visionlab/visionlab/outbound/India_Ahmedabad_Mirana_AssemblyLine_001_522.mp4,s3://humyn-data-partners-prod/visionlab/visionlab/outbound/India_Ahmedabad_Mirana_AssemblyLine_001_522.mp4,462157545,2026-06-13 17:38:35
visionlab/visionlab/outbound/India_Ahmedabad_Mirana_AssemblyLine_001_523.mp4,s3://humyn-data-partners-prod/visionlab/visionlab/outbound/India_Ahmedabad_Mirana_AssemblyLine_001_523.mp4,548181811,2026-06-13 17:38:35
visionlab/visionlab/outbound/India_Ahmedabad_Mirana_AssemblyLine_001_524.mp4,s3://humyn-data-partners-prod/visionlab/visionlab/outbound/India_Ahmedabad_Mirana_AssemblyLine_001_524.mp4,414799467,2026-06-13 17:38:35
visionlab/visionlab/outbound/India_Ahmedabad_Mirana_AssemblyLine_001_525.mp4,s3://humyn-data-partners-prod/visionlab/visionlab/outbound/India_Ahmedabad_Mirana_AssemblyLine_001_525.mp4,502833086,2026-06-13 17:38:35
visionlab/visionlab/outbound/India_Ahmedabad_Mirana_AssemblyLine_001_526.mp4,s3://humyn-data-partners-prod/visionlab/visionlab/outbound/India_Ahmedabad_Mirana_AssemblyLine_001_526.mp4,499754282,2026-06-13 17:38:35
visionlab/visionlab/outbound/India_Ahmedabad_Mirana_AssemblyLine_001_527.mp4,s3://humyn-data-partners-prod/visionlab/visionlab/outbound/India_Ahmedabad_Mirana_AssemblyLine_001_527.mp4,658929934,2026-06-13 17:38:35
visionlab/visionlab/outbound/India_Ahmedabad_Mirana_AssemblyLine_001_528.mp4,s3://humyn-data-partners-prod/visionlab/visionlab/outbound/India_Ahmedabad_Mirana_AssemblyLine_001_528.mp4,512170919,2026-06-13 17:38:37
visionlab/visionlab/outbound/India_Ahmedabad_Mirana_AssemblyLine_001_529.mp4,s3://humyn-data-partners-prod/visionlab/visionlab/outbound/India_Ahmedabad_Mirana_AssemblyLine_001_529.mp4,469775964,2026-06-13 17:38:37
visionlab/visionlab/outbound/India_Ahmedabad_Mirana_AssemblyLine_001_530.mp4,s3://humyn-data-partners-prod/visionlab/visionlab/outbound/India_Ahmedabad_Mirana_AssemblyLine_001_530.mp4,621114540,2026-06-13 17:38:37
visionlab/visionlab/outbound/India_Ahmedabad_Mirana_AssemblyLine_001_531.mp4,s3://humyn-data-partners-prod/visionlab/visionlab/outbound/India_Ahmedabad_Mirana_AssemblyLine_001_531.mp4,498991098,2026-06-13 17:38:38
visionlab/visionlab/outbound/India_Ahmedabad_Mirana_AssemblyLine_001_532.mp4,s3://humyn-data-partners-prod/visionlab/visionlab/outbound/India_Ahmedabad_Mirana_AssemblyLine_001_532.mp4,619205953,2026-06-13 17:38:39
visionlab/visionlab/outbound/India_Ahmedabad_Mirana_AssemblyLine_001_533.mp4,s3://humyn-data-partners-prod/visionlab/visionlab/outbound/India_Ahmedabad_Mirana_AssemblyLine_001_533.mp4,536428644,2026-06-13 17:38:39
visionlab/visionlab/outbound/India_Ahmedabad_Mirana_AssemblyLine_001_534.mp4,s3://humyn-data-partners-prod/visionlab/visionlab/outbound/India_Ahmedabad_Mirana_AssemblyLine_001_534.mp4,549320306,2026-06-13 17:38:39
visionlab/visionlab/outbound/India_Ahmedabad_Mirana_AssemblyLine_001_535.mp4,s3://humyn-data-partners-prod/visionlab/visionlab/outbound/India_Ahmedabad_Mirana_AssemblyLine_001_535.mp4,672076033,2026-06-13 17:38:40
visionlab/visionlab/outbound/India_Ahmedabad_Mirana_AssemblyLine_001_536.mp4,s3://humyn-data-partners-prod/visionlab/visionlab/outbound/India_Ahmedabad_Mirana_AssemblyLine_001_536.mp4,859560858,2026-06-13 17:38:40
visionlab/visionlab/outbound/India_Ahmedabad_Mirana_AssemblyLine_001_537.mp4,s3://humyn-data-partners-prod/visionlab/visionlab/outbound/India_Ahmedabad_Mirana_AssemblyLine_001_537.mp4,450189639,2026-06-13 17:38:40
visionlab/visionlab/outbound/India_Ahmedabad_Mirana_AssemblyLine_001_538.mp4,s3://humyn-data-partners-prod/visionlab/visionlab/outbound/India_Ahmedabad_Mirana_AssemblyLine_001_538.mp4,244359112,2026-06-13 17:38:40
visionlab/visionlab/outbound/India_Ahmedabad_Mirana_AssemblyLine_001_539.mp4,s3://humyn-data-partners-prod/visionlab/visionlab/outbound/India_Ahmedabad_Mirana_AssemblyLine_001_539.mp4,309472227,2026-06-13 17:38:41
visionlab/visionlab/outbound/India_Ahmedabad_Mirana_AssemblyLine_001_540.mp4,s3://humyn-data-partners-prod/visionlab/visionlab/outbound/India_Ahmedabad_Mirana_AssemblyLine_001_540.mp4,637630459,2026-06-13 17:38:41
visionlab/visionlab/outbound/India_Ahmedabad_Mirana_AssemblyLine_001_541.mp4,s3://humyn-data-partners-prod/visionlab/visionlab/outbound/India_Ahmedabad_Mirana_AssemblyLine_001_541.mp4,548888158,2026-06-13 17:38:41
visionlab/visionlab/outbound/India_Ahmedabad_Mirana_AssemblyLine_001_542.mp4,s3://humyn-data-partners-prod/visionlab/visionlab/outbound/India_Ahmedabad_Mirana_AssemblyLine_001_542.mp4,615527318,2026-06-13 17:38:41
visionlab/visionlab/outbound/India_Ahmedabad_Mirana_AssemblyLine_001_543.mp4,s3://humyn-data-partners-prod/visionlab/visionlab/outbound/India_Ahmedabad_Mirana_AssemblyLine_001_543.mp4,662047736,2026-06-13 17:38:42
visionlab/visionlab/outbound/India_Ahmedabad_Mirana_AssemblyLine_001_544.mp4,s3://humyn-data-partners-prod/visionlab/visionlab/outbound/India_Ahmedabad_Mirana_AssemblyLine_001_544.mp4,562270559,2026-06-13 17:38:42
visionlab/visionlab/outbound/India_Ahmedabad_Mirana_AssemblyLine_001_545.mp4,s3://humyn-data-partners-prod/visionlab/visionlab/outbound/India_Ahmedabad_Mirana_AssemblyLine_001_545.mp4,517679065,2026-06-13 17:38:43
visionlab/visionlab/outbound/India_Ahmedabad_Mirana_AssemblyLine_001_546.mp4,s3://humyn-data-partners-prod/visionlab/visionlab/outbound/India_Ahmedabad_Mirana_AssemblyLine_001_546.mp4,682805488,2026-06-13 17:38:43
visionlab/visionlab/outbound/India_Ahmedabad_Mirana_AssemblyLine_001_547.mp4,s3://humyn-data-partners-prod/visionlab/visionlab/outbound/India_Ahmedabad_Mirana_AssemblyLine_001_547.mp4,549268051,2026-06-13 17:38:44
visionlab/visionlab/outbound/India_Ahmedabad_Mirana_AssemblyLine_001_548.mp4,s3://humyn-data-partners-prod/visionlab/visionlab/outbound/India_Ahmedabad_Mirana_AssemblyLine_001_548.mp4,520950015,2026-06-13 17:38:44
visionlab/visionlab/outbound/India_Ahmedabad_Mirana_AssemblyLine_001_549.mp4,s3://humyn-data-partners-prod/visionlab/visionlab/outbound/India_Ahmedabad_Mirana_AssemblyLine_001_549.mp4,621000823,2026-06-13 17:38:44
visionlab/visionlab/outbound/India_Ahmedabad_Mirana_AssemblyLine_001_550.mp4,s3://humyn-data-partners-prod/visionlab/visionlab/outbound/India_Ahmedabad_Mirana_AssemblyLine_001_550.mp4,633402436,2026-06-13 17:38:44
visionlab/visionlab/outbound/India_Ahmedabad_Mirana_AssemblyLine_001_551.mp4,s3://humyn-data-partners-prod/visionlab/visionlab/outbound/India_Ahmedabad_Mirana_AssemblyLine_001_551.mp4,491361134,2026-06-13 17:38:44
visionlab/visionlab/outbound/India_Ahmedabad_Mirana_AssemblyLine_001_552.mp4,s3://humyn-data-partners-prod/visionlab/visionlab/outbound/India_Ahmedabad_Mirana_AssemblyLine_001_552.mp4,522002040,2026-06-13 17:38:44
visionlab/visionlab/outbound/India_Ahmedabad_Mirana_AssemblyLine_001_553.mp4,s3://humyn-data-partners-prod/visionlab/visionlab/outbound/India_Ahmedabad_Mirana_AssemblyLine_001_553.mp4,558428151,2026-06-13 17:38:45
visionlab/visionlab/outbound/India_Ahmedabad_Mirana_AssemblyLine_001_554.mp4,s3://humyn-data-partners-prod/visionlab/visionlab/outbound/India_Ahmedabad_Mirana_AssemblyLine_001_554.mp4,553742283,2026-06-13 17:38:45
visionlab/visionlab/outbound/India_Ahmedabad_Mirana_AssemblyLine_001_555.mp4,s3://humyn-data-partners-prod/visionlab/visionlab/outbound/India_Ahmedabad_Mirana_AssemblyLine_001_555.mp4,546366029,2026-06-13 17:38:45
visionlab/visionlab/outbound/India_Ahmedabad_Mirana_AssemblyLine_001_556.mp4,s3://humyn-data-partners-prod/visionlab/visionlab/outbound/India_Ahmedabad_Mirana_AssemblyLine_001_556.mp4,631852592,2026-06-13 17:38:46
visionlab/visionlab/outbound/India_Ahmedabad_Mirana_AssemblyLine_001_557.mp4,s3://humyn-data-partners-prod/visionlab/visionlab/outbound/India_Ahmedabad_Mirana_AssemblyLine_001_557.mp4,601957399,2026-06-13 17:38:46
visionlab/visionlab/outbound/India_Ahmedabad_Mirana_AssemblyLine_001_558.mp4,s3://humyn-data-partners-prod/visionlab/visionlab/outbound/India_Ahmedabad_Mirana_AssemblyLine_001_558.mp4,1133435223,2026-06-13 17:38:46
visionlab/visionlab/outbound/India_Ahmedabad_Mirana_AssemblyLine_001_559.mp4,s3://humyn-data-partners-prod/visionlab/visionlab/outbound/India_Ahmedabad_Mirana_AssemblyLine_001_559.mp4,400581007,2026-06-13 17:38:46
visionlab/visionlab/outbound/India_Ahmedabad_Mirana_AssemblyLine_001_560.mp4,s3://humyn-data-partners-prod/visionlab/visionlab/outbound/India_Ahmedabad_Mirana_AssemblyLine_001_560.mp4,962420426,2026-06-13 17:38:47
visionlab/visionlab/outbound/India_Ahmedabad_Mirana_AssemblyLine_001_561.mp4,s3://humyn-data-partners-prod/visionlab/visionlab/outbound/India_Ahmedabad_Mirana_AssemblyLine_001_561.mp4,924036686,2026-06-13 17:38:47
visionlab/visionlab/outbound/India_Ahmedabad_Mirana_AssemblyLine_001_562.mp4,s3://humyn-data-partners-prod/visionlab/visionlab/outbound/India_Ahmedabad_Mirana_AssemblyLine_001_562.mp4,923449029,2026-06-13 17:38:47
visionlab/visionlab/outbound/India_Ahmedabad_Mirana_AssemblyLine_001_563.mp4,s3://humyn-data-partners-prod/visionlab/visionlab/outbound/India_Ahmedabad_Mirana_AssemblyLine_001_563.mp4,370688947,2026-06-13 17:38:48
visionlab/visionlab/outbound/India_Ahmedabad_Mirana_AssemblyLine_001_564.mp4,s3://humyn-data-partners-prod/visionlab/visionlab/outbound/India_Ahmedabad_Mirana_AssemblyLine_001_564.mp4,580794180,2026-06-13 17:38:48
visionlab/visionlab/outbound/India_Ahmedabad_Mirana_AssemblyLine_001_565.mp4,s3://humyn-data-partners-prod/visionlab/visionlab/outbound/India_Ahmedabad_Mirana_AssemblyLine_001_565.mp4,601612590,2026-06-13 17:38:49
visionlab/visionlab/outbound/India_Ahmedabad_Mirana_AssemblyLine_001_566.mp4,s3://humyn-data-partners-prod/visionlab/visionlab/outbound/India_Ahmedabad_Mirana_AssemblyLine_001_566.mp4,532829442,2026-06-13 17:38:49
visionlab/visionlab/outbound/India_Ahmedabad_Mirana_AssemblyLine_001_567.mp4,s3://humyn-data-partners-prod/visionlab/visionlab/outbound/India_Ahmedabad_Mirana_AssemblyLine_001_567.mp4,548420166,2026-06-13 17:38:49
visionlab/visionlab/outbound/India_Ahmedabad_Mirana_AssemblyLine_001_568.mp4,s3://humyn-data-partners-prod/visionlab/visionlab/outbound/India_Ahmedabad_Mirana_AssemblyLine_001_568.mp4,591302279,2026-06-13 17:38:50
visionlab/visionlab/outbound/India_Ahmedabad_Mirana_AssemblyLine_001_569.mp4,s3://humyn-data-partners-prod/visionlab/visionlab/outbound/India_Ahmedabad_Mirana_AssemblyLine_001_569.mp4,506324660,2026-06-13 17:38:51
visionlab/visionlab/outbound/India_Ahmedabad_Mirana_AssemblyLine_001_570.mp4,s3://humyn-data-partners-prod/visionlab/visionlab/outbound/India_Ahmedabad_Mirana_AssemblyLine_001_570.mp4,629755654,2026-06-13 17:38:52
visionlab/visionlab/outbound/India_Ahmedabad_Mirana_AssemblyLine_001_571.mp4,s3://humyn-data-partners-prod/visionlab/visionlab/outbound/India_Ahmedabad_Mirana_AssemblyLine_001_571.mp4,481799496,2026-06-13 17:38:52
visionlab/visionlab/outbound/India_Ahmedabad_Mirana_AssemblyLine_001_572.mp4,s3://humyn-data-partners-prod/visionlab/visionlab/outbound/India_Ahmedabad_Mirana_AssemblyLine_001_572.mp4,560152317,2026-06-13 17:38:52
visionlab/visionlab/outbound/India_Ahmedabad_Mirana_AssemblyLine_001_573.mp4,s3://humyn-data-partners-prod/visionlab/visionlab/outbound/India_Ahmedabad_Mirana_AssemblyLine_001_573.mp4,479409851,2026-06-13 17:38:53
visionlab/visionlab/outbound/India_Ahmedabad_Mirana_AssemblyLine_001_574.mp4,s3://humyn-data-partners-prod/visionlab/visionlab/outbound/India_Ahmedabad_Mirana_AssemblyLine_001_574.mp4,578067158,2026-06-13 17:38:53
visionlab/visionlab/outbound/India_Ahmedabad_Mirana_AssemblyLine_001_575.mp4,s3://humyn-data-partners-prod/visionlab/visionlab/outbound/India_Ahmedabad_Mirana_AssemblyLine_001_575.mp4,599762963,2026-06-13 17:38:54
visionlab/visionlab/outbound/India_Ahmedabad_Mirana_AssemblyLine_001_576.mp4,s3://humyn-data-partners-prod/visionlab/visionlab/outbound/India_Ahmedabad_Mirana_AssemblyLine_001_576.mp4,536254518,2026-06-13 17:38:54
visionlab/visionlab/outbound/India_Ahmedabad_Mirana_AssemblyLine_001_577.mp4,s3://humyn-data-partners-prod/visionlab/visionlab/outbound/India_Ahmedabad_Mirana_AssemblyLine_001_577.mp4,469604798,2026-06-13 17:38:54
visionlab/visionlab/outbound/India_Ahmedabad_Mirana_AssemblyLine_001_578.mp4,s3://humyn-data-partners-prod/visionlab/visionlab/outbound/India_Ahmedabad_Mirana_AssemblyLine_001_578.mp4,455192577,2026-06-13 17:38:54
visionlab/visionlab/outbound/India_Ahmedabad_Mirana_AssemblyLine_001_579.mp4,s3://humyn-data-partners-prod/visionlab/visionlab/outbound/India_Ahmedabad_Mirana_AssemblyLine_001_579.mp4,423353606,2026-06-13 17:38:54
visionlab/visionlab/outbound/India_Ahmedabad_Mirana_AssemblyLine_001_580.mp4,s3://humyn-data-partners-prod/visionlab/visionlab/outbound/India_Ahmedabad_Mirana_AssemblyLine_001_580.mp4,506050126,2026-06-13 17:38:54
visionlab/visionlab/outbound/India_Ahmedabad_Mirana_AssemblyLine_001_581.mp4,s3://humyn-data-partners-prod/visionlab/visionlab/outbound/India_Ahmedabad_Mirana_AssemblyLine_001_581.mp4,515715065,2026-06-13 17:38:55
visionlab/visionlab/outbound/India_Ahmedabad_Mirana_AssemblyLine_001_582.mp4,s3://humyn-data-partners-prod/visionlab/visionlab/outbound/India_Ahmedabad_Mirana_AssemblyLine_001_582.mp4,514783082,2026-06-13 17:38:55
visionlab/visionlab/outbound/India_Ahmedabad_Mirana_AssemblyLine_001_583.mp4,s3://humyn-data-partners-prod/visionlab/visionlab/outbound/India_Ahmedabad_Mirana_AssemblyLine_001_583.mp4,474689694,2026-06-13 17:38:55
visionlab/visionlab/outbound/India_Ahmedabad_Mirana_AssemblyLine_001_584.mp4,s3://humyn-data-partners-prod/visionlab/visionlab/outbound/India_Ahmedabad_Mirana_AssemblyLine_001_584.mp4,471251577,2026-06-13 17:38:56
visionlab/visionlab/outbound/India_Ahmedabad_Mirana_AssemblyLine_001_585.mp4,s3://humyn-data-partners-prod/visionlab/visionlab/outbound/India_Ahmedabad_Mirana_AssemblyLine_001_585.mp4,464832198,2026-06-13 17:38:56
visionlab/visionlab/outbound/India_Ahmedabad_Mirana_AssemblyLine_001_586.mp4,s3://humyn-data-partners-prod/visionlab/visionlab/outbound/India_Ahmedabad_Mirana_AssemblyLine_001_586.mp4,475273594,2026-06-13 17:38:56
visionlab/visionlab/outbound/India_Ahmedabad_Mirana_AssemblyLine_001_587.mp4,s3://humyn-data-partners-prod/visionlab/visionlab/outbound/India_Ahmedabad_Mirana_AssemblyLine_001_587.mp4,697675774,2026-06-13 17:38:56
visionlab/visionlab/outbound/India_Ahmedabad_Mirana_AssemblyLine_001_588.mp4,s3://humyn-data-partners-prod/visionlab/visionlab/outbound/India_Ahmedabad_Mirana_AssemblyLine_001_588.mp4,426077441,2026-06-13 17:38:56
visionlab/visionlab/outbound/India_Ahmedabad_Mirana_AssemblyLine_001_589.mp4,s3://humyn-data-partners-prod/visionlab/visionlab/outbound/India_Ahmedabad_Mirana_AssemblyLine_001_589.mp4,623992883,2026-06-13 17:38:56
visionlab/visionlab/outbound/India_Ahmedabad_Mirana_AssemblyLine_001_590.mp4,s3://humyn-data-partners-prod/visionlab/visionlab/outbound/India_Ahmedabad_Mirana_AssemblyLine_001_590.mp4,442963550,2026-06-13 17:38:57
visionlab/visionlab/outbound/India_Ahmedabad_Mirana_AssemblyLine_001_591.mp4,s3://humyn-data-partners-prod/visionlab/visionlab/outbound/India_Ahmedabad_Mirana_AssemblyLine_001_591.mp4,466846251,2026-06-13 17:38:57
visionlab/visionlab/outbound/India_Ahmedabad_Mirana_AssemblyLine_001_592.mp4,s3://humyn-data-partners-prod/visionlab/visionlab/outbound/India_Ahmedabad_Mirana_AssemblyLine_001_592.mp4,660289821,2026-06-13 17:38:59
visionlab/visionlab/outbound/India_Ahmedabad_Mirana_AssemblyLine_001_593.mp4,s3://humyn-data-partners-prod/visionlab/visionlab/outbound/India_Ahmedabad_Mirana_AssemblyLine_001_593.mp4,304980327,2026-06-13 17:38:59
visionlab/visionlab/outbound/India_Ahmedabad_Mirana_AssemblyLine_001_594.mp4,s3://humyn-data-partners-prod/visionlab/visionlab/outbound/India_Ahmedabad_Mirana_AssemblyLine_001_594.mp4,640944119,2026-06-13 17:38:59
visionlab/visionlab/outbound/India_Ahmedabad_Mirana_AssemblyLine_001_595.mp4,s3://humyn-data-partners-prod/visionlab/visionlab/outbound/India_Ahmedabad_Mirana_AssemblyLine_001_595.mp4,532476452,2026-06-13 17:39:00
visionlab/visionlab/outbound/India_Ahmedabad_Mirana_AssemblyLine_001_596.mp4,s3://humyn-data-partners-prod/visionlab/visionlab/outbound/India_Ahmedabad_Mirana_AssemblyLine_001_596.mp4,610964933,2026-06-13 17:39:00
visionlab/visionlab/outbound/India_Ahmedabad_Mirana_AssemblyLine_001_597.mp4,s3://humyn-data-partners-prod/visionlab/visionlab/outbound/India_Ahmedabad_Mirana_AssemblyLine_001_597.mp4,687640522,2026-06-13 17:39:02
visionlab/visionlab/outbound/India_Ahmedabad_Mirana_AssemblyLine_001_598.mp4,s3://humyn-data-partners-prod/visionlab/visionlab/outbound/India_Ahmedabad_Mirana_AssemblyLine_001_598.mp4,596545515,2026-06-13 17:39:02
visionlab/visionlab/outbound/India_Ahmedabad_Mirana_AssemblyLine_001_599.mp4,s3://humyn-data-partners-prod/visionlab/visionlab/outbound/India_Ahmedabad_Mirana_AssemblyLine_001_599.mp4,573446127,2026-06-13 17:39:02
visionlab/visionlab/outbound/India_Ahmedabad_Mirana_AssemblyLine_001_600.mp4,s3://humyn-data-partners-prod/visionlab/visionlab/outbound/India_Ahmedabad_Mirana_AssemblyLine_001_600.mp4,560441545,2026-06-13 17:39:03
visionlab/visionlab/outbound/India_Ahmedabad_Mirana_AssemblyLine_001_601.mp4,s3://humyn-data-partners-prod/visionlab/visionlab/outbound/India_Ahmedabad_Mirana_AssemblyLine_001_601.mp4,652232597,2026-06-13 17:39:03
visionlab/visionlab/outbound/India_Ahmedabad_Mirana_AssemblyLine_001_602.mp4,s3://humyn-data-partners-prod/visionlab/visionlab/outbound/India_Ahmedabad_Mirana_AssemblyLine_001_602.mp4,452094296,2026-06-13 17:39:03
visionlab/visionlab/outbound/India_Ahmedabad_Mirana_AssemblyLine_001_603.mp4,s3://humyn-data-partners-prod/visionlab/visionlab/outbound/India_Ahmedabad_Mirana_AssemblyLine_001_603.mp4,486327811,2026-06-13 17:39:03
visionlab/visionlab/outbound/India_Ahmedabad_Mirana_AssemblyLine_001_604.mp4,s3://humyn-data-partners-prod/visionlab/visionlab/outbound/India_Ahmedabad_Mirana_AssemblyLine_001_604.mp4,468992813,2026-06-13 17:39:04
visionlab/visionlab/outbound/India_Ahmedabad_Mirana_AssemblyLine_001_605.mp4,s3://humyn-data-partners-prod/visionlab/visionlab/outbound/India_Ahmedabad_Mirana_AssemblyLine_001_605.mp4,562248203,2026-06-13 17:39:04
visionlab/visionlab/outbound/India_Ahmedabad_Mirana_AssemblyLine_001_606.mp4,s3://humyn-data-partners-prod/visionlab/visionlab/outbound/India_Ahmedabad_Mirana_AssemblyLine_001_606.mp4,480814650,2026-06-13 17:39:04
visionlab/visionlab/outbound/India_Ahmedabad_Mirana_AssemblyLine_001_607.mp4,s3://humyn-data-partners-prod/visionlab/visionlab/outbound/India_Ahmedabad_Mirana_AssemblyLine_001_607.mp4,559192824,2026-06-13 17:39:04
visionlab/visionlab/outbound/India_Ahmedabad_Mirana_AssemblyLine_001_608.mp4,s3://humyn-data-partners-prod/visionlab/visionlab/outbound/India_Ahmedabad_Mirana_AssemblyLine_001_608.mp4,517311460,2026-06-13 17:39:04
visionlab/visionlab/outbound/India_Ahmedabad_Mirana_AssemblyLine_001_609.mp4,s3://humyn-data-partners-prod/visionlab/visionlab/outbound/India_Ahmedabad_Mirana_AssemblyLine_001_609.mp4,640692222,2026-06-13 17:39:04
visionlab/visionlab/outbound/India_Ahmedabad_Mirana_AssemblyLine_001_610.mp4,s3://humyn-data-partners-prod/visionlab/visionlab/outbound/India_Ahmedabad_Mirana_AssemblyLine_001_610.mp4,495997925,2026-06-13 17:39:04
visionlab/visionlab/outbound/India_Ahmedabad_Mirana_AssemblyLine_001_611.mp4,s3://humyn-data-partners-prod/visionlab/visionlab/outbound/India_Ahmedabad_Mirana_AssemblyLine_001_611.mp4,403089728,2026-06-13 17:39:04
visionlab/visionlab/outbound/India_Ahmedabad_Mirana_AssemblyLine_001_612.mp4,s3://humyn-data-partners-prod/visionlab/visionlab/outbound/India_Ahmedabad_Mirana_AssemblyLine_001_612.mp4,561492126,2026-06-13 17:39:04
visionlab/visionlab/outbound/India_Ahmedabad_Mirana_AssemblyLine_001_613.mp4,s3://humyn-data-partners-prod/visionlab/visionlab/outbound/India_Ahmedabad_Mirana_AssemblyLine_001_613.mp4,502137108,2026-06-13 17:39:04
visionlab/visionlab/outbound/India_Ahmedabad_Mirana_AssemblyLine_001_614.mp4,s3://humyn-data-partners-prod/visionlab/visionlab/outbound/India_Ahmedabad_Mirana_AssemblyLine_001_614.mp4,515635648,2026-06-13 17:39:04
visionlab/visionlab/outbound/India_Ahmedabad_Mirana_AssemblyLine_001_615.mp4,s3://humyn-data-partners-prod/visionlab/visionlab/outbound/India_Ahmedabad_Mirana_AssemblyLine_001_615.mp4,454804129,2026-06-13 17:39:05
visionlab/visionlab/outbound/India_Ahmedabad_Mirana_AssemblyLine_001_616.mp4,s3://humyn-data-partners-prod/visionlab/visionlab/outbound/India_Ahmedabad_Mirana_AssemblyLine_001_616.mp4,508602793,2026-06-13 17:39:05
visionlab/visionlab/outbound/India_Ahmedabad_Mirana_AssemblyLine_001_617.mp4,s3://humyn-data-partners-prod/visionlab/visionlab/outbound/India_Ahmedabad_Mirana_AssemblyLine_001_617.mp4,919538177,2026-06-13 17:39:05
visionlab/visionlab/outbound/India_Ahmedabad_Mirana_AssemblyLine_001_618.mp4,s3://humyn-data-partners-prod/visionlab/visionlab/outbound/India_Ahmedabad_Mirana_AssemblyLine_001_618.mp4,263251673,2026-06-13 17:39:05
visionlab/visionlab/outbound/India_Ahmedabad_Mirana_AssemblyLine_001_619.mp4,s3://humyn-data-partners-prod/visionlab/visionlab/outbound/India_Ahmedabad_Mirana_AssemblyLine_001_619.mp4,499979445,2026-06-13 17:39:05
visionlab/visionlab/outbound/India_Ahmedabad_Mirana_AssemblyLine_001_620.mp4,s3://humyn-data-partners-prod/visionlab/visionlab/outbound/India_Ahmedabad_Mirana_AssemblyLine_001_620.mp4,526331030,2026-06-13 17:39:05
visionlab/visionlab/outbound/India_Ahmedabad_Mirana_AssemblyLine_001_621.mp4,s3://humyn-data-partners-prod/visionlab/visionlab/outbound/India_Ahmedabad_Mirana_AssemblyLine_001_621.mp4,600017916,2026-06-13 17:39:06
visionlab/visionlab/outbound/India_Ahmedabad_Mirana_AssemblyLine_001_622.mp4,s3://humyn-data-partners-prod/visionlab/visionlab/outbound/India_Ahmedabad_Mirana_AssemblyLine_001_622.mp4,458065068,2026-06-13 17:39:06
visionlab/visionlab/outbound/India_Ahmedabad_Mirana_AssemblyLine_001_623.mp4,s3://humyn-data-partners-prod/visionlab/visionlab/outbound/India_Ahmedabad_Mirana_AssemblyLine_001_623.mp4,548763103,2026-06-13 17:39:08
visionlab/visionlab/outbound/India_Ahmedabad_Mirana_AssemblyLine_001_624.mp4,s3://humyn-data-partners-prod/visionlab/visionlab/outbound/India_Ahmedabad_Mirana_AssemblyLine_001_624.mp4,652633903,2026-06-13 17:39:09
visionlab/visionlab/outbound/India_Ahmedabad_Mirana_AssemblyLine_001_625.mp4,s3://humyn-data-partners-prod/visionlab/visionlab/outbound/India_Ahmedabad_Mirana_AssemblyLine_001_625.mp4,568795059,2026-06-13 17:39:09
visionlab/visionlab/outbound/India_Ahmedabad_Mirana_AssemblyLine_001_626.mp4,s3://humyn-data-partners-prod/visionlab/visionlab/outbound/India_Ahmedabad_Mirana_AssemblyLine_001_626.mp4,667998520,2026-06-13 17:39:11
visionlab/visionlab/outbound/India_Ahmedabad_Mirana_AssemblyLine_001_627.mp4,s3://humyn-data-partners-prod/visionlab/visionlab/outbound/India_Ahmedabad_Mirana_AssemblyLine_001_627.mp4,495202122,2026-06-13 17:39:11
visionlab/visionlab/outbound/India_Ahmedabad_Mirana_AssemblyLine_001_628.mp4,s3://humyn-data-partners-prod/visionlab/visionlab/outbound/India_Ahmedabad_Mirana_AssemblyLine_001_628.mp4,518583168,2026-06-13 17:39:11
visionlab/visionlab/outbound/India_Ahmedabad_Mirana_AssemblyLine_001_629.mp4,s3://humyn-data-partners-prod/visionlab/visionlab/outbound/India_Ahmedabad_Mirana_AssemblyLine_001_629.mp4,517870671,2026-06-13 17:39:13
visionlab/visionlab/outbound/India_Ahmedabad_Mirana_AssemblyLine_001_630.mp4,s3://humyn-data-partners-prod/visionlab/visionlab/outbound/India_Ahmedabad_Mirana_AssemblyLine_001_630.mp4,529515741,2026-06-13 17:39:13
visionlab/visionlab/outbound/India_Ahmedabad_Mirana_AssemblyLine_001_631.mp4,s3://humyn-data-partners-prod/visionlab/visionlab/outbound/India_Ahmedabad_Mirana_AssemblyLine_001_631.mp4,400985792,2026-06-13 17:39:13
visionlab/visionlab/outbound/India_Ahmedabad_Mirana_AssemblyLine_001_632.mp4,s3://humyn-data-partners-prod/visionlab/visionlab/outbound/India_Ahmedabad_Mirana_AssemblyLine_001_632.mp4,447943311,2026-06-13 17:39:13
visionlab/visionlab/outbound/India_Ahmedabad_Mirana_AssemblyLine_001_633.mp4,s3://humyn-data-partners-prod/visionlab/visionlab/outbound/India_Ahmedabad_Mirana_AssemblyLine_001_633.mp4,529146130,2026-06-13 17:39:14
visionlab/visionlab/outbound/India_Ahmedabad_Mirana_AssemblyLine_001_634.mp4,s3://humyn-data-partners-prod/visionlab/visionlab/outbound/India_Ahmedabad_Mirana_AssemblyLine_001_634.mp4,376259230,2026-06-13 17:39:14
visionlab/visionlab/outbound/India_Ahmedabad_Mirana_AssemblyLine_001_635.mp4,s3://humyn-data-partners-prod/visionlab/visionlab/outbound/India_Ahmedabad_Mirana_AssemblyLine_001_635.mp4,616630173,2026-06-13 17:39:15
visionlab/visionlab/outbound/India_Ahmedabad_Mirana_AssemblyLine_001_636.mp4,s3://humyn-data-partners-prod/visionlab/visionlab/outbound/India_Ahmedabad_Mirana_AssemblyLine_001_636.mp4,210522460,2026-06-13 17:39:15
visionlab/visionlab/outbound/India_Ahmedabad_Mirana_AssemblyLine_001_637.mp4,s3://humyn-data-partners-prod/visionlab/visionlab/outbound/India_Ahmedabad_Mirana_AssemblyLine_001_637.mp4,353491714,2026-06-13 17:39:15
visionlab/visionlab/outbound/India_Ahmedabad_Mirana_AssemblyLine_001_638.mp4,s3://humyn-data-partners-prod/visionlab/visionlab/outbound/India_Ahmedabad_Mirana_AssemblyLine_001_638.mp4,562769082,2026-06-13 17:39:15
visionlab/visionlab/outbound/India_Ahmedabad_Mirana_AssemblyLine_001_639.mp4,s3://humyn-data-partners-prod/visionlab/visionlab/outbound/India_Ahmedabad_Mirana_AssemblyLine_001_639.mp4,649967797,2026-06-13 17:39:15
visionlab/visionlab/outbound/India_Ahmedabad_Mirana_AssemblyLine_001_640.mp4,s3://humyn-data-partners-prod/visionlab/visionlab/outbound/India_Ahmedabad_Mirana_AssemblyLine_001_640.mp4,658242918,2026-06-13 17:39:15
visionlab/visionlab/outbound/India_Ahmedabad_Mirana_AssemblyLine_001_641.mp4,s3://humyn-data-partners-prod/visionlab/visionlab/outbound/India_Ahmedabad_Mirana_AssemblyLine_001_641.mp4,548976731,2026-06-13 17:39:15
visionlab/visionlab/outbound/India_Ahmedabad_Mirana_AssemblyLine_001_642.mp4,s3://humyn-data-partners-prod/visionlab/visionlab/outbound/India_Ahmedabad_Mirana_AssemblyLine_001_642.mp4,563497048,2026-06-13 17:39:15
visionlab/visionlab/outbound/India_Ahmedabad_Mirana_AssemblyLine_001_643.mp4,s3://humyn-data-partners-prod/visionlab/visionlab/outbound/India_Ahmedabad_Mirana_AssemblyLine_001_643.mp4,568564496,2026-06-13 17:39:15
visionlab/visionlab/outbound/India_Ahmedabad_Mirana_AssemblyLine_001_644.mp4,s3://humyn-data-partners-prod/visionlab/visionlab/outbound/India_Ahmedabad_Mirana_AssemblyLine_001_644.mp4,542763214,2026-06-13 17:39:15
visionlab/visionlab/outbound/India_Ahmedabad_Mirana_AssemblyLine_001_645.mp4,s3://humyn-data-partners-prod/visionlab/visionlab/outbound/India_Ahmedabad_Mirana_AssemblyLine_001_645.mp4,504264082,2026-06-13 17:39:15
visionlab/visionlab/outbound/India_Ahmedabad_Mirana_AssemblyLine_001_646.mp4,s3://humyn-data-partners-prod/visionlab/visionlab/outbound/India_Ahmedabad_Mirana_AssemblyLine_001_646.mp4,535018303,2026-06-13 17:39:16
visionlab/visionlab/outbound/India_Ahmedabad_Mirana_AssemblyLine_001_647.mp4,s3://humyn-data-partners-prod/visionlab/visionlab/outbound/India_Ahmedabad_Mirana_AssemblyLine_001_647.mp4,471571067,2026-06-13 17:39:16
visionlab/visionlab/outbound/India_Ahmedabad_Mirana_AssemblyLine_001_648.mp4,s3://humyn-data-partners-prod/visionlab/visionlab/outbound/India_Ahmedabad_Mirana_AssemblyLine_001_648.mp4,538457506,2026-06-13 17:39:16
visionlab/visionlab/outbound/India_Ahmedabad_Mirana_AssemblyLine_001_649.mp4,s3://humyn-data-partners-prod/visionlab/visionlab/outbound/India_Ahmedabad_Mirana_AssemblyLine_001_649.mp4,516754240,2026-06-13 17:39:16
visionlab/visionlab/outbound/India_Ahmedabad_Mirana_AssemblyLine_001_650.mp4,s3://humyn-data-partners-prod/visionlab/visionlab/outbound/India_Ahmedabad_Mirana_AssemblyLine_001_650.mp4,484091374,2026-06-13 17:39:16
visionlab/visionlab/outbound/India_Ahmedabad_Mirana_AssemblyLine_001_651.mp4,s3://humyn-data-partners-prod/visionlab/visionlab/outbound/India_Ahmedabad_Mirana_AssemblyLine_001_651.mp4,479589273,2026-06-13 17:39:17
visionlab/visionlab/outbound/India_Ahmedabad_Mirana_AssemblyLine_001_652.mp4,s3://humyn-data-partners-prod/visionlab/visionlab/outbound/India_Ahmedabad_Mirana_AssemblyLine_001_652.mp4,576790677,2026-06-13 17:39:17
visionlab/visionlab/outbound/India_Ahmedabad_Mirana_AssemblyLine_001_653.mp4,s3://humyn-data-partners-prod/visionlab/visionlab/outbound/India_Ahmedabad_Mirana_AssemblyLine_001_653.mp4,537619348,2026-06-13 17:39:18
visionlab/visionlab/outbound/India_Ahmedabad_Mirana_AssemblyLine_001_654.mp4,s3://humyn-data-partners-prod/visionlab/visionlab/outbound/India_Ahmedabad_Mirana_AssemblyLine_001_654.mp4,535244992,2026-06-13 17:39:18
visionlab/visionlab/outbound/India_Ahmedabad_Mirana_AssemblyLine_001_655.mp4,s3://humyn-data-partners-prod/visionlab/visionlab/outbound/India_Ahmedabad_Mirana_AssemblyLine_001_655.mp4,495384158,2026-06-13 17:39:19
visionlab/visionlab/outbound/India_Ahmedabad_Mirana_AssemblyLine_001_656.mp4,s3://humyn-data-partners-prod/visionlab/visionlab/outbound/India_Ahmedabad_Mirana_AssemblyLine_001_656.mp4,735737764,2026-06-13 17:39:19
visionlab/visionlab/outbound/India_Ahmedabad_Mirana_AssemblyLine_001_657.mp4,s3://humyn-data-partners-prod/visionlab/visionlab/outbound/India_Ahmedabad_Mirana_AssemblyLine_001_657.mp4,496439126,2026-06-13 17:39:20
visionlab/visionlab/outbound/India_Ahmedabad_Mirana_AssemblyLine_001_658.mp4,s3://humyn-data-partners-prod/visionlab/visionlab/outbound/India_Ahmedabad_Mirana_AssemblyLine_001_658.mp4,633388463,2026-06-13 17:39:21
visionlab/visionlab/outbound/India_Ahmedabad_Mirana_AssemblyLine_001_659.mp4,s3://humyn-data-partners-prod/visionlab/visionlab/outbound/India_Ahmedabad_Mirana_AssemblyLine_001_659.mp4,536053824,2026-06-13 17:39:21
visionlab/visionlab/outbound/India_Ahmedabad_Mirana_AssemblyLine_001_660.mp4,s3://humyn-data-partners-prod/visionlab/visionlab/outbound/India_Ahmedabad_Mirana_AssemblyLine_001_660.mp4,455538902,2026-06-13 17:39:21
visionlab/visionlab/outbound/India_Ahmedabad_Mirana_AssemblyLine_001_661.mp4,s3://humyn-data-partners-prod/visionlab/visionlab/outbound/India_Ahmedabad_Mirana_AssemblyLine_001_661.mp4,513137151,2026-06-13 17:39:21
visionlab/visionlab/outbound/India_Ahmedabad_Mirana_AssemblyLine_001_662.mp4,s3://humyn-data-partners-prod/visionlab/visionlab/outbound/India_Ahmedabad_Mirana_AssemblyLine_001_662.mp4,479322996,2026-06-13 17:39:21
visionlab/visionlab/outbound/India_Ahmedabad_Mirana_AssemblyLine_001_663.mp4,s3://humyn-data-partners-prod/visionlab/visionlab/outbound/India_Ahmedabad_Mirana_AssemblyLine_001_663.mp4,567071350,2026-06-13 17:39:21
visionlab/visionlab/outbound/India_Ahmedabad_Mirana_AssemblyLine_001_664.mp4,s3://humyn-data-partners-prod/visionlab/visionlab/outbound/India_Ahmedabad_Mirana_AssemblyLine_001_664.mp4,629125712,2026-06-13 17:39:21
visionlab/visionlab/outbound/India_Ahmedabad_Mirana_AssemblyLine_001_665.mp4,s3://humyn-data-partners-prod/visionlab/visionlab/outbound/India_Ahmedabad_Mirana_AssemblyLine_001_665.mp4,554223313,2026-06-13 17:39:22
visionlab/visionlab/outbound/India_Ahmedabad_Mirana_AssemblyLine_001_666.mp4,s3://humyn-data-partners-prod/visionlab/visionlab/outbound/India_Ahmedabad_Mirana_AssemblyLine_001_666.mp4,604782522,2026-06-13 17:39:23
visionlab/visionlab/outbound/India_Ahmedabad_Mirana_AssemblyLine_001_667.mp4,s3://humyn-data-partners-prod/visionlab/visionlab/outbound/India_Ahmedabad_Mirana_AssemblyLine_001_667.mp4,616171704,2026-06-13 17:39:24
visionlab/visionlab/outbound/India_Ahmedabad_Mirana_AssemblyLine_001_668.mp4,s3://humyn-data-partners-prod/visionlab/visionlab/outbound/India_Ahmedabad_Mirana_AssemblyLine_001_668.mp4,516687261,2026-06-13 17:39:24
visionlab/visionlab/outbound/India_Ahmedabad_Mirana_AssemblyLine_001_669.mp4,s3://humyn-data-partners-prod/visionlab/visionlab/outbound/India_Ahmedabad_Mirana_AssemblyLine_001_669.mp4,525190768,2026-06-13 17:39:25
visionlab/visionlab/outbound/India_Ahmedabad_Mirana_AssemblyLine_001_670.mp4,s3://humyn-data-partners-prod/visionlab/visionlab/outbound/India_Ahmedabad_Mirana_AssemblyLine_001_670.mp4,471489573,2026-06-13 17:39:25
visionlab/visionlab/outbound/India_Ahmedabad_Mirana_AssemblyLine_001_671.mp4,s3://humyn-data-partners-prod/visionlab/visionlab/outbound/India_Ahmedabad_Mirana_AssemblyLine_001_671.mp4,543323221,2026-06-13 17:39:25
visionlab/visionlab/outbound/India_Ahmedabad_Mirana_AssemblyLine_001_672.mp4,s3://humyn-data-partners-prod/visionlab/visionlab/outbound/India_Ahmedabad_Mirana_AssemblyLine_001_672.mp4,555580859,2026-06-13 17:39:25
visionlab/visionlab/outbound/India_Ahmedabad_Mirana_AssemblyLine_001_673.mp4,s3://humyn-data-partners-prod/visionlab/visionlab/outbound/India_Ahmedabad_Mirana_AssemblyLine_001_673.mp4,594582560,2026-06-13 17:39:26
visionlab/visionlab/outbound/India_Ahmedabad_Mirana_AssemblyLine_001_674.mp4,s3://humyn-data-partners-prod/visionlab/visionlab/outbound/India_Ahmedabad_Mirana_AssemblyLine_001_674.mp4,470951974,2026-06-13 17:39:26
visionlab/visionlab/outbound/India_Ahmedabad_Mirana_AssemblyLine_001_675.mp4,s3://humyn-data-partners-prod/visionlab/visionlab/outbound/India_Ahmedabad_Mirana_AssemblyLine_001_675.mp4,629343641,2026-06-13 17:39:26
visionlab/visionlab/outbound/India_Ahmedabad_Mirana_AssemblyLine_001_676.mp4,s3://humyn-data-partners-prod/visionlab/visionlab/outbound/India_Ahmedabad_Mirana_AssemblyLine_001_676.mp4,536408292,2026-06-13 17:39:26
visionlab/visionlab/outbound/India_Ahmedabad_Mirana_AssemblyLine_001_677.mp4,s3://humyn-data-partners-prod/visionlab/visionlab/outbound/India_Ahmedabad_Mirana_AssemblyLine_001_677.mp4,581361128,2026-06-13 17:39:26
visionlab/visionlab/outbound/India_Ahmedabad_Mirana_AssemblyLine_001_678.mp4,s3://humyn-data-partners-prod/visionlab/visionlab/outbound/India_Ahmedabad_Mirana_AssemblyLine_001_678.mp4,451714249,2026-06-13 17:39:27
visionlab/visionlab/outbound/India_Ahmedabad_Mirana_AssemblyLine_001_679.mp4,s3://humyn-data-partners-prod/visionlab/visionlab/outbound/India_Ahmedabad_Mirana_AssemblyLine_001_679.mp4,462543570,2026-06-13 17:39:27
visionlab/visionlab/outbound/India_Ahmedabad_Mirana_AssemblyLine_001_680.mp4,s3://humyn-data-partners-prod/visionlab/visionlab/outbound/India_Ahmedabad_Mirana_AssemblyLine_001_680.mp4,639924885,2026-06-13 17:39:27
visionlab/visionlab/outbound/India_Ahmedabad_Mirana_AssemblyLine_001_681.mp4,s3://humyn-data-partners-prod/visionlab/visionlab/outbound/India_Ahmedabad_Mirana_AssemblyLine_001_681.mp4,412889927,2026-06-13 17:39:27
visionlab/visionlab/outbound/India_Ahmedabad_Mirana_AssemblyLine_001_682.mp4,s3://humyn-data-partners-prod/visionlab/visionlab/outbound/India_Ahmedabad_Mirana_AssemblyLine_001_682.mp4,514004965,2026-06-13 17:39:27
visionlab/visionlab/outbound/India_Ahmedabad_Mirana_AssemblyLine_001_683.mp4,s3://humyn-data-partners-prod/visionlab/visionlab/outbound/India_Ahmedabad_Mirana_AssemblyLine_001_683.mp4,512571215,2026-06-13 17:39:28
visionlab/visionlab/outbound/India_Ahmedabad_Mirana_AssemblyLine_001_684.mp4,s3://humyn-data-partners-prod/visionlab/visionlab/outbound/India_Ahmedabad_Mirana_AssemblyLine_001_684.mp4,517440039,2026-06-13 17:39:28
visionlab/visionlab/outbound/India_Ahmedabad_Mirana_AssemblyLine_001_685.mp4,s3://humyn-data-partners-prod/visionlab/visionlab/outbound/India_Ahmedabad_Mirana_AssemblyLine_001_685.mp4,383029418,2026-06-13 17:39:28
visionlab/visionlab/outbound/India_Ahmedabad_Mirana_AssemblyLine_001_686.mp4,s3://humyn-data-partners-prod/visionlab/visionlab/outbound/India_Ahmedabad_Mirana_AssemblyLine_001_686.mp4,546778650,2026-06-13 17:39:28
visionlab/visionlab/outbound/India_Ahmedabad_Mirana_AssemblyLine_001_687.mp4,s3://humyn-data-partners-prod/visionlab/visionlab/outbound/India_Ahmedabad_Mirana_AssemblyLine_001_687.mp4,623335840,2026-06-13 17:39:29
visionlab/visionlab/outbound/India_Ahmedabad_Mirana_AssemblyLine_001_688.mp4,s3://humyn-data-partners-prod/visionlab/visionlab/outbound/India_Ahmedabad_Mirana_AssemblyLine_001_688.mp4,530328887,2026-06-13 17:39:29
visionlab/visionlab/outbound/India_Ahmedabad_Mirana_AssemblyLine_001_689.mp4,s3://humyn-data-partners-prod/visionlab/visionlab/outbound/India_Ahmedabad_Mirana_AssemblyLine_001_689.mp4,553882819,2026-06-13 17:39:29
visionlab/visionlab/outbound/India_Ahmedabad_Mirana_AssemblyLine_001_690.mp4,s3://humyn-data-partners-prod/visionlab/visionlab/outbound/India_Ahmedabad_Mirana_AssemblyLine_001_690.mp4,1110727161,2026-06-13 17:39:30
visionlab/visionlab/outbound/India_Ahmedabad_Mirana_AssemblyLine_001_691.mp4,s3://humyn-data-partners-prod/visionlab/visionlab/outbound/India_Ahmedabad_Mirana_AssemblyLine_001_691.mp4,934989004,2026-06-13 17:39:30
visionlab/visionlab/outbound/India_Ahmedabad_Mirana_AssemblyLine_001_692.mp4,s3://humyn-data-partners-prod/visionlab/visionlab/outbound/India_Ahmedabad_Mirana_AssemblyLine_001_692.mp4,960910430,2026-06-13 17:39:31
visionlab/visionlab/outbound/India_Ahmedabad_Mirana_AssemblyLine_001_693.mp4,s3://humyn-data-partners-prod/visionlab/visionlab/outbound/India_Ahmedabad_Mirana_AssemblyLine_001_693.mp4,970441492,2026-06-13 17:39:32
visionlab/visionlab/outbound/India_Ahmedabad_Mirana_AssemblyLine_001_694.mp4,s3://humyn-data-partners-prod/visionlab/visionlab/outbound/India_Ahmedabad_Mirana_AssemblyLine_001_694.mp4,876617490,2026-06-13 17:39:32
visionlab/visionlab/outbound/India_Ahmedabad_Mirana_AssemblyLine_001_695.mp4,s3://humyn-data-partners-prod/visionlab/visionlab/outbound/India_Ahmedabad_Mirana_AssemblyLine_001_695.mp4,565277768,2026-06-13 17:39:32
visionlab/visionlab/outbound/India_Ahmedabad_Mirana_AssemblyLine_001_696.mp4,s3://humyn-data-partners-prod/visionlab/visionlab/outbound/India_Ahmedabad_Mirana_AssemblyLine_001_696.mp4,531966998,2026-06-13 17:39:33
visionlab/visionlab/outbound/India_Ahmedabad_Mirana_AssemblyLine_001_697.mp4,s3://humyn-data-partners-prod/visionlab/visionlab/outbound/India_Ahmedabad_Mirana_AssemblyLine_001_697.mp4,540981780,2026-06-13 17:39:34
visionlab/visionlab/outbound/India_Ahmedabad_Mirana_AssemblyLine_001_698.mp4,s3://humyn-data-partners-prod/visionlab/visionlab/outbound/India_Ahmedabad_Mirana_AssemblyLine_001_698.mp4,681654742,2026-06-13 17:39:35
visionlab/visionlab/outbound/India_Ahmedabad_Mirana_AssemblyLine_001_699.mp4,s3://humyn-data-partners-prod/visionlab/visionlab/outbound/India_Ahmedabad_Mirana_AssemblyLine_001_699.mp4,562019875,2026-06-13 17:39:35
visionlab/visionlab/outbound/India_Ahmedabad_Mirana_AssemblyLine_001_700.mp4,s3://humyn-data-partners-prod/visionlab/visionlab/outbound/India_Ahmedabad_Mirana_AssemblyLine_001_700.mp4,628502980,2026-06-13 17:39:36
visionlab/visionlab/outbound/India_Ahmedabad_Mirana_AssemblyLine_001_701.mp4,s3://humyn-data-partners-prod/visionlab/visionlab/outbound/India_Ahmedabad_Mirana_AssemblyLine_001_701.mp4,592058489,2026-06-13 17:39:36
visionlab/visionlab/outbound/India_Ahmedabad_Mirana_AssemblyLine_001_702.mp4,s3://humyn-data-partners-prod/visionlab/visionlab/outbound/India_Ahmedabad_Mirana_AssemblyLine_001_702.mp4,500731388,2026-06-13 17:39:36
visionlab/visionlab/outbound/India_Ahmedabad_Mirana_AssemblyLine_001_703.mp4,s3://humyn-data-partners-prod/visionlab/visionlab/outbound/India_Ahmedabad_Mirana_AssemblyLine_001_703.mp4,512244650,2026-06-13 17:39:36
visionlab/visionlab/outbound/India_Ahmedabad_Mirana_AssemblyLine_001_704.mp4,s3://humyn-data-partners-prod/visionlab/visionlab/outbound/India_Ahmedabad_Mirana_AssemblyLine_001_704.mp4,497419947,2026-06-13 17:39:36
visionlab/visionlab/outbound/India_Ahmedabad_Mirana_AssemblyLine_001_705.mp4,s3://humyn-data-partners-prod/visionlab/visionlab/outbound/India_Ahmedabad_Mirana_AssemblyLine_001_705.mp4,475899870,2026-06-13 17:39:37
visionlab/visionlab/outbound/India_Ahmedabad_Mirana_AssemblyLine_001_706.mp4,s3://humyn-data-partners-prod/visionlab/visionlab/outbound/India_Ahmedabad_Mirana_AssemblyLine_001_706.mp4,515018830,2026-06-13 17:39:37
visionlab/visionlab/outbound/India_Ahmedabad_Mirana_AssemblyLine_001_707.mp4,s3://humyn-data-partners-prod/visionlab/visionlab/outbound/India_Ahmedabad_Mirana_AssemblyLine_001_707.mp4,525810191,2026-06-13 17:39:37
visionlab/visionlab/outbound/India_Ahmedabad_Mirana_AssemblyLine_001_708.mp4,s3://humyn-data-partners-prod/visionlab/visionlab/outbound/India_Ahmedabad_Mirana_AssemblyLine_001_708.mp4,570206550,2026-06-13 17:39:37
visionlab/visionlab/outbound/India_Ahmedabad_Mirana_AssemblyLine_001_709.mp4,s3://humyn-data-partners-prod/visionlab/visionlab/outbound/India_Ahmedabad_Mirana_AssemblyLine_001_709.mp4,627623939,2026-06-13 17:39:38
visionlab/visionlab/outbound/India_Ahmedabad_Mirana_AssemblyLine_001_710.mp4,s3://humyn-data-partners-prod/visionlab/visionlab/outbound/India_Ahmedabad_Mirana_AssemblyLine_001_710.mp4,506302300,2026-06-13 17:39:38
visionlab/visionlab/outbound/India_Ahmedabad_Mirana_AssemblyLine_001_711.mp4,s3://humyn-data-partners-prod/visionlab/visionlab/outbound/India_Ahmedabad_Mirana_AssemblyLine_001_711.mp4,684681138,2026-06-13 17:39:38
visionlab/visionlab/outbound/India_Ahmedabad_Mirana_AssemblyLine_001_712.mp4,s3://humyn-data-partners-prod/visionlab/visionlab/outbound/India_Ahmedabad_Mirana_AssemblyLine_001_712.mp4,585078832,2026-06-13 17:39:38
visionlab/visionlab/outbound/India_Ahmedabad_Mirana_AssemblyLine_001_713.mp4,s3://humyn-data-partners-prod/visionlab/visionlab/outbound/India_Ahmedabad_Mirana_AssemblyLine_001_713.mp4,508474805,2026-06-13 17:39:38
visionlab/visionlab/outbound/India_Ahmedabad_Mirana_AssemblyLine_001_714.mp4,s3://humyn-data-partners-prod/visionlab/visionlab/outbound/India_Ahmedabad_Mirana_AssemblyLine_001_714.mp4,583946290,2026-06-13 17:39:39
visionlab/visionlab/outbound/India_Ahmedabad_Mirana_AssemblyLine_001_715.mp4,s3://humyn-data-partners-prod/visionlab/visionlab/outbound/India_Ahmedabad_Mirana_AssemblyLine_001_715.mp4,598026689,2026-06-13 17:39:39
visionlab/visionlab/outbound/India_Ahmedabad_Mirana_AssemblyLine_001_716.mp4,s3://humyn-data-partners-prod/visionlab/visionlab/outbound/India_Ahmedabad_Mirana_AssemblyLine_001_716.mp4,495897455,2026-06-13 17:39:40
visionlab/visionlab/outbound/India_Ahmedabad_Mirana_AssemblyLine_001_717.mp4,s3://humyn-data-partners-prod/visionlab/visionlab/outbound/India_Ahmedabad_Mirana_AssemblyLine_001_717.mp4,556396003,2026-06-13 17:39:40
visionlab/visionlab/outbound/India_Ahmedabad_Mirana_AssemblyLine_001_718.mp4,s3://humyn-data-partners-prod/visionlab/visionlab/outbound/India_Ahmedabad_Mirana_AssemblyLine_001_718.mp4,565156799,2026-06-13 17:39:40
visionlab/visionlab/outbound/India_Ahmedabad_Mirana_AssemblyLine_001_719.mp4,s3://humyn-data-partners-prod/visionlab/visionlab/outbound/India_Ahmedabad_Mirana_AssemblyLine_001_719.mp4,514314416,2026-06-13 17:39:40
visionlab/visionlab/outbound/India_Ahmedabad_Mirana_AssemblyLine_001_720.mp4,s3://humyn-data-partners-prod/visionlab/visionlab/outbound/India_Ahmedabad_Mirana_AssemblyLine_001_720.mp4,654151346,2026-06-13 17:39:41
visionlab/visionlab/outbound/India_Ahmedabad_Mirana_AssemblyLine_001_721.mp4,s3://humyn-data-partners-prod/visionlab/visionlab/outbound/India_Ahmedabad_Mirana_AssemblyLine_001_721.mp4,505557567,2026-06-13 17:39:42
visionlab/visionlab/outbound/India_Ahmedabad_Mirana_AssemblyLine_001_722.mp4,s3://humyn-data-partners-prod/visionlab/visionlab/outbound/India_Ahmedabad_Mirana_AssemblyLine_001_722.mp4,760551529,2026-06-13 17:39:44
visionlab/visionlab/outbound/India_Ahmedabad_Mirana_AssemblyLine_001_723.mp4,s3://humyn-data-partners-prod/visionlab/visionlab/outbound/India_Ahmedabad_Mirana_AssemblyLine_001_723.mp4,437939454,2026-06-13 17:39:45
visionlab/visionlab/outbound/India_Ahmedabad_Mirana_AssemblyLine_001_724.mp4,s3://humyn-data-partners-prod/visionlab/visionlab/outbound/India_Ahmedabad_Mirana_AssemblyLine_001_724.mp4,532290581,2026-06-13 17:39:46
visionlab/visionlab/outbound/India_Ahmedabad_Mirana_AssemblyLine_001_725.mp4,s3://humyn-data-partners-prod/visionlab/visionlab/outbound/India_Ahmedabad_Mirana_AssemblyLine_001_725.mp4,483365953,2026-06-13 17:39:47
visionlab/visionlab/outbound/India_Ahmedabad_Mirana_AssemblyLine_001_726.mp4,s3://humyn-data-partners-prod/visionlab/visionlab/outbound/India_Ahmedabad_Mirana_AssemblyLine_001_726.mp4,595087120,2026-06-13 17:39:47
visionlab/visionlab/outbound/India_Ahmedabad_Mirana_AssemblyLine_001_727.mp4,s3://humyn-data-partners-prod/visionlab/visionlab/outbound/India_Ahmedabad_Mirana_AssemblyLine_001_727.mp4,403859864,2026-06-13 17:39:47
visionlab/visionlab/outbound/India_Ahmedabad_Mirana_AssemblyLine_001_728.mp4,s3://humyn-data-partners-prod/visionlab/visionlab/outbound/India_Ahmedabad_Mirana_AssemblyLine_001_728.mp4,634428256,2026-06-13 17:39:47
visionlab/visionlab/outbound/India_Ahmedabad_Mirana_AssemblyLine_001_729.mp4,s3://humyn-data-partners-prod/visionlab/visionlab/outbound/India_Ahmedabad_Mirana_AssemblyLine_001_729.mp4,403665166,2026-06-13 17:39:47
visionlab/visionlab/outbound/India_Ahmedabad_Mirana_AssemblyLine_001_730.mp4,s3://humyn-data-partners-prod/visionlab/visionlab/outbound/India_Ahmedabad_Mirana_AssemblyLine_001_730.mp4,825862890,2026-06-13 17:39:48
visionlab/visionlab/outbound/India_Ahmedabad_Mirana_AssemblyLine_001_731.mp4,s3://humyn-data-partners-prod/visionlab/visionlab/outbound/India_Ahmedabad_Mirana_AssemblyLine_001_731.mp4,993944465,2026-06-13 17:39:48
visionlab/visionlab/outbound/India_Ahmedabad_Mirana_AssemblyLine_001_732.mp4,s3://humyn-data-partners-prod/visionlab/visionlab/outbound/India_Ahmedabad_Mirana_AssemblyLine_001_732.mp4,613385166,2026-06-13 17:39:48
visionlab/visionlab/outbound/India_Ahmedabad_Mirana_AssemblyLine_001_733.mp4,s3://humyn-data-partners-prod/visionlab/visionlab/outbound/India_Ahmedabad_Mirana_AssemblyLine_001_733.mp4,519443916,2026-06-13 17:39:48
visionlab/visionlab/outbound/India_Ahmedabad_Mirana_AssemblyLine_001_734.mp4,s3://humyn-data-partners-prod/visionlab/visionlab/outbound/India_Ahmedabad_Mirana_AssemblyLine_001_734.mp4,513005477,2026-06-13 17:39:49
visionlab/visionlab/outbound/India_Ahmedabad_Mirana_AssemblyLine_001_735.mp4,s3://humyn-data-partners-prod/visionlab/visionlab/outbound/India_Ahmedabad_Mirana_AssemblyLine_001_735.mp4,564714917,2026-06-13 17:39:49
visionlab/visionlab/outbound/India_Ahmedabad_Mirana_AssemblyLine_001_736.mp4,s3://humyn-data-partners-prod/visionlab/visionlab/outbound/India_Ahmedabad_Mirana_AssemblyLine_001_736.mp4,491466711,2026-06-13 17:39:49
visionlab/visionlab/outbound/India_Ahmedabad_Mirana_AssemblyLine_001_737.mp4,s3://humyn-data-partners-prod/visionlab/visionlab/outbound/India_Ahmedabad_Mirana_AssemblyLine_001_737.mp4,556447717,2026-06-13 17:39:49
visionlab/visionlab/outbound/India_Ahmedabad_Mirana_AssemblyLine_001_738.mp4,s3://humyn-data-partners-prod/visionlab/visionlab/outbound/India_Ahmedabad_Mirana_AssemblyLine_001_738.mp4,521402807,2026-06-13 17:39:49
visionlab/visionlab/outbound/India_Ahmedabad_Mirana_AssemblyLine_001_739.mp4,s3://humyn-data-partners-prod/visionlab/visionlab/outbound/India_Ahmedabad_Mirana_AssemblyLine_001_739.mp4,538242117,2026-06-13 17:39:50
visionlab/visionlab/outbound/India_Ahmedabad_Mirana_AssemblyLine_001_740.mp4,s3://humyn-data-partners-prod/visionlab/visionlab/outbound/India_Ahmedabad_Mirana_AssemblyLine_001_740.mp4,562436856,2026-06-13 17:39:50
visionlab/visionlab/outbound/India_Ahmedabad_Mirana_AssemblyLine_001_741.mp4,s3://humyn-data-partners-prod/visionlab/visionlab/outbound/India_Ahmedabad_Mirana_AssemblyLine_001_741.mp4,489991833,2026-06-13 17:39:50
visionlab/visionlab/outbound/India_Ahmedabad_Mirana_AssemblyLine_001_742.mp4,s3://humyn-data-partners-prod/visionlab/visionlab/outbound/India_Ahmedabad_Mirana_AssemblyLine_001_742.mp4,423650595,2026-06-13 17:39:50
visionlab/visionlab/outbound/India_Ahmedabad_Mirana_AssemblyLine_001_743.mp4,s3://humyn-data-partners-prod/visionlab/visionlab/outbound/India_Ahmedabad_Mirana_AssemblyLine_001_743.mp4,530462194,2026-06-13 17:39:50
visionlab/visionlab/outbound/India_Ahmedabad_Mirana_AssemblyLine_001_744.mp4,s3://humyn-data-partners-prod/visionlab/visionlab/outbound/India_Ahmedabad_Mirana_AssemblyLine_001_744.mp4,489215531,2026-06-13 17:39:50
visionlab/visionlab/outbound/India_Ahmedabad_Mirana_AssemblyLine_001_745.mp4,s3://humyn-data-partners-prod/visionlab/visionlab/outbound/India_Ahmedabad_Mirana_AssemblyLine_001_745.mp4,437267576,2026-06-13 17:39:51
visionlab/visionlab/outbound/India_Ahmedabad_Mirana_AssemblyLine_001_746.mp4,s3://humyn-data-partners-prod/visionlab/visionlab/outbound/India_Ahmedabad_Mirana_AssemblyLine_001_746.mp4,624795202,2026-06-13 17:39:51
visionlab/visionlab/outbound/India_Ahmedabad_Mirana_AssemblyLine_001_747.mp4,s3://humyn-data-partners-prod/visionlab/visionlab/outbound/India_Ahmedabad_Mirana_AssemblyLine_001_747.mp4,277879992,2026-06-13 17:39:51
visionlab/visionlab/outbound/India_Ahmedabad_Mirana_AssemblyLine_001_748.mp4,s3://humyn-data-partners-prod/visionlab/visionlab/outbound/India_Ahmedabad_Mirana_AssemblyLine_001_748.mp4,278628586,2026-06-13 17:39:51
visionlab/visionlab/outbound/India_Ahmedabad_Mirana_AssemblyLine_001_749.mp4,s3://humyn-data-partners-prod/visionlab/visionlab/outbound/India_Ahmedabad_Mirana_AssemblyLine_001_749.mp4,541949502,2026-06-13 17:39:52
visionlab/visionlab/outbound/India_Ahmedabad_Mirana_AssemblyLine_001_750.mp4,s3://humyn-data-partners-prod/visionlab/visionlab/outbound/India_Ahmedabad_Mirana_AssemblyLine_001_750.mp4,574678797,2026-06-13 17:39:53
visionlab/visionlab/outbound/India_Ahmedabad_Mirana_AssemblyLine_001_751.mp4,s3://humyn-data-partners-prod/visionlab/visionlab/outbound/India_Ahmedabad_Mirana_AssemblyLine_001_751.mp4,592936387,2026-06-13 17:39:53
visionlab/visionlab/outbound/India_Ahmedabad_Mirana_AssemblyLine_001_752.mp4,s3://humyn-data-partners-prod/visionlab/visionlab/outbound/India_Ahmedabad_Mirana_AssemblyLine_001_752.mp4,557407226,2026-06-13 17:39:53
visionlab/visionlab/outbound/India_Ahmedabad_Mirana_AssemblyLine_001_753.mp4,s3://humyn-data-partners-prod/visionlab/visionlab/outbound/India_Ahmedabad_Mirana_AssemblyLine_001_753.mp4,510338571,2026-06-13 17:39:53
visionlab/visionlab/outbound/India_Ahmedabad_Mirana_AssemblyLine_001_754.mp4,s3://humyn-data-partners-prod/visionlab/visionlab/outbound/India_Ahmedabad_Mirana_AssemblyLine_001_754.mp4,625732565,2026-06-13 17:39:54
visionlab/visionlab/outbound/India_Ahmedabad_Mirana_AssemblyLine_001_755.mp4,s3://humyn-data-partners-prod/visionlab/visionlab/outbound/India_Ahmedabad_Mirana_AssemblyLine_001_755.mp4,493069571,2026-06-13 17:39:56
visionlab/visionlab/outbound/India_Ahmedabad_Mirana_AssemblyLine_001_756.mp4,s3://humyn-data-partners-prod/visionlab/visionlab/outbound/India_Ahmedabad_Mirana_AssemblyLine_001_756.mp4,540524683,2026-06-13 17:39:56
visionlab/visionlab/outbound/India_Ahmedabad_Mirana_AssemblyLine_001_757.mp4,s3://humyn-data-partners-prod/visionlab/visionlab/outbound/India_Ahmedabad_Mirana_AssemblyLine_001_757.mp4,523841410,2026-06-13 17:39:56
visionlab/visionlab/outbound/India_Ahmedabad_Mirana_AssemblyLine_001_758.mp4,s3://humyn-data-partners-prod/visionlab/visionlab/outbound/India_Ahmedabad_Mirana_AssemblyLine_001_758.mp4,935246440,2026-06-13 17:39:57
visionlab/visionlab/outbound/India_Ahmedabad_Mirana_AssemblyLine_001_759.mp4,s3://humyn-data-partners-prod/visionlab/visionlab/outbound/India_Ahmedabad_Mirana_AssemblyLine_001_759.mp4,470767667,2026-06-13 17:39:57
visionlab/visionlab/outbound/India_Ahmedabad_Mirana_AssemblyLine_001_760.mp4,s3://humyn-data-partners-prod/visionlab/visionlab/outbound/India_Ahmedabad_Mirana_AssemblyLine_001_760.mp4,426373815,2026-06-13 17:39:57
visionlab/visionlab/outbound/India_Ahmedabad_Mirana_AssemblyLine_001_761.mp4,s3://humyn-data-partners-prod/visionlab/visionlab/outbound/India_Ahmedabad_Mirana_AssemblyLine_001_761.mp4,488362287,2026-06-13 17:39:59
visionlab/visionlab/outbound/India_Ahmedabad_Mirana_AssemblyLine_001_762.mp4,s3://humyn-data-partners-prod/visionlab/visionlab/outbound/India_Ahmedabad_Mirana_AssemblyLine_001_762.mp4,522337239,2026-06-13 17:39:59
visionlab/visionlab/outbound/India_Ahmedabad_Mirana_AssemblyLine_001_763.mp4,s3://humyn-data-partners-prod/visionlab/visionlab/outbound/India_Ahmedabad_Mirana_AssemblyLine_001_763.mp4,529660970,2026-06-13 17:40:00
visionlab/visionlab/outbound/India_Ahmedabad_Mirana_AssemblyLine_001_764.mp4,s3://humyn-data-partners-prod/visionlab/visionlab/outbound/India_Ahmedabad_Mirana_AssemblyLine_001_764.mp4,699046253,2026-06-13 17:40:00
visionlab/visionlab/outbound/India_Ahmedabad_Mirana_AssemblyLine_001_765.mp4,s3://humyn-data-partners-prod/visionlab/visionlab/outbound/India_Ahmedabad_Mirana_AssemblyLine_001_765.mp4,589682617,2026-06-13 17:40:00
visionlab/visionlab/outbound/India_Ahmedabad_Mirana_AssemblyLine_001_766.mp4,s3://humyn-data-partners-prod/visionlab/visionlab/outbound/India_Ahmedabad_Mirana_AssemblyLine_001_766.mp4,579625026,2026-06-13 17:40:00
visionlab/visionlab/outbound/India_Ahmedabad_Mirana_AssemblyLine_001_767.mp4,s3://humyn-data-partners-prod/visionlab/visionlab/outbound/India_Ahmedabad_Mirana_AssemblyLine_001_767.mp4,580862037,2026-06-13 17:40:00
visionlab/visionlab/outbound/India_Ahmedabad_Mirana_AssemblyLine_001_768.mp4,s3://humyn-data-partners-prod/visionlab/visionlab/outbound/India_Ahmedabad_Mirana_AssemblyLine_001_768.mp4,590135039,2026-06-13 17:40:00
visionlab/visionlab/outbound/India_Ahmedabad_Mirana_AssemblyLine_001_769.mp4,s3://humyn-data-partners-prod/visionlab/visionlab/outbound/India_Ahmedabad_Mirana_AssemblyLine_001_769.mp4,469878113,2026-06-13 17:40:01
visionlab/visionlab/outbound/India_Ahmedabad_Mirana_AssemblyLine_001_770.mp4,s3://humyn-data-partners-prod/visionlab/visionlab/outbound/India_Ahmedabad_Mirana_AssemblyLine_001_770.mp4,550984458,2026-06-13 17:40:01
visionlab/visionlab/outbound/India_Ahmedabad_Mirana_AssemblyLine_001_771.mp4,s3://humyn-data-partners-prod/visionlab/visionlab/outbound/India_Ahmedabad_Mirana_AssemblyLine_001_771.mp4,406381440,2026-06-13 17:40:01
visionlab/visionlab/outbound/India_Ahmedabad_Mirana_AssemblyLine_001_772.mp4,s3://humyn-data-partners-prod/visionlab/visionlab/outbound/India_Ahmedabad_Mirana_AssemblyLine_001_772.mp4,585574035,2026-06-13 17:40:01
visionlab/visionlab/outbound/India_Ahmedabad_Mirana_AssemblyLine_001_773.mp4,s3://humyn-data-partners-prod/visionlab/visionlab/outbound/India_Ahmedabad_Mirana_AssemblyLine_001_773.mp4,471535123,2026-06-13 17:40:01
visionlab/visionlab/outbound/India_Ahmedabad_Mirana_AssemblyLine_001_774.mp4,s3://humyn-data-partners-prod/visionlab/visionlab/outbound/India_Ahmedabad_Mirana_AssemblyLine_001_774.mp4,445315321,2026-06-13 17:40:01
visionlab/visionlab/outbound/India_Ahmedabad_Mirana_AssemblyLine_001_775.mp4,s3://humyn-data-partners-prod/visionlab/visionlab/outbound/India_Ahmedabad_Mirana_AssemblyLine_001_775.mp4,607848997,2026-06-13 17:40:01
visionlab/visionlab/outbound/India_Ahmedabad_Mirana_AssemblyLine_001_776.mp4,s3://humyn-data-partners-prod/visionlab/visionlab/outbound/India_Ahmedabad_Mirana_AssemblyLine_001_776.mp4,423864189,2026-06-13 17:40:02
visionlab/visionlab/outbound/India_Ahmedabad_Mirana_AssemblyLine_001_777.mp4,s3://humyn-data-partners-prod/visionlab/visionlab/outbound/India_Ahmedabad_Mirana_AssemblyLine_001_777.mp4,928138127,2026-06-13 17:40:02
visionlab/visionlab/outbound/India_Ahmedabad_Mirana_AssemblyLine_001_778.mp4,s3://humyn-data-partners-prod/visionlab/visionlab/outbound/India_Ahmedabad_Mirana_AssemblyLine_001_778.mp4,949771118,2026-06-13 17:40:02
visionlab/visionlab/outbound/India_Ahmedabad_Mirana_AssemblyLine_001_779.mp4,s3://humyn-data-partners-prod/visionlab/visionlab/outbound/India_Ahmedabad_Mirana_AssemblyLine_001_779.mp4,503138757,2026-06-13 17:40:03
visionlab/visionlab/outbound/India_Ahmedabad_Mirana_AssemblyLine_001_780.mp4,s3://humyn-data-partners-prod/visionlab/visionlab/outbound/India_Ahmedabad_Mirana_AssemblyLine_001_780.mp4,592650249,2026-06-13 17:40:03
visionlab/visionlab/outbound/India_Ahmedabad_Mirana_AssemblyLine_001_781.mp4,s3://humyn-data-partners-prod/visionlab/visionlab/outbound/India_Ahmedabad_Mirana_AssemblyLine_001_781.mp4,555342916,2026-06-13 17:40:03
visionlab/visionlab/outbound/India_Ahmedabad_Mirana_AssemblyLine_001_782.mp4,s3://humyn-data-partners-prod/visionlab/visionlab/outbound/India_Ahmedabad_Mirana_AssemblyLine_001_782.mp4,684783035,2026-06-13 17:40:03
visionlab/visionlab/outbound/India_Ahmedabad_Mirana_AssemblyLine_001_783.mp4,s3://humyn-data-partners-prod/visionlab/visionlab/outbound/India_Ahmedabad_Mirana_AssemblyLine_001_783.mp4,595079865,2026-06-13 17:40:05
visionlab/visionlab/outbound/India_Ahmedabad_Mirana_AssemblyLine_001_784.mp4,s3://humyn-data-partners-prod/visionlab/visionlab/outbound/India_Ahmedabad_Mirana_AssemblyLine_001_784.mp4,524129028,2026-06-13 17:40:05
visionlab/visionlab/outbound/India_Ahmedabad_Mirana_AssemblyLine_001_785.mp4,s3://humyn-data-partners-prod/visionlab/visionlab/outbound/India_Ahmedabad_Mirana_AssemblyLine_001_785.mp4,507543233,2026-06-13 17:40:05
visionlab/visionlab/outbound/India_Ahmedabad_Mirana_AssemblyLine_001_786.mp4,s3://humyn-data-partners-prod/visionlab/visionlab/outbound/India_Ahmedabad_Mirana_AssemblyLine_001_786.mp4,603993846,2026-06-13 17:40:05
visionlab/visionlab/outbound/India_Ahmedabad_Mirana_AssemblyLine_001_787.mp4,s3://humyn-data-partners-prod/visionlab/visionlab/outbound/India_Ahmedabad_Mirana_AssemblyLine_001_787.mp4,576316147,2026-06-13 17:40:06
visionlab/visionlab/outbound/India_Ahmedabad_Mirana_AssemblyLine_001_788.mp4,s3://humyn-data-partners-prod/visionlab/visionlab/outbound/India_Ahmedabad_Mirana_AssemblyLine_001_788.mp4,561905316,2026-06-13 17:40:06
visionlab/visionlab/outbound/India_Ahmedabad_Mirana_AssemblyLine_001_789.mp4,s3://humyn-data-partners-prod/visionlab/visionlab/outbound/India_Ahmedabad_Mirana_AssemblyLine_001_789.mp4,541359308,2026-06-13 17:40:06
visionlab/visionlab/outbound/India_Ahmedabad_Mirana_AssemblyLine_001_790.mp4,s3://humyn-data-partners-prod/visionlab/visionlab/outbound/India_Ahmedabad_Mirana_AssemblyLine_001_790.mp4,493380340,2026-06-13 17:40:07
visionlab/visionlab/outbound/India_Ahmedabad_Mirana_AssemblyLine_001_791.mp4,s3://humyn-data-partners-prod/visionlab/visionlab/outbound/India_Ahmedabad_Mirana_AssemblyLine_001_791.mp4,567851916,2026-06-13 17:40:08
visionlab/visionlab/outbound/India_Ahmedabad_Mirana_AssemblyLine_001_792.mp4,s3://humyn-data-partners-prod/visionlab/visionlab/outbound/India_Ahmedabad_Mirana_AssemblyLine_001_792.mp4,541070492,2026-06-13 17:40:09
visionlab/visionlab/outbound/India_Ahmedabad_Mirana_AssemblyLine_001_793.mp4,s3://humyn-data-partners-prod/visionlab/visionlab/outbound/India_Ahmedabad_Mirana_AssemblyLine_001_793.mp4,456271553,2026-06-13 17:40:09
visionlab/visionlab/outbound/India_Ahmedabad_Mirana_AssemblyLine_001_794.mp4,s3://humyn-data-partners-prod/visionlab/visionlab/outbound/India_Ahmedabad_Mirana_AssemblyLine_001_794.mp4,508746453,2026-06-13 17:40:09
visionlab/visionlab/outbound/India_Ahmedabad_Mirana_AssemblyLine_001_795.mp4,s3://humyn-data-partners-prod/visionlab/visionlab/outbound/India_Ahmedabad_Mirana_AssemblyLine_001_795.mp4,562126165,2026-06-13 17:40:10
visionlab/visionlab/outbound/India_Ahmedabad_Mirana_AssemblyLine_001_796.mp4,s3://humyn-data-partners-prod/visionlab/visionlab/outbound/India_Ahmedabad_Mirana_AssemblyLine_001_796.mp4,491460012,2026-06-13 17:40:10
visionlab/visionlab/outbound/India_Ahmedabad_Mirana_AssemblyLine_001_797.mp4,s3://humyn-data-partners-prod/visionlab/visionlab/outbound/India_Ahmedabad_Mirana_AssemblyLine_001_797.mp4,607645378,2026-06-13 17:40:10
visionlab/visionlab/outbound/India_Ahmedabad_Mirana_AssemblyLine_001_798.mp4,s3://humyn-data-partners-prod/visionlab/visionlab/outbound/India_Ahmedabad_Mirana_AssemblyLine_001_798.mp4,615097838,2026-06-13 17:40:11
visionlab/visionlab/outbound/India_Ahmedabad_Mirana_AssemblyLine_001_799.mp4,s3://humyn-data-partners-prod/visionlab/visionlab/outbound/India_Ahmedabad_Mirana_AssemblyLine_001_799.mp4,541776186,2026-06-13 17:40:11
visionlab/visionlab/outbound/India_Ahmedabad_Mirana_AssemblyLine_001_800.mp4,s3://humyn-data-partners-prod/visionlab/visionlab/outbound/India_Ahmedabad_Mirana_AssemblyLine_001_800.mp4,479355376,2026-06-13 17:40:11
visionlab/visionlab/outbound/India_Ahmedabad_Mirana_AssemblyLine_001_801.mp4,s3://humyn-data-partners-prod/visionlab/visionlab/outbound/India_Ahmedabad_Mirana_AssemblyLine_001_801.mp4,458963373,2026-06-13 17:40:12
visionlab/visionlab/outbound/India_Ahmedabad_Mirana_AssemblyLine_001_802.mp4,s3://humyn-data-partners-prod/visionlab/visionlab/outbound/India_Ahmedabad_Mirana_AssemblyLine_001_802.mp4,606604544,2026-06-13 17:40:12
visionlab/visionlab/outbound/India_Ahmedabad_Mirana_AssemblyLine_001_803.mp4,s3://humyn-data-partners-prod/visionlab/visionlab/outbound/India_Ahmedabad_Mirana_AssemblyLine_001_803.mp4,677532782,2026-06-13 17:40:12
visionlab/visionlab/outbound/India_Ahmedabad_Mirana_AssemblyLine_001_804.mp4,s3://humyn-data-partners-prod/visionlab/visionlab/outbound/India_Ahmedabad_Mirana_AssemblyLine_001_804.mp4,515498370,2026-06-13 17:40:12
visionlab/visionlab/outbound/India_Ahmedabad_Mirana_AssemblyLine_001_805.mp4,s3://humyn-data-partners-prod/visionlab/visionlab/outbound/India_Ahmedabad_Mirana_AssemblyLine_001_805.mp4,530993251,2026-06-13 17:40:13
visionlab/visionlab/outbound/India_Ahmedabad_Mirana_AssemblyLine_001_806.mp4,s3://humyn-data-partners-prod/visionlab/visionlab/outbound/India_Ahmedabad_Mirana_AssemblyLine_001_806.mp4,504885410,2026-06-13 17:40:13
visionlab/visionlab/outbound/India_Ahmedabad_Mirana_AssemblyLine_001_807.mp4,s3://humyn-data-partners-prod/visionlab/visionlab/outbound/India_Ahmedabad_Mirana_AssemblyLine_001_807.mp4,663431248,2026-06-13 17:40:13
visionlab/visionlab/outbound/India_Ahmedabad_Mirana_AssemblyLine_001_808.mp4,s3://humyn-data-partners-prod/visionlab/visionlab/outbound/India_Ahmedabad_Mirana_AssemblyLine_001_808.mp4,618020829,2026-06-13 17:40:14
visionlab/visionlab/outbound/India_Ahmedabad_Mirana_AssemblyLine_001_809.mp4,s3://humyn-data-partners-prod/visionlab/visionlab/outbound/India_Ahmedabad_Mirana_AssemblyLine_001_809.mp4,573508521,2026-06-13 17:40:15
visionlab/visionlab/outbound/India_Ahmedabad_Mirana_AssemblyLine_001_810.mp4,s3://humyn-data-partners-prod/visionlab/visionlab/outbound/India_Ahmedabad_Mirana_AssemblyLine_001_810.mp4,678111087,2026-06-13 17:40:15
visionlab/visionlab/outbound/India_Ahmedabad_Mirana_AssemblyLine_001_811.mp4,s3://humyn-data-partners-prod/visionlab/visionlab/outbound/India_Ahmedabad_Mirana_AssemblyLine_001_811.mp4,220809172,2026-06-13 17:40:16
visionlab/visionlab/outbound/India_Ahmedabad_Mirana_AssemblyLine_001_812.mp4,s3://humyn-data-partners-prod/visionlab/visionlab/outbound/India_Ahmedabad_Mirana_AssemblyLine_001_812.mp4,561662640,2026-06-13 17:40:16
visionlab/visionlab/outbound/India_Ahmedabad_Mirana_AssemblyLine_001_813.mp4,s3://humyn-data-partners-prod/visionlab/visionlab/outbound/India_Ahmedabad_Mirana_AssemblyLine_001_813.mp4,553407381,2026-06-13 17:40:16
visionlab/visionlab/outbound/India_Ahmedabad_Mirana_AssemblyLine_001_814.mp4,s3://humyn-data-partners-prod/visionlab/visionlab/outbound/India_Ahmedabad_Mirana_AssemblyLine_001_814.mp4,556318604,2026-06-13 17:40:16
visionlab/visionlab/outbound/India_Ahmedabad_Mirana_AssemblyLine_001_815.mp4,s3://humyn-data-partners-prod/visionlab/visionlab/outbound/India_Ahmedabad_Mirana_AssemblyLine_001_815.mp4,607817825,2026-06-13 17:40:16
visionlab/visionlab/outbound/India_Ahmedabad_Mirana_AssemblyLine_001_816.mp4,s3://humyn-data-partners-prod/visionlab/visionlab/outbound/India_Ahmedabad_Mirana_AssemblyLine_001_816.mp4,489620358,2026-06-13 17:40:17
visionlab/visionlab/outbound/India_Ahmedabad_Mirana_AssemblyLine_001_817.mp4,s3://humyn-data-partners-prod/visionlab/visionlab/outbound/India_Ahmedabad_Mirana_AssemblyLine_001_817.mp4,568831284,2026-06-13 17:40:18
visionlab/visionlab/outbound/India_Ahmedabad_Mirana_AssemblyLine_001_818.mp4,s3://humyn-data-partners-prod/visionlab/visionlab/outbound/India_Ahmedabad_Mirana_AssemblyLine_001_818.mp4,472481874,2026-06-13 17:40:18
visionlab/visionlab/outbound/India_Ahmedabad_Mirana_AssemblyLine_001_819.mp4,s3://humyn-data-partners-prod/visionlab/visionlab/outbound/India_Ahmedabad_Mirana_AssemblyLine_001_819.mp4,576814708,2026-06-13 17:40:18
visionlab/visionlab/outbound/India_Ahmedabad_Mirana_AssemblyLine_001_820.mp4,s3://humyn-data-partners-prod/visionlab/visionlab/outbound/India_Ahmedabad_Mirana_AssemblyLine_001_820.mp4,397272785,2026-06-13 17:40:18
visionlab/visionlab/outbound/India_Ahmedabad_Mirana_AssemblyLine_001_821.mp4,s3://humyn-data-partners-prod/visionlab/visionlab/outbound/India_Ahmedabad_Mirana_AssemblyLine_001_821.mp4,548482996,2026-06-13 17:40:18
visionlab/visionlab/outbound/India_Ahmedabad_Mirana_AssemblyLine_001_822.mp4,s3://humyn-data-partners-prod/visionlab/visionlab/outbound/India_Ahmedabad_Mirana_AssemblyLine_001_822.mp4,575599369,2026-06-13 17:40:18
visionlab/visionlab/outbound/India_Ahmedabad_Mirana_AssemblyLine_001_823.mp4,s3://humyn-data-partners-prod/visionlab/visionlab/outbound/India_Ahmedabad_Mirana_AssemblyLine_001_823.mp4,487276651,2026-06-13 17:40:18
visionlab/visionlab/outbound/India_Ahmedabad_Mirana_AssemblyLine_001_824.mp4,s3://humyn-data-partners-prod/visionlab/visionlab/outbound/India_Ahmedabad_Mirana_AssemblyLine_001_824.mp4,593032243,2026-06-13 17:40:19
visionlab/visionlab/outbound/India_Ahmedabad_Mirana_AssemblyLine_001_825.mp4,s3://humyn-data-partners-prod/visionlab/visionlab/outbound/India_Ahmedabad_Mirana_AssemblyLine_001_825.mp4,486344132,2026-06-13 17:40:20
visionlab/visionlab/outbound/India_Ahmedabad_Mirana_AssemblyLine_001_826.mp4,s3://humyn-data-partners-prod/visionlab/visionlab/outbound/India_Ahmedabad_Mirana_AssemblyLine_001_826.mp4,444115513,2026-06-13 17:40:20
visionlab/visionlab/outbound/India_Ahmedabad_Mirana_AssemblyLine_001_827.mp4,s3://humyn-data-partners-prod/visionlab/visionlab/outbound/India_Ahmedabad_Mirana_AssemblyLine_001_827.mp4,702518613,2026-06-13 17:40:20
visionlab/visionlab/outbound/India_Ahmedabad_Mirana_AssemblyLine_002_001.mp4,s3://humyn-data-partners-prod/visionlab/visionlab/outbound/India_Ahmedabad_Mirana_AssemblyLine_002_001.mp4,562944353,2026-06-13 17:40:21
visionlab/visionlab/outbound/India_Ahmedabad_Mirana_AssemblyLine_002_002.mp4,s3://humyn-data-partners-prod/visionlab/visionlab/outbound/India_Ahmedabad_Mirana_AssemblyLine_002_002.mp4,454527108,2026-06-13 17:40:21
visionlab/visionlab/outbound/India_Ahmedabad_Mirana_AssemblyLine_002_003.mp4,s3://humyn-data-partners-prod/visionlab/visionlab/outbound/India_Ahmedabad_Mirana_AssemblyLine_002_003.mp4,407920463,2026-06-13 17:40:21
visionlab/visionlab/outbound/India_Ahmedabad_Mirana_AssemblyLine_002_004.mp4,s3://humyn-data-partners-prod/visionlab/visionlab/outbound/India_Ahmedabad_Mirana_AssemblyLine_002_004.mp4,1373743458,2026-06-13 17:40:22
visionlab/visionlab/outbound/India_Ahmedabad_Mirana_AssemblyLine_002_005.mp4,s3://humyn-data-partners-prod/visionlab/visionlab/outbound/India_Ahmedabad_Mirana_AssemblyLine_002_005.mp4,872458141,2026-06-13 17:40:22
visionlab/visionlab/outbound/India_Ahmedabad_Mirana_AssemblyLine_002_006.mp4,s3://humyn-data-partners-prod/visionlab/visionlab/outbound/India_Ahmedabad_Mirana_AssemblyLine_002_006.mp4,556034612,2026-06-13 17:40:22
visionlab/visionlab/outbound/India_Ahmedabad_Mirana_AssemblyLine_002_007.mp4,s3://humyn-data-partners-prod/visionlab/visionlab/outbound/India_Ahmedabad_Mirana_AssemblyLine_002_007.mp4,589192166,2026-06-13 17:40:22
visionlab/visionlab/outbound/India_Ahmedabad_Mirana_AssemblyLine_002_008.mp4,s3://humyn-data-partners-prod/visionlab/visionlab/outbound/India_Ahmedabad_Mirana_AssemblyLine_002_008.mp4,726887176,2026-06-13 17:40:23
visionlab/visionlab/outbound/India_Ahmedabad_Mirana_AssemblyLine_002_009.mp4,s3://humyn-data-partners-prod/visionlab/visionlab/outbound/India_Ahmedabad_Mirana_AssemblyLine_002_009.mp4,589242512,2026-06-13 17:40:24
visionlab/visionlab/outbound/India_Ahmedabad_Mirana_AssemblyLine_002_010.mp4,s3://humyn-data-partners-prod/visionlab/visionlab/outbound/India_Ahmedabad_Mirana_AssemblyLine_002_010.mp4,637673837,2026-06-13 17:40:24
visionlab/visionlab/outbound/India_Ahmedabad_Mirana_AssemblyLine_002_011.mp4,s3://humyn-data-partners-prod/visionlab/visionlab/outbound/India_Ahmedabad_Mirana_AssemblyLine_002_011.mp4,532138592,2026-06-13 17:40:25
visionlab/visionlab/outbound/India_Ahmedabad_Mirana_AssemblyLine_002_012.mp4,s3://humyn-data-partners-prod/visionlab/visionlab/outbound/India_Ahmedabad_Mirana_AssemblyLine_002_012.mp4,530874664,2026-06-13 17:40:25
visionlab/visionlab/outbound/India_Ahmedabad_Mirana_AssemblyLine_002_013.mp4,s3://humyn-data-partners-prod/visionlab/visionlab/outbound/India_Ahmedabad_Mirana_AssemblyLine_002_013.mp4,466347883,2026-06-13 17:40:26
visionlab/visionlab/outbound/India_Ahmedabad_Mirana_AssemblyLine_002_014.mp4,s3://humyn-data-partners-prod/visionlab/visionlab/outbound/India_Ahmedabad_Mirana_AssemblyLine_002_014.mp4,695492380,2026-06-13 17:40:28
visionlab/visionlab/outbound/India_Ahmedabad_Mirana_AssemblyLine_002_015.mp4,s3://humyn-data-partners-prod/visionlab/visionlab/outbound/India_Ahmedabad_Mirana_AssemblyLine_002_015.mp4,518329143,2026-06-13 17:40:28
visionlab/visionlab/outbound/India_Ahmedabad_Mirana_AssemblyLine_002_016.mp4,s3://humyn-data-partners-prod/visionlab/visionlab/outbound/India_Ahmedabad_Mirana_AssemblyLine_002_016.mp4,552992853,2026-06-13 17:40:29
visionlab/visionlab/outbound/India_Ahmedabad_Mirana_AssemblyLine_002_017.mp4,s3://humyn-data-partners-prod/visionlab/visionlab/outbound/India_Ahmedabad_Mirana_AssemblyLine_002_017.mp4,606998401,2026-06-13 17:40:29
visionlab/visionlab/outbound/India_Ahmedabad_Mirana_AssemblyLine_002_018.mp4,s3://humyn-data-partners-prod/visionlab/visionlab/outbound/India_Ahmedabad_Mirana_AssemblyLine_002_018.mp4,609980008,2026-06-13 17:40:29
visionlab/visionlab/outbound/India_Ahmedabad_Mirana_AssemblyLine_002_019.mp4,s3://humyn-data-partners-prod/visionlab/visionlab/outbound/India_Ahmedabad_Mirana_AssemblyLine_002_019.mp4,506611188,2026-06-13 17:40:29
visionlab/visionlab/outbound/India_Ahmedabad_Mirana_AssemblyLine_002_020.mp4,s3://humyn-data-partners-prod/visionlab/visionlab/outbound/India_Ahmedabad_Mirana_AssemblyLine_002_020.mp4,563002349,2026-06-13 17:40:29
visionlab/visionlab/outbound/India_Ahmedabad_Mirana_AssemblyLine_002_021.mp4,s3://humyn-data-partners-prod/visionlab/visionlab/outbound/India_Ahmedabad_Mirana_AssemblyLine_002_021.mp4,394549037,2026-06-13 17:40:29
visionlab/visionlab/outbound/India_Ahmedabad_Mirana_AssemblyLine_002_022.mp4,s3://humyn-data-partners-prod/visionlab/visionlab/outbound/India_Ahmedabad_Mirana_AssemblyLine_002_022.mp4,544769130,2026-06-13 17:40:29
visionlab/visionlab/outbound/India_Ahmedabad_Mirana_AssemblyLine_002_023.mp4,s3://humyn-data-partners-prod/visionlab/visionlab/outbound/India_Ahmedabad_Mirana_AssemblyLine_002_023.mp4,537970192,2026-06-13 17:40:29
visionlab/visionlab/outbound/India_Ahmedabad_Mirana_AssemblyLine_002_024.mp4,s3://humyn-data-partners-prod/visionlab/visionlab/outbound/India_Ahmedabad_Mirana_AssemblyLine_002_024.mp4,581738230,2026-06-13 17:40:29
visionlab/visionlab/outbound/India_Ahmedabad_Mirana_AssemblyLine_002_025.mp4,s3://humyn-data-partners-prod/visionlab/visionlab/outbound/India_Ahmedabad_Mirana_AssemblyLine_002_025.mp4,538071393,2026-06-13 17:40:30
visionlab/visionlab/outbound/India_Ahmedabad_Mirana_AssemblyLine_002_026.mp4,s3://humyn-data-partners-prod/visionlab/visionlab/outbound/India_Ahmedabad_Mirana_AssemblyLine_002_026.mp4,475019851,2026-06-13 17:40:30
visionlab/visionlab/outbound/India_Ahmedabad_Mirana_AssemblyLine_002_027.mp4,s3://humyn-data-partners-prod/visionlab/visionlab/outbound/India_Ahmedabad_Mirana_AssemblyLine_002_027.mp4,577660443,2026-06-13 17:40:30
visionlab/visionlab/outbound/India_Ahmedabad_Mirana_AssemblyLine_002_028.mp4,s3://humyn-data-partners-prod/visionlab/visionlab/outbound/India_Ahmedabad_Mirana_AssemblyLine_002_028.mp4,541561514,2026-06-13 17:40:31
visionlab/visionlab/outbound/India_Ahmedabad_Mirana_AssemblyLine_002_029.mp4,s3://humyn-data-partners-prod/visionlab/visionlab/outbound/India_Ahmedabad_Mirana_AssemblyLine_002_029.mp4,487398141,2026-06-13 17:40:31
visionlab/visionlab/outbound/India_Ahmedabad_Mirana_AssemblyLine_002_030.mp4,s3://humyn-data-partners-prod/visionlab/visionlab/outbound/India_Ahmedabad_Mirana_AssemblyLine_002_030.mp4,593909031,2026-06-13 17:40:31
visionlab/visionlab/outbound/India_Ahmedabad_Mirana_AssemblyLine_002_031.mp4,s3://humyn-data-partners-prod/visionlab/visionlab/outbound/India_Ahmedabad_Mirana_AssemblyLine_002_031.mp4,685285592,2026-06-13 17:40:31
visionlab/visionlab/outbound/India_Ahmedabad_Mirana_AssemblyLine_002_032.mp4,s3://humyn-data-partners-prod/visionlab/visionlab/outbound/India_Ahmedabad_Mirana_AssemblyLine_002_032.mp4,947122190,2026-06-13 17:40:31
visionlab/visionlab/outbound/India_Ahmedabad_Mirana_AssemblyLine_002_033.mp4,s3://humyn-data-partners-prod/visionlab/visionlab/outbound/India_Ahmedabad_Mirana_AssemblyLine_002_033.mp4,580961201,2026-06-13 17:40:32
visionlab/visionlab/outbound/India_Ahmedabad_Mirana_AssemblyLine_002_034.mp4,s3://humyn-data-partners-prod/visionlab/visionlab/outbound/India_Ahmedabad_Mirana_AssemblyLine_002_034.mp4,215018949,2026-06-13 17:40:32
visionlab/visionlab/outbound/India_Ahmedabad_Mirana_AssemblyLine_002_035.mp4,s3://humyn-data-partners-prod/visionlab/visionlab/outbound/India_Ahmedabad_Mirana_AssemblyLine_002_035.mp4,531318363,2026-06-13 17:40:32
visionlab/visionlab/outbound/India_Ahmedabad_Mirana_AssemblyLine_002_036.mp4,s3://humyn-data-partners-prod/visionlab/visionlab/outbound/India_Ahmedabad_Mirana_AssemblyLine_002_036.mp4,602380510,2026-06-13 17:40:33
visionlab/visionlab/outbound/India_Ahmedabad_Mirana_AssemblyLine_002_037.mp4,s3://humyn-data-partners-prod/visionlab/visionlab/outbound/India_Ahmedabad_Mirana_AssemblyLine_002_037.mp4,672474182,2026-06-13 17:40:33
visionlab/visionlab/outbound/India_Ahmedabad_Mirana_AssemblyLine_002_038.mp4,s3://humyn-data-partners-prod/visionlab/visionlab/outbound/India_Ahmedabad_Mirana_AssemblyLine_002_038.mp4,512388938,2026-06-13 17:40:34
visionlab/visionlab/outbound/India_Ahmedabad_Mirana_AssemblyLine_002_039.mp4,s3://humyn-data-partners-prod/visionlab/visionlab/outbound/India_Ahmedabad_Mirana_AssemblyLine_002_039.mp4,481207548,2026-06-13 17:40:34
visionlab/visionlab/outbound/India_Ahmedabad_Mirana_AssemblyLine_002_040.mp4,s3://humyn-data-partners-prod/visionlab/visionlab/outbound/India_Ahmedabad_Mirana_AssemblyLine_002_040.mp4,705179152,2026-06-13 17:40:35
visionlab/visionlab/outbound/India_Ahmedabad_Mirana_AssemblyLine_002_041.mp4,s3://humyn-data-partners-prod/visionlab/visionlab/outbound/India_Ahmedabad_Mirana_AssemblyLine_002_041.mp4,645727682,2026-06-13 17:40:35
visionlab/visionlab/outbound/India_Ahmedabad_Mirana_AssemblyLine_002_042.mp4,s3://humyn-data-partners-prod/visionlab/visionlab/outbound/India_Ahmedabad_Mirana_AssemblyLine_002_042.mp4,642091661,2026-06-13 17:40:36
visionlab/visionlab/outbound/India_Ahmedabad_Mirana_AssemblyLine_002_043.mp4,s3://humyn-data-partners-prod/visionlab/visionlab/outbound/India_Ahmedabad_Mirana_AssemblyLine_002_043.mp4,627436039,2026-06-13 17:40:36
visionlab/visionlab/outbound/India_Ahmedabad_Mirana_AssemblyLine_002_044.mp4,s3://humyn-data-partners-prod/visionlab/visionlab/outbound/India_Ahmedabad_Mirana_AssemblyLine_002_044.mp4,556008317,2026-06-13 17:40:36
visionlab/visionlab/outbound/India_Ahmedabad_Mirana_AssemblyLine_002_045.mp4,s3://humyn-data-partners-prod/visionlab/visionlab/outbound/India_Ahmedabad_Mirana_AssemblyLine_002_045.mp4,526261297,2026-06-13 17:40:36
visionlab/visionlab/outbound/India_Ahmedabad_Mirana_AssemblyLine_002_046.mp4,s3://humyn-data-partners-prod/visionlab/visionlab/outbound/India_Ahmedabad_Mirana_AssemblyLine_002_046.mp4,545052323,2026-06-13 17:40:37
visionlab/visionlab/outbound/India_Ahmedabad_Mirana_AssemblyLine_002_047.mp4,s3://humyn-data-partners-prod/visionlab/visionlab/outbound/India_Ahmedabad_Mirana_AssemblyLine_002_047.mp4,685298316,2026-06-13 17:40:38
visionlab/visionlab/outbound/India_Ahmedabad_Mirana_AssemblyLine_002_048.mp4,s3://humyn-data-partners-prod/visionlab/visionlab/outbound/India_Ahmedabad_Mirana_AssemblyLine_002_048.mp4,498466164,2026-06-13 17:40:39
visionlab/visionlab/outbound/India_Ahmedabad_Mirana_AssemblyLine_002_049.mp4,s3://humyn-data-partners-prod/visionlab/visionlab/outbound/India_Ahmedabad_Mirana_AssemblyLine_002_049.mp4,530440279,2026-06-13 17:40:39
visionlab/visionlab/outbound/India_Ahmedabad_Mirana_AssemblyLine_002_050.mp4,s3://humyn-data-partners-prod/visionlab/visionlab/outbound/India_Ahmedabad_Mirana_AssemblyLine_002_050.mp4,399112877,2026-06-13 17:40:39
visionlab/visionlab/outbound/India_Ahmedabad_Mirana_AssemblyLine_002_051.mp4,s3://humyn-data-partners-prod/visionlab/visionlab/outbound/India_Ahmedabad_Mirana_AssemblyLine_002_051.mp4,329216677,2026-06-13 17:40:39
visionlab/visionlab/outbound/India_Ahmedabad_Mirana_AssemblyLine_002_052.mp4,s3://humyn-data-partners-prod/visionlab/visionlab/outbound/India_Ahmedabad_Mirana_AssemblyLine_002_052.mp4,234212658,2026-06-13 17:40:39
visionlab/visionlab/outbound/India_Ahmedabad_Mirana_AssemblyLine_002_053.mp4,s3://humyn-data-partners-prod/visionlab/visionlab/outbound/India_Ahmedabad_Mirana_AssemblyLine_002_053.mp4,593026822,2026-06-13 17:40:40
visionlab/visionlab/outbound/India_Ahmedabad_Mirana_AssemblyLine_002_054.mp4,s3://humyn-data-partners-prod/visionlab/visionlab/outbound/India_Ahmedabad_Mirana_AssemblyLine_002_054.mp4,584641292,2026-06-13 17:40:40
visionlab/visionlab/outbound/India_Ahmedabad_Mirana_AssemblyLine_002_055.mp4,s3://humyn-data-partners-prod/visionlab/visionlab/outbound/India_Ahmedabad_Mirana_AssemblyLine_002_055.mp4,539218419,2026-06-13 17:40:40
visionlab/visionlab/outbound/India_Ahmedabad_Mirana_AssemblyLine_002_056.mp4,s3://humyn-data-partners-prod/visionlab/visionlab/outbound/India_Ahmedabad_Mirana_AssemblyLine_002_056.mp4,656224524,2026-06-13 17:40:40
visionlab/visionlab/outbound/India_Ahmedabad_Mirana_AssemblyLine_002_057.mp4,s3://humyn-data-partners-prod/visionlab/visionlab/outbound/India_Ahmedabad_Mirana_AssemblyLine_002_057.mp4,623968164,2026-06-13 17:40:40
visionlab/visionlab/outbound/India_Ahmedabad_Mirana_AssemblyLine_002_058.mp4,s3://humyn-data-partners-prod/visionlab/visionlab/outbound/India_Ahmedabad_Mirana_AssemblyLine_002_058.mp4,629088805,2026-06-13 17:40:40
visionlab/visionlab/outbound/India_Ahmedabad_Mirana_AssemblyLine_002_059.mp4,s3://humyn-data-partners-prod/visionlab/visionlab/outbound/India_Ahmedabad_Mirana_AssemblyLine_002_059.mp4,533899757,2026-06-13 17:40:42
visionlab/visionlab/outbound/India_Ahmedabad_Mirana_AssemblyLine_002_060.mp4,s3://humyn-data-partners-prod/visionlab/visionlab/outbound/India_Ahmedabad_Mirana_AssemblyLine_002_060.mp4,595540446,2026-06-13 17:40:42
visionlab/visionlab/outbound/India_Ahmedabad_Mirana_AssemblyLine_002_061.mp4,s3://humyn-data-partners-prod/visionlab/visionlab/outbound/India_Ahmedabad_Mirana_AssemblyLine_002_061.mp4,541513379,2026-06-13 17:40:42
visionlab/visionlab/outbound/India_Ahmedabad_Mirana_AssemblyLine_002_062.mp4,s3://humyn-data-partners-prod/visionlab/visionlab/outbound/India_Ahmedabad_Mirana_AssemblyLine_002_062.mp4,499427596,2026-06-13 17:40:42
visionlab/visionlab/outbound/India_Ahmedabad_Mirana_AssemblyLine_002_063.mp4,s3://humyn-data-partners-prod/visionlab/visionlab/outbound/India_Ahmedabad_Mirana_AssemblyLine_002_063.mp4,470235148,2026-06-13 17:40:42
visionlab/visionlab/outbound/India_Ahmedabad_Mirana_AssemblyLine_002_064.mp4,s3://humyn-data-partners-prod/visionlab/visionlab/outbound/India_Ahmedabad_Mirana_AssemblyLine_002_064.mp4,492845094,2026-06-13 17:40:43
visionlab/visionlab/outbound/India_Ahmedabad_Mirana_AssemblyLine_002_065.mp4,s3://humyn-data-partners-prod/visionlab/visionlab/outbound/India_Ahmedabad_Mirana_AssemblyLine_002_065.mp4,545691200,2026-06-13 17:40:43
visionlab/visionlab/outbound/India_Ahmedabad_Mirana_AssemblyLine_002_066.mp4,s3://humyn-data-partners-prod/visionlab/visionlab/outbound/India_Ahmedabad_Mirana_AssemblyLine_002_066.mp4,618667942,2026-06-13 17:40:44
visionlab/visionlab/outbound/India_Ahmedabad_Mirana_AssemblyLine_002_067.mp4,s3://humyn-data-partners-prod/visionlab/visionlab/outbound/India_Ahmedabad_Mirana_AssemblyLine_002_067.mp4,671751157,2026-06-13 17:40:44
visionlab/visionlab/outbound/India_Ahmedabad_Mirana_AssemblyLine_002_068.mp4,s3://humyn-data-partners-prod/visionlab/visionlab/outbound/India_Ahmedabad_Mirana_AssemblyLine_002_068.mp4,307206225,2026-06-13 17:40:45
visionlab/visionlab/outbound/India_Ahmedabad_Mirana_AssemblyLine_002_069.mp4,s3://humyn-data-partners-prod/visionlab/visionlab/outbound/India_Ahmedabad_Mirana_AssemblyLine_002_069.mp4,483179430,2026-06-13 17:40:45
visionlab/visionlab/outbound/India_Ahmedabad_Mirana_AssemblyLine_002_070.mp4,s3://humyn-data-partners-prod/visionlab/visionlab/outbound/India_Ahmedabad_Mirana_AssemblyLine_002_070.mp4,535643051,2026-06-13 17:40:45
visionlab/visionlab/outbound/India_Ahmedabad_Mirana_AssemblyLine_002_071.mp4,s3://humyn-data-partners-prod/visionlab/visionlab/outbound/India_Ahmedabad_Mirana_AssemblyLine_002_071.mp4,715142169,2026-06-13 17:40:45
visionlab/visionlab/outbound/India_Ahmedabad_Mirana_AssemblyLine_002_072.mp4,s3://humyn-data-partners-prod/visionlab/visionlab/outbound/India_Ahmedabad_Mirana_AssemblyLine_002_072.mp4,492061772,2026-06-13 17:40:46
visionlab/visionlab/outbound/India_Ahmedabad_Mirana_AssemblyLine_002_073.mp4,s3://humyn-data-partners-prod/visionlab/visionlab/outbound/India_Ahmedabad_Mirana_AssemblyLine_002_073.mp4,704416821,2026-06-13 17:40:46
visionlab/visionlab/outbound/India_Ahmedabad_Mirana_AssemblyLine_002_074.mp4,s3://humyn-data-partners-prod/visionlab/visionlab/outbound/India_Ahmedabad_Mirana_AssemblyLine_002_074.mp4,551346004,2026-06-13 17:40:47
visionlab/visionlab/outbound/India_Ahmedabad_Mirana_AssemblyLine_002_075.mp4,s3://humyn-data-partners-prod/visionlab/visionlab/outbound/India_Ahmedabad_Mirana_AssemblyLine_002_075.mp4,617499726,2026-06-13 17:40:47
visionlab/visionlab/outbound/India_Ahmedabad_Mirana_AssemblyLine_002_076.mp4,s3://humyn-data-partners-prod/visionlab/visionlab/outbound/India_Ahmedabad_Mirana_AssemblyLine_002_076.mp4,510850204,2026-06-13 17:40:47
visionlab/visionlab/outbound/India_Ahmedabad_Mirana_AssemblyLine_002_077.mp4,s3://humyn-data-partners-prod/visionlab/visionlab/outbound/India_Ahmedabad_Mirana_AssemblyLine_002_077.mp4,470645485,2026-06-13 17:40:47
visionlab/visionlab/outbound/India_Ahmedabad_Mirana_AssemblyLine_002_078.mp4,s3://humyn-data-partners-prod/visionlab/visionlab/outbound/India_Ahmedabad_Mirana_AssemblyLine_002_078.mp4,666940354,2026-06-13 17:40:48
visionlab/visionlab/outbound/India_Ahmedabad_Mirana_AssemblyLine_002_079.mp4,s3://humyn-data-partners-prod/visionlab/visionlab/outbound/India_Ahmedabad_Mirana_AssemblyLine_002_079.mp4,382116573,2026-06-13 17:40:48
visionlab/visionlab/outbound/India_Ahmedabad_Mirana_AssemblyLine_002_080.mp4,s3://humyn-data-partners-prod/visionlab/visionlab/outbound/India_Ahmedabad_Mirana_AssemblyLine_002_080.mp4,372145425,2026-06-13 17:40:49
visionlab/visionlab/outbound/India_Ahmedabad_Mirana_AssemblyLine_002_081.mp4,s3://humyn-data-partners-prod/visionlab/visionlab/outbound/India_Ahmedabad_Mirana_AssemblyLine_002_081.mp4,486012519,2026-06-13 17:40:49
visionlab/visionlab/outbound/India_Ahmedabad_Mirana_AssemblyLine_002_082.mp4,s3://humyn-data-partners-prod/visionlab/visionlab/outbound/India_Ahmedabad_Mirana_AssemblyLine_002_082.mp4,629206021,2026-06-13 17:40:50
visionlab/visionlab/outbound/India_Ahmedabad_Mirana_AssemblyLine_002_083.mp4,s3://humyn-data-partners-prod/visionlab/visionlab/outbound/India_Ahmedabad_Mirana_AssemblyLine_002_083.mp4,276397161,2026-06-13 17:40:52
visionlab/visionlab/outbound/India_Ahmedabad_Mirana_AssemblyLine_002_084.mp4,s3://humyn-data-partners-prod/visionlab/visionlab/outbound/India_Ahmedabad_Mirana_AssemblyLine_002_084.mp4,870863322,2026-06-13 17:40:52
visionlab/visionlab/outbound/India_Ahmedabad_Mirana_AssemblyLine_002_085.mp4,s3://humyn-data-partners-prod/visionlab/visionlab/outbound/India_Ahmedabad_Mirana_AssemblyLine_002_085.mp4,546061430,2026-06-13 17:40:52
visionlab/visionlab/outbound/India_Ahmedabad_Mirana_AssemblyLine_002_086.mp4,s3://humyn-data-partners-prod/visionlab/visionlab/outbound/India_Ahmedabad_Mirana_AssemblyLine_002_086.mp4,629060153,2026-06-13 17:40:52
visionlab/visionlab/outbound/India_Ahmedabad_Mirana_AssemblyLine_002_087.mp4,s3://humyn-data-partners-prod/visionlab/visionlab/outbound/India_Ahmedabad_Mirana_AssemblyLine_002_087.mp4,566614950,2026-06-13 17:40:52
visionlab/visionlab/outbound/India_Ahmedabad_Mirana_AssemblyLine_002_088.mp4,s3://humyn-data-partners-prod/visionlab/visionlab/outbound/India_Ahmedabad_Mirana_AssemblyLine_002_088.mp4,616687442,2026-06-13 17:40:52
visionlab/visionlab/outbound/India_Ahmedabad_Mirana_AssemblyLine_002_089.mp4,s3://humyn-data-partners-prod/visionlab/visionlab/outbound/India_Ahmedabad_Mirana_AssemblyLine_002_089.mp4,618286383,2026-06-13 17:40:52
visionlab/visionlab/outbound/India_Ahmedabad_Mirana_AssemblyLine_002_090.mp4,s3://humyn-data-partners-prod/visionlab/visionlab/outbound/India_Ahmedabad_Mirana_AssemblyLine_002_090.mp4,692666170,2026-06-13 17:40:53
visionlab/visionlab/outbound/India_Ahmedabad_Mirana_AssemblyLine_002_091.mp4,s3://humyn-data-partners-prod/visionlab/visionlab/outbound/India_Ahmedabad_Mirana_AssemblyLine_002_091.mp4,460404149,2026-06-13 17:40:53
visionlab/visionlab/outbound/India_Ahmedabad_Mirana_AssemblyLine_002_092.mp4,s3://humyn-data-partners-prod/visionlab/visionlab/outbound/India_Ahmedabad_Mirana_AssemblyLine_002_092.mp4,688228089,2026-06-13 17:40:53
visionlab/visionlab/outbound/India_Ahmedabad_Mirana_AssemblyLine_002_093.mp4,s3://humyn-data-partners-prod/visionlab/visionlab/outbound/India_Ahmedabad_Mirana_AssemblyLine_002_093.mp4,614462993,2026-06-13 17:40:53
visionlab/visionlab/outbound/India_Ahmedabad_Mirana_AssemblyLine_002_094.mp4,s3://humyn-data-partners-prod/visionlab/visionlab/outbound/India_Ahmedabad_Mirana_AssemblyLine_002_094.mp4,438941216,2026-06-13 17:40:54
visionlab/visionlab/outbound/India_Ahmedabad_Mirana_AssemblyLine_002_095.mp4,s3://humyn-data-partners-prod/visionlab/visionlab/outbound/India_Ahmedabad_Mirana_AssemblyLine_002_095.mp4,449671934,2026-06-13 17:40:54
visionlab/visionlab/outbound/India_Ahmedabad_Mirana_AssemblyLine_002_096.mp4,s3://humyn-data-partners-prod/visionlab/visionlab/outbound/India_Ahmedabad_Mirana_AssemblyLine_002_096.mp4,461315334,2026-06-13 17:40:54
visionlab/visionlab/outbound/India_Ahmedabad_Mirana_AssemblyLine_002_097.mp4,s3://humyn-data-partners-prod/visionlab/visionlab/outbound/India_Ahmedabad_Mirana_AssemblyLine_002_097.mp4,590717371,2026-06-13 17:40:55
visionlab/visionlab/outbound/India_Ahmedabad_Mirana_AssemblyLine_002_098.mp4,s3://humyn-data-partners-prod/visionlab/visionlab/outbound/India_Ahmedabad_Mirana_AssemblyLine_002_098.mp4,509496095,2026-06-13 17:40:55
visionlab/visionlab/outbound/India_Ahmedabad_Mirana_AssemblyLine_002_099.mp4,s3://humyn-data-partners-prod/visionlab/visionlab/outbound/India_Ahmedabad_Mirana_AssemblyLine_002_099.mp4,352909234,2026-06-13 17:40:56
visionlab/visionlab/outbound/India_Ahmedabad_Mirana_AssemblyLine_002_100.mp4,s3://humyn-data-partners-prod/visionlab/visionlab/outbound/India_Ahmedabad_Mirana_AssemblyLine_002_100.mp4,532065967,2026-06-13 17:40:56
visionlab/visionlab/outbound/India_Ahmedabad_Mirana_AssemblyLine_002_101.mp4,s3://humyn-data-partners-prod/visionlab/visionlab/outbound/India_Ahmedabad_Mirana_AssemblyLine_002_101.mp4,465565392,2026-06-13 17:40:56
visionlab/visionlab/outbound/India_Ahmedabad_Mirana_AssemblyLine_002_102.mp4,s3://humyn-data-partners-prod/visionlab/visionlab/outbound/India_Ahmedabad_Mirana_AssemblyLine_002_102.mp4,401105052,2026-06-13 17:40:57
visionlab/visionlab/outbound/India_Ahmedabad_Mirana_AssemblyLine_002_103.mp4,s3://humyn-data-partners-prod/visionlab/visionlab/outbound/India_Ahmedabad_Mirana_AssemblyLine_002_103.mp4,931530048,2026-06-13 17:40:57
visionlab/visionlab/outbound/India_Ahmedabad_Mirana_AssemblyLine_002_104.mp4,s3://humyn-data-partners-prod/visionlab/visionlab/outbound/India_Ahmedabad_Mirana_AssemblyLine_002_104.mp4,890298717,2026-06-13 17:40:57
visionlab/visionlab/outbound/India_Ahmedabad_Mirana_AssemblyLine_002_105.mp4,s3://humyn-data-partners-prod/visionlab/visionlab/outbound/India_Ahmedabad_Mirana_AssemblyLine_002_105.mp4,429752114,2026-06-13 17:40:57
visionlab/visionlab/outbound/India_Ahmedabad_Mirana_AssemblyLine_002_106.mp4,s3://humyn-data-partners-prod/visionlab/visionlab/outbound/India_Ahmedabad_Mirana_AssemblyLine_002_106.mp4,592851478,2026-06-13 17:40:57
visionlab/visionlab/outbound/India_Ahmedabad_Mirana_AssemblyLine_002_107.mp4,s3://humyn-data-partners-prod/visionlab/visionlab/outbound/India_Ahmedabad_Mirana_AssemblyLine_002_107.mp4,584749551,2026-06-13 17:40:57
visionlab/visionlab/outbound/India_Ahmedabad_Mirana_AssemblyLine_002_108.mp4,s3://humyn-data-partners-prod/visionlab/visionlab/outbound/India_Ahmedabad_Mirana_AssemblyLine_002_108.mp4,570260934,2026-06-13 17:40:58
visionlab/visionlab/outbound/India_Ahmedabad_Mirana_AssemblyLine_002_109.mp4,s3://humyn-data-partners-prod/visionlab/visionlab/outbound/India_Ahmedabad_Mirana_AssemblyLine_002_109.mp4,560766529,2026-06-13 17:40:58
visionlab/visionlab/outbound/India_Ahmedabad_Mirana_AssemblyLine_002_110.mp4,s3://humyn-data-partners-prod/visionlab/visionlab/outbound/India_Ahmedabad_Mirana_AssemblyLine_002_110.mp4,542447272,2026-06-13 17:40:58
visionlab/visionlab/outbound/India_Ahmedabad_Mirana_AssemblyLine_002_111.mp4,s3://humyn-data-partners-prod/visionlab/visionlab/outbound/India_Ahmedabad_Mirana_AssemblyLine_002_111.mp4,466663323,2026-06-13 17:41:00
visionlab/visionlab/outbound/India_Ahmedabad_Mirana_AssemblyLine_002_112.mp4,s3://humyn-data-partners-prod/visionlab/visionlab/outbound/India_Ahmedabad_Mirana_AssemblyLine_002_112.mp4,507821513,2026-06-13 17:41:00
visionlab/visionlab/outbound/India_Ahmedabad_Mirana_AssemblyLine_002_113.mp4,s3://humyn-data-partners-prod/visionlab/visionlab/outbound/India_Ahmedabad_Mirana_AssemblyLine_002_113.mp4,657320119,2026-06-13 17:41:01
visionlab/visionlab/outbound/India_Ahmedabad_Mirana_AssemblyLine_002_114.mp4,s3://humyn-data-partners-prod/visionlab/visionlab/outbound/India_Ahmedabad_Mirana_AssemblyLine_002_114.mp4,498816158,2026-06-13 17:41:02
visionlab/visionlab/outbound/India_Ahmedabad_Mirana_AssemblyLine_002_115.mp4,s3://humyn-data-partners-prod/visionlab/visionlab/outbound/India_Ahmedabad_Mirana_AssemblyLine_002_115.mp4,477060313,2026-06-13 17:41:02
visionlab/visionlab/outbound/India_Ahmedabad_Mirana_AssemblyLine_002_116.mp4,s3://humyn-data-partners-prod/visionlab/visionlab/outbound/India_Ahmedabad_Mirana_AssemblyLine_002_116.mp4,613951622,2026-06-13 17:41:02
visionlab/visionlab/outbound/India_Ahmedabad_Mirana_AssemblyLine_002_117.mp4,s3://humyn-data-partners-prod/visionlab/visionlab/outbound/India_Ahmedabad_Mirana_AssemblyLine_002_117.mp4,508535474,2026-06-13 17:41:02
visionlab/visionlab/outbound/India_Ahmedabad_Mirana_AssemblyLine_002_118.mp4,s3://humyn-data-partners-prod/visionlab/visionlab/outbound/India_Ahmedabad_Mirana_AssemblyLine_002_118.mp4,520536045,2026-06-13 17:41:03
visionlab/visionlab/outbound/India_Ahmedabad_Mirana_AssemblyLine_002_119.mp4,s3://humyn-data-partners-prod/visionlab/visionlab/outbound/India_Ahmedabad_Mirana_AssemblyLine_002_119.mp4,958669253,2026-06-13 17:41:03
visionlab/visionlab/outbound/India_Ahmedabad_Mirana_AssemblyLine_002_120.mp4,s3://humyn-data-partners-prod/visionlab/visionlab/outbound/India_Ahmedabad_Mirana_AssemblyLine_002_120.mp4,264105245,2026-06-13 17:41:03
visionlab/visionlab/outbound/India_Ahmedabad_Mirana_AssemblyLine_002_121.mp4,s3://humyn-data-partners-prod/visionlab/visionlab/outbound/India_Ahmedabad_Mirana_AssemblyLine_002_121.mp4,550851868,2026-06-13 17:41:03
visionlab/visionlab/outbound/India_Ahmedabad_Mirana_AssemblyLine_002_122.mp4,s3://humyn-data-partners-prod/visionlab/visionlab/outbound/India_Ahmedabad_Mirana_AssemblyLine_002_122.mp4,563894041,2026-06-13 17:41:03
visionlab/visionlab/outbound/India_Ahmedabad_Mirana_AssemblyLine_002_123.mp4,s3://humyn-data-partners-prod/visionlab/visionlab/outbound/India_Ahmedabad_Mirana_AssemblyLine_002_123.mp4,621225356,2026-06-13 17:41:03
visionlab/visionlab/outbound/India_Ahmedabad_Mirana_AssemblyLine_002_124.mp4,s3://humyn-data-partners-prod/visionlab/visionlab/outbound/India_Ahmedabad_Mirana_AssemblyLine_002_124.mp4,649301995,2026-06-13 17:41:03
visionlab/visionlab/outbound/India_Ahmedabad_Mirana_AssemblyLine_002_125.mp4,s3://humyn-data-partners-prod/visionlab/visionlab/outbound/India_Ahmedabad_Mirana_AssemblyLine_002_125.mp4,579183384,2026-06-13 17:41:04
visionlab/visionlab/outbound/India_Ahmedabad_Mirana_AssemblyLine_002_126.mp4,s3://humyn-data-partners-prod/visionlab/visionlab/outbound/India_Ahmedabad_Mirana_AssemblyLine_002_126.mp4,509077070,2026-06-13 17:41:04
visionlab/visionlab/outbound/India_Ahmedabad_Mirana_AssemblyLine_002_127.mp4,s3://humyn-data-partners-prod/visionlab/visionlab/outbound/India_Ahmedabad_Mirana_AssemblyLine_002_127.mp4,585297262,2026-06-13 17:41:05
visionlab/visionlab/outbound/India_Ahmedabad_Mirana_AssemblyLine_002_128.mp4,s3://humyn-data-partners-prod/visionlab/visionlab/outbound/India_Ahmedabad_Mirana_AssemblyLine_002_128.mp4,484177971,2026-06-13 17:41:05
visionlab/visionlab/outbound/India_Ahmedabad_Mirana_AssemblyLine_002_129.mp4,s3://humyn-data-partners-prod/visionlab/visionlab/outbound/India_Ahmedabad_Mirana_AssemblyLine_002_129.mp4,511595627,2026-06-13 17:41:05
visionlab/visionlab/outbound/India_Ahmedabad_Mirana_AssemblyLine_002_130.mp4,s3://humyn-data-partners-prod/visionlab/visionlab/outbound/India_Ahmedabad_Mirana_AssemblyLine_002_130.mp4,609081811,2026-06-13 17:41:06
visionlab/visionlab/outbound/India_Ahmedabad_Mirana_AssemblyLine_002_131.mp4,s3://humyn-data-partners-prod/visionlab/visionlab/outbound/India_Ahmedabad_Mirana_AssemblyLine_002_131.mp4,469560210,2026-06-13 17:41:06
visionlab/visionlab/outbound/India_Ahmedabad_Mirana_AssemblyLine_002_132.mp4,s3://humyn-data-partners-prod/visionlab/visionlab/outbound/India_Ahmedabad_Mirana_AssemblyLine_002_132.mp4,501266322,2026-06-13 17:41:07
visionlab/visionlab/outbound/India_Ahmedabad_Mirana_AssemblyLine_002_133.mp4,s3://humyn-data-partners-prod/visionlab/visionlab/outbound/India_Ahmedabad_Mirana_AssemblyLine_002_133.mp4,477080839,2026-06-13 17:41:07
visionlab/visionlab/outbound/India_Ahmedabad_Mirana_AssemblyLine_002_134.mp4,s3://humyn-data-partners-prod/visionlab/visionlab/outbound/India_Ahmedabad_Mirana_AssemblyLine_002_134.mp4,487331715,2026-06-13 17:41:08
visionlab/visionlab/outbound/India_Ahmedabad_Mirana_AssemblyLine_002_135.mp4,s3://humyn-data-partners-prod/visionlab/visionlab/outbound/India_Ahmedabad_Mirana_AssemblyLine_002_135.mp4,492894676,2026-06-13 17:41:08
visionlab/visionlab/outbound/India_Ahmedabad_Mirana_AssemblyLine_002_136.mp4,s3://humyn-data-partners-prod/visionlab/visionlab/outbound/India_Ahmedabad_Mirana_AssemblyLine_002_136.mp4,489195141,2026-06-13 17:41:08
visionlab/visionlab/outbound/India_Ahmedabad_Mirana_AssemblyLine_002_137.mp4,s3://humyn-data-partners-prod/visionlab/visionlab/outbound/India_Ahmedabad_Mirana_AssemblyLine_002_137.mp4,492272230,2026-06-13 17:41:09
visionlab/visionlab/outbound/India_Ahmedabad_Mirana_AssemblyLine_002_138.mp4,s3://humyn-data-partners-prod/visionlab/visionlab/outbound/India_Ahmedabad_Mirana_AssemblyLine_002_138.mp4,503736597,2026-06-13 17:41:10
visionlab/visionlab/outbound/India_Ahmedabad_Mirana_AssemblyLine_002_139.mp4,s3://humyn-data-partners-prod/visionlab/visionlab/outbound/India_Ahmedabad_Mirana_AssemblyLine_002_139.mp4,276120782,2026-06-13 17:41:10
visionlab/visionlab/outbound/India_Ahmedabad_Mirana_AssemblyLine_002_140.mp4,s3://humyn-data-partners-prod/visionlab/visionlab/outbound/India_Ahmedabad_Mirana_AssemblyLine_002_140.mp4,404827861,2026-06-13 17:41:10
visionlab/visionlab/outbound/India_Ahmedabad_Mirana_AssemblyLine_002_141.mp4,s3://humyn-data-partners-prod/visionlab/visionlab/outbound/India_Ahmedabad_Mirana_AssemblyLine_002_141.mp4,630258892,2026-06-13 17:41:10
visionlab/visionlab/outbound/India_Ahmedabad_Mirana_AssemblyLine_002_142.mp4,s3://humyn-data-partners-prod/visionlab/visionlab/outbound/India_Ahmedabad_Mirana_AssemblyLine_002_142.mp4,507441032,2026-06-13 17:41:10
visionlab/visionlab/outbound/India_Ahmedabad_Mirana_AssemblyLine_002_143.mp4,s3://humyn-data-partners-prod/visionlab/visionlab/outbound/India_Ahmedabad_Mirana_AssemblyLine_002_143.mp4,639805868,2026-06-13 17:41:11
visionlab/visionlab/outbound/India_Ahmedabad_Mirana_AssemblyLine_002_144.mp4,s3://humyn-data-partners-prod/visionlab/visionlab/outbound/India_Ahmedabad_Mirana_AssemblyLine_002_144.mp4,559768865,2026-06-13 17:41:12
visionlab/visionlab/outbound/India_Ahmedabad_Mirana_AssemblyLine_002_145.mp4,s3://humyn-data-partners-prod/visionlab/visionlab/outbound/India_Ahmedabad_Mirana_AssemblyLine_002_145.mp4,595429020,2026-06-13 17:41:13
visionlab/visionlab/outbound/India_Ahmedabad_Mirana_AssemblyLine_002_146.mp4,s3://humyn-data-partners-prod/visionlab/visionlab/outbound/India_Ahmedabad_Mirana_AssemblyLine_002_146.mp4,563504744,2026-06-13 17:41:13
visionlab/visionlab/outbound/India_Ahmedabad_Mirana_AssemblyLine_002_147.mp4,s3://humyn-data-partners-prod/visionlab/visionlab/outbound/India_Ahmedabad_Mirana_AssemblyLine_002_147.mp4,576495885,2026-06-13 17:41:13
visionlab/visionlab/outbound/India_Ahmedabad_Mirana_AssemblyLine_002_148.mp4,s3://humyn-data-partners-prod/visionlab/visionlab/outbound/India_Ahmedabad_Mirana_AssemblyLine_002_148.mp4,532176754,2026-06-13 17:41:13
visionlab/visionlab/outbound/India_Ahmedabad_Mirana_AssemblyLine_002_149.mp4,s3://humyn-data-partners-prod/visionlab/visionlab/outbound/India_Ahmedabad_Mirana_AssemblyLine_002_149.mp4,676690141,2026-06-13 17:41:14
visionlab/visionlab/outbound/India_Ahmedabad_Mirana_AssemblyLine_002_150.mp4,s3://humyn-data-partners-prod/visionlab/visionlab/outbound/India_Ahmedabad_Mirana_AssemblyLine_002_150.mp4,638709372,2026-06-13 17:41:14
visionlab/visionlab/outbound/India_Ahmedabad_Mirana_AssemblyLine_002_151.mp4,s3://humyn-data-partners-prod/visionlab/visionlab/outbound/India_Ahmedabad_Mirana_AssemblyLine_002_151.mp4,558695071,2026-06-13 17:41:15
visionlab/visionlab/outbound/India_Ahmedabad_Mirana_AssemblyLine_002_152.mp4,s3://humyn-data-partners-prod/visionlab/visionlab/outbound/India_Ahmedabad_Mirana_AssemblyLine_002_152.mp4,466889967,2026-06-13 17:41:15
visionlab/visionlab/outbound/India_Ahmedabad_Mirana_AssemblyLine_002_153.mp4,s3://humyn-data-partners-prod/visionlab/visionlab/outbound/India_Ahmedabad_Mirana_AssemblyLine_002_153.mp4,564947260,2026-06-13 17:41:15
visionlab/visionlab/outbound/India_Ahmedabad_Mirana_AssemblyLine_002_154.mp4,s3://humyn-data-partners-prod/visionlab/visionlab/outbound/India_Ahmedabad_Mirana_AssemblyLine_002_154.mp4,637802729,2026-06-13 17:41:15
visionlab/visionlab/outbound/India_Ahmedabad_Mirana_AssemblyLine_002_155.mp4,s3://humyn-data-partners-prod/visionlab/visionlab/outbound/India_Ahmedabad_Mirana_AssemblyLine_002_155.mp4,511590715,2026-06-13 17:41:15
visionlab/visionlab/outbound/India_Ahmedabad_Mirana_AssemblyLine_002_156.mp4,s3://humyn-data-partners-prod/visionlab/visionlab/outbound/India_Ahmedabad_Mirana_AssemblyLine_002_156.mp4,255052358,2026-06-13 17:41:15
visionlab/visionlab/outbound/India_Ahmedabad_Mirana_AssemblyLine_002_157.mp4,s3://humyn-data-partners-prod/visionlab/visionlab/outbound/India_Ahmedabad_Mirana_AssemblyLine_002_157.mp4,631123663,2026-06-13 17:41:15
visionlab/visionlab/outbound/India_Ahmedabad_Mirana_AssemblyLine_002_158.mp4,s3://humyn-data-partners-prod/visionlab/visionlab/outbound/India_Ahmedabad_Mirana_AssemblyLine_002_158.mp4,632849332,2026-06-13 17:41:15
visionlab/visionlab/outbound/India_Ahmedabad_Mirana_AssemblyLine_002_159.mp4,s3://humyn-data-partners-prod/visionlab/visionlab/outbound/India_Ahmedabad_Mirana_AssemblyLine_002_159.mp4,556578286,2026-06-13 17:41:16
visionlab/visionlab/outbound/India_Ahmedabad_Mirana_AssemblyLine_002_160.mp4,s3://humyn-data-partners-prod/visionlab/visionlab/outbound/India_Ahmedabad_Mirana_AssemblyLine_002_160.mp4,631705394,2026-06-13 17:41:16
visionlab/visionlab/outbound/India_Ahmedabad_Mirana_AssemblyLine_002_161.mp4,s3://humyn-data-partners-prod/visionlab/visionlab/outbound/India_Ahmedabad_Mirana_AssemblyLine_002_161.mp4,516878410,2026-06-13 17:41:16
visionlab/visionlab/outbound/India_Ahmedabad_Mirana_AssemblyLine_002_162.mp4,s3://humyn-data-partners-prod/visionlab/visionlab/outbound/India_Ahmedabad_Mirana_AssemblyLine_002_162.mp4,498383669,2026-06-13 17:41:16
visionlab/visionlab/outbound/India_Ahmedabad_Mirana_AssemblyLine_002_163.mp4,s3://humyn-data-partners-prod/visionlab/visionlab/outbound/India_Ahmedabad_Mirana_AssemblyLine_002_163.mp4,504051158,2026-06-13 17:41:16
visionlab/visionlab/outbound/India_Ahmedabad_Mirana_AssemblyLine_002_164.mp4,s3://humyn-data-partners-prod/visionlab/visionlab/outbound/India_Ahmedabad_Mirana_AssemblyLine_002_164.mp4,483321290,2026-06-13 17:41:16
visionlab/visionlab/outbound/India_Ahmedabad_Mirana_AssemblyLine_002_165.mp4,s3://humyn-data-partners-prod/visionlab/visionlab/outbound/India_Ahmedabad_Mirana_AssemblyLine_002_165.mp4,532813408,2026-06-13 17:41:17
visionlab/visionlab/outbound/India_Ahmedabad_Mirana_AssemblyLine_002_166.mp4,s3://humyn-data-partners-prod/visionlab/visionlab/outbound/India_Ahmedabad_Mirana_AssemblyLine_002_166.mp4,407837239,2026-06-13 17:41:17
visionlab/visionlab/outbound/India_Ahmedabad_Mirana_AssemblyLine_002_167.mp4,s3://humyn-data-partners-prod/visionlab/visionlab/outbound/India_Ahmedabad_Mirana_AssemblyLine_002_167.mp4,520617607,2026-06-13 17:41:17
visionlab/visionlab/outbound/India_Ahmedabad_Mirana_AssemblyLine_002_168.mp4,s3://humyn-data-partners-prod/visionlab/visionlab/outbound/India_Ahmedabad_Mirana_AssemblyLine_002_168.mp4,511651286,2026-06-13 17:41:17
visionlab/visionlab/outbound/India_Ahmedabad_Mirana_AssemblyLine_002_169.mp4,s3://humyn-data-partners-prod/visionlab/visionlab/outbound/India_Ahmedabad_Mirana_AssemblyLine_002_169.mp4,476129347,2026-06-13 17:41:17
visionlab/visionlab/outbound/India_Ahmedabad_Mirana_AssemblyLine_002_170.mp4,s3://humyn-data-partners-prod/visionlab/visionlab/outbound/India_Ahmedabad_Mirana_AssemblyLine_002_170.mp4,454667312,2026-06-13 17:41:18
visionlab/visionlab/outbound/India_Ahmedabad_Mirana_AssemblyLine_002_171.mp4,s3://humyn-data-partners-prod/visionlab/visionlab/outbound/India_Ahmedabad_Mirana_AssemblyLine_002_171.mp4,474056964,2026-06-13 17:41:19
visionlab/visionlab/outbound/India_Ahmedabad_Mirana_AssemblyLine_002_172.mp4,s3://humyn-data-partners-prod/visionlab/visionlab/outbound/India_Ahmedabad_Mirana_AssemblyLine_002_172.mp4,621409401,2026-06-13 17:41:19
visionlab/visionlab/outbound/India_Ahmedabad_Mirana_AssemblyLine_002_173.mp4,s3://humyn-data-partners-prod/visionlab/visionlab/outbound/India_Ahmedabad_Mirana_AssemblyLine_002_173.mp4,567914864,2026-06-13 17:41:21
visionlab/visionlab/outbound/India_Ahmedabad_Mirana_AssemblyLine_002_174.mp4,s3://humyn-data-partners-prod/visionlab/visionlab/outbound/India_Ahmedabad_Mirana_AssemblyLine_002_174.mp4,547002958,2026-06-13 17:41:21
visionlab/visionlab/outbound/India_Ahmedabad_Mirana_AssemblyLine_002_175.mp4,s3://humyn-data-partners-prod/visionlab/visionlab/outbound/India_Ahmedabad_Mirana_AssemblyLine_002_175.mp4,585197389,2026-06-13 17:41:22
visionlab/visionlab/outbound/India_Ahmedabad_Mirana_AssemblyLine_002_176.mp4,s3://humyn-data-partners-prod/visionlab/visionlab/outbound/India_Ahmedabad_Mirana_AssemblyLine_002_176.mp4,749488352,2026-06-13 17:41:22
visionlab/visionlab/outbound/India_Ahmedabad_Mirana_AssemblyLine_002_177.mp4,s3://humyn-data-partners-prod/visionlab/visionlab/outbound/India_Ahmedabad_Mirana_AssemblyLine_002_177.mp4,634068759,2026-06-13 17:41:23
visionlab/visionlab/outbound/India_Ahmedabad_Mirana_AssemblyLine_002_178.mp4,s3://humyn-data-partners-prod/visionlab/visionlab/outbound/India_Ahmedabad_Mirana_AssemblyLine_002_178.mp4,511139629,2026-06-13 17:41:23
visionlab/visionlab/outbound/India_Ahmedabad_Mirana_AssemblyLine_002_179.mp4,s3://humyn-data-partners-prod/visionlab/visionlab/outbound/India_Ahmedabad_Mirana_AssemblyLine_002_179.mp4,489780915,2026-06-13 17:41:23
visionlab/visionlab/outbound/India_Ahmedabad_Mirana_AssemblyLine_002_180.mp4,s3://humyn-data-partners-prod/visionlab/visionlab/outbound/India_Ahmedabad_Mirana_AssemblyLine_002_180.mp4,543580413,2026-06-13 17:41:24
visionlab/visionlab/outbound/India_Ahmedabad_Mirana_AssemblyLine_002_181.mp4,s3://humyn-data-partners-prod/visionlab/visionlab/outbound/India_Ahmedabad_Mirana_AssemblyLine_002_181.mp4,549683801,2026-06-13 17:41:25
visionlab/visionlab/outbound/India_Ahmedabad_Mirana_AssemblyLine_002_182.mp4,s3://humyn-data-partners-prod/visionlab/visionlab/outbound/India_Ahmedabad_Mirana_AssemblyLine_002_182.mp4,529530363,2026-06-13 17:41:25
visionlab/visionlab/outbound/India_Ahmedabad_Mirana_AssemblyLine_002_183.mp4,s3://humyn-data-partners-prod/visionlab/visionlab/outbound/India_Ahmedabad_Mirana_AssemblyLine_002_183.mp4,560981519,2026-06-13 17:41:26
visionlab/visionlab/outbound/India_Ahmedabad_Mirana_AssemblyLine_002_184.mp4,s3://humyn-data-partners-prod/visionlab/visionlab/outbound/India_Ahmedabad_Mirana_AssemblyLine_002_184.mp4,204667418,2026-06-13 17:41:26
visionlab/visionlab/outbound/India_Ahmedabad_Mirana_AssemblyLine_002_185.mp4,s3://humyn-data-partners-prod/visionlab/visionlab/outbound/India_Ahmedabad_Mirana_AssemblyLine_002_185.mp4,561629090,2026-06-13 17:41:27
visionlab/visionlab/outbound/India_Ahmedabad_Mirana_AssemblyLine_002_186.mp4,s3://humyn-data-partners-prod/visionlab/visionlab/outbound/India_Ahmedabad_Mirana_AssemblyLine_002_186.mp4,616845267,2026-06-13 17:41:27
visionlab/visionlab/outbound/India_Ahmedabad_Mirana_AssemblyLine_002_187.mp4,s3://humyn-data-partners-prod/visionlab/visionlab/outbound/India_Ahmedabad_Mirana_AssemblyLine_002_187.mp4,614836160,2026-06-13 17:41:27
visionlab/visionlab/outbound/India_Ahmedabad_Mirana_AssemblyLine_002_188.mp4,s3://humyn-data-partners-prod/visionlab/visionlab/outbound/India_Ahmedabad_Mirana_AssemblyLine_002_188.mp4,526485767,2026-06-13 17:41:27
visionlab/visionlab/outbound/India_Ahmedabad_Mirana_AssemblyLine_002_189.mp4,s3://humyn-data-partners-prod/visionlab/visionlab/outbound/India_Ahmedabad_Mirana_AssemblyLine_002_189.mp4,576059386,2026-06-13 17:41:27
visionlab/visionlab/outbound/India_Ahmedabad_Mirana_AssemblyLine_002_190.mp4,s3://humyn-data-partners-prod/visionlab/visionlab/outbound/India_Ahmedabad_Mirana_AssemblyLine_002_190.mp4,601973856,2026-06-13 17:41:27
visionlab/visionlab/outbound/India_Ahmedabad_Mirana_AssemblyLine_002_191.mp4,s3://humyn-data-partners-prod/visionlab/visionlab/outbound/India_Ahmedabad_Mirana_AssemblyLine_002_191.mp4,392528692,2026-06-13 17:41:28
visionlab/visionlab/outbound/India_Ahmedabad_Mirana_AssemblyLine_002_192.mp4,s3://humyn-data-partners-prod/visionlab/visionlab/outbound/India_Ahmedabad_Mirana_AssemblyLine_002_192.mp4,738831390,2026-06-13 17:41:28
visionlab/visionlab/outbound/India_Ahmedabad_Mirana_AssemblyLine_002_193.mp4,s3://humyn-data-partners-prod/visionlab/visionlab/outbound/India_Ahmedabad_Mirana_AssemblyLine_002_193.mp4,472078973,2026-06-13 17:41:28
visionlab/visionlab/outbound/India_Ahmedabad_Mirana_AssemblyLine_002_194.mp4,s3://humyn-data-partners-prod/visionlab/visionlab/outbound/India_Ahmedabad_Mirana_AssemblyLine_002_194.mp4,489917078,2026-06-13 17:41:28
visionlab/visionlab/outbound/India_Ahmedabad_Mirana_AssemblyLine_002_195.mp4,s3://humyn-data-partners-prod/visionlab/visionlab/outbound/India_Ahmedabad_Mirana_AssemblyLine_002_195.mp4,564492745,2026-06-13 17:41:28
visionlab/visionlab/outbound/India_Ahmedabad_Mirana_AssemblyLine_002_196.mp4,s3://humyn-data-partners-prod/visionlab/visionlab/outbound/India_Ahmedabad_Mirana_AssemblyLine_002_196.mp4,616228589,2026-06-13 17:41:28
visionlab/visionlab/outbound/India_Ahmedabad_Mirana_AssemblyLine_002_197.mp4,s3://humyn-data-partners-prod/visionlab/visionlab/outbound/India_Ahmedabad_Mirana_AssemblyLine_002_197.mp4,607095472,2026-06-13 17:41:28
visionlab/visionlab/outbound/India_Ahmedabad_Mirana_AssemblyLine_002_198.mp4,s3://humyn-data-partners-prod/visionlab/visionlab/outbound/India_Ahmedabad_Mirana_AssemblyLine_002_198.mp4,414411806,2026-06-13 17:41:28
visionlab/visionlab/outbound/India_Ahmedabad_Mirana_AssemblyLine_002_199.mp4,s3://humyn-data-partners-prod/visionlab/visionlab/outbound/India_Ahmedabad_Mirana_AssemblyLine_002_199.mp4,827954614,2026-06-13 17:41:29
visionlab/visionlab/outbound/India_Ahmedabad_Mirana_AssemblyLine_002_200.mp4,s3://humyn-data-partners-prod/visionlab/visionlab/outbound/India_Ahmedabad_Mirana_AssemblyLine_002_200.mp4,562612295,2026-06-13 17:41:29
visionlab/visionlab/outbound/India_Ahmedabad_Mirana_AssemblyLine_002_201.mp4,s3://humyn-data-partners-prod/visionlab/visionlab/outbound/India_Ahmedabad_Mirana_AssemblyLine_002_201.mp4,548355455,2026-06-13 17:41:29
visionlab/visionlab/outbound/India_Ahmedabad_Mirana_AssemblyLine_002_202.mp4,s3://humyn-data-partners-prod/visionlab/visionlab/outbound/India_Ahmedabad_Mirana_AssemblyLine_002_202.mp4,660575962,2026-06-13 17:41:29
visionlab/visionlab/outbound/India_Ahmedabad_Mirana_AssemblyLine_002_203.mp4,s3://humyn-data-partners-prod/visionlab/visionlab/outbound/India_Ahmedabad_Mirana_AssemblyLine_002_203.mp4,510237519,2026-06-13 17:41:29
visionlab/visionlab/outbound/India_Ahmedabad_Mirana_AssemblyLine_002_204.mp4,s3://humyn-data-partners-prod/visionlab/visionlab/outbound/India_Ahmedabad_Mirana_AssemblyLine_002_204.mp4,565807131,2026-06-13 17:41:31
visionlab/visionlab/outbound/India_Ahmedabad_Mirana_AssemblyLine_002_205.mp4,s3://humyn-data-partners-prod/visionlab/visionlab/outbound/India_Ahmedabad_Mirana_AssemblyLine_002_205.mp4,596185507,2026-06-13 17:41:31
visionlab/visionlab/outbound/India_Ahmedabad_Mirana_AssemblyLine_002_206.mp4,s3://humyn-data-partners-prod/visionlab/visionlab/outbound/India_Ahmedabad_Mirana_AssemblyLine_002_206.mp4,510546107,2026-06-13 17:41:32
visionlab/visionlab/outbound/India_Ahmedabad_Mirana_AssemblyLine_002_207.mp4,s3://humyn-data-partners-prod/visionlab/visionlab/outbound/India_Ahmedabad_Mirana_AssemblyLine_002_207.mp4,413086536,2026-06-13 17:41:32
visionlab/visionlab/outbound/India_Ahmedabad_Mirana_AssemblyLine_002_208.mp4,s3://humyn-data-partners-prod/visionlab/visionlab/outbound/India_Ahmedabad_Mirana_AssemblyLine_002_208.mp4,567149807,2026-06-13 17:41:33
visionlab/visionlab/outbound/India_Ahmedabad_Mirana_AssemblyLine_002_209.mp4,s3://humyn-data-partners-prod/visionlab/visionlab/outbound/India_Ahmedabad_Mirana_AssemblyLine_002_209.mp4,573317514,2026-06-13 17:41:33
visionlab/visionlab/outbound/India_Ahmedabad_Mirana_AssemblyLine_002_210.mp4,s3://humyn-data-partners-prod/visionlab/visionlab/outbound/India_Ahmedabad_Mirana_AssemblyLine_002_210.mp4,579215211,2026-06-13 17:41:33
visionlab/visionlab/outbound/India_Ahmedabad_Mirana_AssemblyLine_002_211.mp4,s3://humyn-data-partners-prod/visionlab/visionlab/outbound/India_Ahmedabad_Mirana_AssemblyLine_002_211.mp4,517236449,2026-06-13 17:41:34
visionlab/visionlab/outbound/India_Ahmedabad_Mirana_AssemblyLine_002_212.mp4,s3://humyn-data-partners-prod/visionlab/visionlab/outbound/India_Ahmedabad_Mirana_AssemblyLine_002_212.mp4,493310669,2026-06-13 17:41:34
visionlab/visionlab/outbound/India_Ahmedabad_Mirana_AssemblyLine_002_213.mp4,s3://humyn-data-partners-prod/visionlab/visionlab/outbound/India_Ahmedabad_Mirana_AssemblyLine_002_213.mp4,527299142,2026-06-13 17:41:36
visionlab/visionlab/outbound/India_Ahmedabad_Mirana_AssemblyLine_002_214.mp4,s3://humyn-data-partners-prod/visionlab/visionlab/outbound/India_Ahmedabad_Mirana_AssemblyLine_002_214.mp4,614857841,2026-06-13 17:41:36
visionlab/visionlab/outbound/India_Ahmedabad_Mirana_AssemblyLine_002_215.mp4,s3://humyn-data-partners-prod/visionlab/visionlab/outbound/India_Ahmedabad_Mirana_AssemblyLine_002_215.mp4,504411248,2026-06-13 17:41:36
visionlab/visionlab/outbound/India_Ahmedabad_Mirana_AssemblyLine_002_216.mp4,s3://humyn-data-partners-prod/visionlab/visionlab/outbound/India_Ahmedabad_Mirana_AssemblyLine_002_216.mp4,541206395,2026-06-13 17:41:36
visionlab/visionlab/outbound/India_Ahmedabad_Mirana_AssemblyLine_002_217.mp4,s3://humyn-data-partners-prod/visionlab/visionlab/outbound/India_Ahmedabad_Mirana_AssemblyLine_002_217.mp4,511071396,2026-06-13 17:41:36
visionlab/visionlab/outbound/India_Ahmedabad_Mirana_AssemblyLine_002_218.mp4,s3://humyn-data-partners-prod/visionlab/visionlab/outbound/India_Ahmedabad_Mirana_AssemblyLine_002_218.mp4,484008919,2026-06-13 17:41:37
visionlab/visionlab/outbound/India_Ahmedabad_Mirana_AssemblyLine_002_219.mp4,s3://humyn-data-partners-prod/visionlab/visionlab/outbound/India_Ahmedabad_Mirana_AssemblyLine_002_219.mp4,582174730,2026-06-13 17:41:37
visionlab/visionlab/outbound/India_Ahmedabad_Mirana_AssemblyLine_002_220.mp4,s3://humyn-data-partners-prod/visionlab/visionlab/outbound/India_Ahmedabad_Mirana_AssemblyLine_002_220.mp4,483915840,2026-06-13 17:41:38
visionlab/visionlab/outbound/India_Ahmedabad_Mirana_AssemblyLine_002_221.mp4,s3://humyn-data-partners-prod/visionlab/visionlab/outbound/India_Ahmedabad_Mirana_AssemblyLine_002_221.mp4,537462154,2026-06-13 17:41:38
visionlab/visionlab/outbound/India_Ahmedabad_Mirana_AssemblyLine_002_222.mp4,s3://humyn-data-partners-prod/visionlab/visionlab/outbound/India_Ahmedabad_Mirana_AssemblyLine_002_222.mp4,500915486,2026-06-13 17:41:38
visionlab/visionlab/outbound/India_Ahmedabad_Mirana_AssemblyLine_002_223.mp4,s3://humyn-data-partners-prod/visionlab/visionlab/outbound/India_Ahmedabad_Mirana_AssemblyLine_002_223.mp4,534285718,2026-06-13 17:41:39
visionlab/visionlab/outbound/India_Ahmedabad_Mirana_AssemblyLine_002_224.mp4,s3://humyn-data-partners-prod/visionlab/visionlab/outbound/India_Ahmedabad_Mirana_AssemblyLine_002_224.mp4,593482149,2026-06-13 17:41:39
visionlab/visionlab/outbound/India_Ahmedabad_Mirana_AssemblyLine_002_225.mp4,s3://humyn-data-partners-prod/visionlab/visionlab/outbound/India_Ahmedabad_Mirana_AssemblyLine_002_225.mp4,605583974,2026-06-13 17:41:39
visionlab/visionlab/outbound/India_Ahmedabad_Mirana_AssemblyLine_002_226.mp4,s3://humyn-data-partners-prod/visionlab/visionlab/outbound/India_Ahmedabad_Mirana_AssemblyLine_002_226.mp4,553145553,2026-06-13 17:41:39
visionlab/visionlab/outbound/India_Ahmedabad_Mirana_AssemblyLine_002_227.mp4,s3://humyn-data-partners-prod/visionlab/visionlab/outbound/India_Ahmedabad_Mirana_AssemblyLine_002_227.mp4,597255133,2026-06-13 17:41:39
visionlab/visionlab/outbound/India_Ahmedabad_Mirana_AssemblyLine_002_228.mp4,s3://humyn-data-partners-prod/visionlab/visionlab/outbound/India_Ahmedabad_Mirana_AssemblyLine_002_228.mp4,452498228,2026-06-13 17:41:39
visionlab/visionlab/outbound/India_Ahmedabad_Mirana_AssemblyLine_002_229.mp4,s3://humyn-data-partners-prod/visionlab/visionlab/outbound/India_Ahmedabad_Mirana_AssemblyLine_002_229.mp4,607142322,2026-06-13 17:41:39
visionlab/visionlab/outbound/India_Ahmedabad_Mirana_AssemblyLine_002_230.mp4,s3://humyn-data-partners-prod/visionlab/visionlab/outbound/India_Ahmedabad_Mirana_AssemblyLine_002_230.mp4,457826341,2026-06-13 17:41:40
visionlab/visionlab/outbound/India_Ahmedabad_Mirana_AssemblyLine_002_231.mp4,s3://humyn-data-partners-prod/visionlab/visionlab/outbound/India_Ahmedabad_Mirana_AssemblyLine_002_231.mp4,524543532,2026-06-13 17:41:40
visionlab/visionlab/outbound/India_Ahmedabad_Mirana_AssemblyLine_002_232.mp4,s3://humyn-data-partners-prod/visionlab/visionlab/outbound/India_Ahmedabad_Mirana_AssemblyLine_002_232.mp4,553036607,2026-06-13 17:41:40
visionlab/visionlab/outbound/India_Ahmedabad_Mirana_AssemblyLine_002_233.mp4,s3://humyn-data-partners-prod/visionlab/visionlab/outbound/India_Ahmedabad_Mirana_AssemblyLine_002_233.mp4,420713871,2026-06-13 17:41:40
visionlab/visionlab/outbound/India_Ahmedabad_Mirana_AssemblyLine_002_234.mp4,s3://humyn-data-partners-prod/visionlab/visionlab/outbound/India_Ahmedabad_Mirana_AssemblyLine_002_234.mp4,601689231,2026-06-13 17:41:41
visionlab/visionlab/outbound/India_Ahmedabad_Mirana_AssemblyLine_002_235.mp4,s3://humyn-data-partners-prod/visionlab/visionlab/outbound/India_Ahmedabad_Mirana_AssemblyLine_002_235.mp4,470579330,2026-06-13 17:41:41
visionlab/visionlab/outbound/India_Ahmedabad_Mirana_AssemblyLine_002_236.mp4,s3://humyn-data-partners-prod/visionlab/visionlab/outbound/India_Ahmedabad_Mirana_AssemblyLine_002_236.mp4,632989952,2026-06-13 17:41:42
visionlab/visionlab/outbound/India_Ahmedabad_Mirana_AssemblyLine_002_237.mp4,s3://humyn-data-partners-prod/visionlab/visionlab/outbound/India_Ahmedabad_Mirana_AssemblyLine_002_237.mp4,605159995,2026-06-13 17:41:42
visionlab/visionlab/outbound/India_Ahmedabad_Mirana_AssemblyLine_002_238.mp4,s3://humyn-data-partners-prod/visionlab/visionlab/outbound/India_Ahmedabad_Mirana_AssemblyLine_002_238.mp4,475850859,2026-06-13 17:41:43
visionlab/visionlab/outbound/India_Ahmedabad_Mirana_AssemblyLine_002_239.mp4,s3://humyn-data-partners-prod/visionlab/visionlab/outbound/India_Ahmedabad_Mirana_AssemblyLine_002_239.mp4,470306488,2026-06-13 17:41:43
visionlab/visionlab/outbound/India_Ahmedabad_Mirana_AssemblyLine_002_240.mp4,s3://humyn-data-partners-prod/visionlab/visionlab/outbound/India_Ahmedabad_Mirana_AssemblyLine_002_240.mp4,402437625,2026-06-13 17:41:43
visionlab/visionlab/outbound/India_Ahmedabad_Mirana_AssemblyLine_002_241.mp4,s3://humyn-data-partners-prod/visionlab/visionlab/outbound/India_Ahmedabad_Mirana_AssemblyLine_002_241.mp4,582191947,2026-06-13 17:41:43
visionlab/visionlab/outbound/India_Ahmedabad_Mirana_AssemblyLine_002_242.mp4,s3://humyn-data-partners-prod/visionlab/visionlab/outbound/India_Ahmedabad_Mirana_AssemblyLine_002_242.mp4,642243321,2026-06-13 17:41:43
visionlab/visionlab/outbound/India_Ahmedabad_Mirana_AssemblyLine_002_243.mp4,s3://humyn-data-partners-prod/visionlab/visionlab/outbound/India_Ahmedabad_Mirana_AssemblyLine_002_243.mp4,694918555,2026-06-13 17:41:43
visionlab/visionlab/outbound/India_Ahmedabad_Mirana_AssemblyLine_002_244.mp4,s3://humyn-data-partners-prod/visionlab/visionlab/outbound/India_Ahmedabad_Mirana_AssemblyLine_002_244.mp4,539312961,2026-06-13 17:41:43
visionlab/visionlab/outbound/India_Ahmedabad_Mirana_AssemblyLine_002_245.mp4,s3://humyn-data-partners-prod/visionlab/visionlab/outbound/India_Ahmedabad_Mirana_AssemblyLine_002_245.mp4,916306188,2026-06-13 17:41:47
visionlab/visionlab/outbound/India_Ahmedabad_Mirana_AssemblyLine_002_246.mp4,s3://humyn-data-partners-prod/visionlab/visionlab/outbound/India_Ahmedabad_Mirana_AssemblyLine_002_246.mp4,672100929,2026-06-13 17:41:47
visionlab/visionlab/outbound/India_Ahmedabad_Mirana_AssemblyLine_002_247.mp4,s3://humyn-data-partners-prod/visionlab/visionlab/outbound/India_Ahmedabad_Mirana_AssemblyLine_002_247.mp4,639059480,2026-06-13 17:41:47
visionlab/visionlab/outbound/India_Ahmedabad_Mirana_AssemblyLine_002_248.mp4,s3://humyn-data-partners-prod/visionlab/visionlab/outbound/India_Ahmedabad_Mirana_AssemblyLine_002_248.mp4,557144805,2026-06-13 17:41:47
visionlab/visionlab/outbound/India_Ahmedabad_Mirana_AssemblyLine_002_249.mp4,s3://humyn-data-partners-prod/visionlab/visionlab/outbound/India_Ahmedabad_Mirana_AssemblyLine_002_249.mp4,582075324,2026-06-13 17:41:47
visionlab/visionlab/outbound/India_Ahmedabad_Mirana_AssemblyLine_002_250.mp4,s3://humyn-data-partners-prod/visionlab/visionlab/outbound/India_Ahmedabad_Mirana_AssemblyLine_002_250.mp4,653629230,2026-06-13 17:41:47
visionlab/visionlab/outbound/India_Ahmedabad_Mirana_AssemblyLine_002_251.mp4,s3://humyn-data-partners-prod/visionlab/visionlab/outbound/India_Ahmedabad_Mirana_AssemblyLine_002_251.mp4,568232354,2026-06-13 17:41:47
visionlab/visionlab/outbound/India_Ahmedabad_Mirana_AssemblyLine_002_252.mp4,s3://humyn-data-partners-prod/visionlab/visionlab/outbound/India_Ahmedabad_Mirana_AssemblyLine_002_252.mp4,346099542,2026-06-13 17:41:48
visionlab/visionlab/outbound/India_Ahmedabad_Mirana_AssemblyLine_002_253.mp4,s3://humyn-data-partners-prod/visionlab/visionlab/outbound/India_Ahmedabad_Mirana_AssemblyLine_002_253.mp4,658658942,2026-06-13 17:41:48
visionlab/visionlab/outbound/India_Ahmedabad_Mirana_AssemblyLine_002_254.mp4,s3://humyn-data-partners-prod/visionlab/visionlab/outbound/India_Ahmedabad_Mirana_AssemblyLine_002_254.mp4,406639713,2026-06-13 17:41:48
visionlab/visionlab/outbound/India_Ahmedabad_Mirana_AssemblyLine_002_255.mp4,s3://humyn-data-partners-prod/visionlab/visionlab/outbound/India_Ahmedabad_Mirana_AssemblyLine_002_255.mp4,992921655,2026-06-13 17:41:48
visionlab/visionlab/outbound/India_Ahmedabad_Mirana_AssemblyLine_002_256.mp4,s3://humyn-data-partners-prod/visionlab/visionlab/outbound/India_Ahmedabad_Mirana_AssemblyLine_002_256.mp4,600738679,2026-06-13 17:41:49
visionlab/visionlab/outbound/India_Ahmedabad_Mirana_AssemblyLine_002_257.mp4,s3://humyn-data-partners-prod/visionlab/visionlab/outbound/India_Ahmedabad_Mirana_AssemblyLine_002_257.mp4,591324802,2026-06-13 17:41:49
visionlab/visionlab/outbound/India_Ahmedabad_Mirana_AssemblyLine_002_258.mp4,s3://humyn-data-partners-prod/visionlab/visionlab/outbound/India_Ahmedabad_Mirana_AssemblyLine_002_258.mp4,631580809,2026-06-13 17:41:49
visionlab/visionlab/outbound/India_Ahmedabad_Mirana_AssemblyLine_002_259.mp4,s3://humyn-data-partners-prod/visionlab/visionlab/outbound/India_Ahmedabad_Mirana_AssemblyLine_002_259.mp4,601918425,2026-06-13 17:41:49
visionlab/visionlab/outbound/India_Ahmedabad_Mirana_AssemblyLine_002_260.mp4,s3://humyn-data-partners-prod/visionlab/visionlab/outbound/India_Ahmedabad_Mirana_AssemblyLine_002_260.mp4,541139123,2026-06-13 17:41:49
visionlab/visionlab/outbound/India_Ahmedabad_Mirana_AssemblyLine_002_261.mp4,s3://humyn-data-partners-prod/visionlab/visionlab/outbound/India_Ahmedabad_Mirana_AssemblyLine_002_261.mp4,581880269,2026-06-13 17:41:49
visionlab/visionlab/outbound/India_Ahmedabad_Mirana_AssemblyLine_002_262.mp4,s3://humyn-data-partners-prod/visionlab/visionlab/outbound/India_Ahmedabad_Mirana_AssemblyLine_002_262.mp4,321188777,2026-06-13 17:41:49
visionlab/visionlab/outbound/India_Ahmedabad_Mirana_AssemblyLine_002_263.mp4,s3://humyn-data-partners-prod/visionlab/visionlab/outbound/India_Ahmedabad_Mirana_AssemblyLine_002_263.mp4,532825221,2026-06-13 17:41:50
visionlab/visionlab/outbound/India_Ahmedabad_Mirana_AssemblyLine_002_264.mp4,s3://humyn-data-partners-prod/visionlab/visionlab/outbound/India_Ahmedabad_Mirana_AssemblyLine_002_264.mp4,593786949,2026-06-13 17:41:50
visionlab/visionlab/outbound/India_Ahmedabad_Mirana_AssemblyLine_002_265.mp4,s3://humyn-data-partners-prod/visionlab/visionlab/outbound/India_Ahmedabad_Mirana_AssemblyLine_002_265.mp4,521920285,2026-06-13 17:41:51
visionlab/visionlab/outbound/India_Ahmedabad_Mirana_AssemblyLine_002_266.mp4,s3://humyn-data-partners-prod/visionlab/visionlab/outbound/India_Ahmedabad_Mirana_AssemblyLine_002_266.mp4,475293729,2026-06-13 17:41:52
visionlab/visionlab/outbound/India_Ahmedabad_Mirana_AssemblyLine_002_267.mp4,s3://humyn-data-partners-prod/visionlab/visionlab/outbound/India_Ahmedabad_Mirana_AssemblyLine_002_267.mp4,556187870,2026-06-13 17:41:52
visionlab/visionlab/outbound/India_Ahmedabad_Mirana_AssemblyLine_002_268.mp4,s3://humyn-data-partners-prod/visionlab/visionlab/outbound/India_Ahmedabad_Mirana_AssemblyLine_002_268.mp4,590248468,2026-06-13 17:41:53
visionlab/visionlab/outbound/India_Ahmedabad_Mirana_AssemblyLine_002_269.mp4,s3://humyn-data-partners-prod/visionlab/visionlab/outbound/India_Ahmedabad_Mirana_AssemblyLine_002_269.mp4,498082607,2026-06-13 17:41:54
visionlab/visionlab/outbound/India_Ahmedabad_Mirana_AssemblyLine_002_270.mp4,s3://humyn-data-partners-prod/visionlab/visionlab/outbound/India_Ahmedabad_Mirana_AssemblyLine_002_270.mp4,506507679,2026-06-13 17:41:54
visionlab/visionlab/outbound/India_Ahmedabad_Mirana_AssemblyLine_002_271.mp4,s3://humyn-data-partners-prod/visionlab/visionlab/outbound/India_Ahmedabad_Mirana_AssemblyLine_002_271.mp4,429908108,2026-06-13 17:41:55
visionlab/visionlab/outbound/India_Ahmedabad_Mirana_AssemblyLine_002_272.mp4,s3://humyn-data-partners-prod/visionlab/visionlab/outbound/India_Ahmedabad_Mirana_AssemblyLine_002_272.mp4,561060002,2026-06-13 17:41:55
visionlab/visionlab/outbound/India_Ahmedabad_Mirana_AssemblyLine_002_273.mp4,s3://humyn-data-partners-prod/visionlab/visionlab/outbound/India_Ahmedabad_Mirana_AssemblyLine_002_273.mp4,491266198,2026-06-13 17:41:55
visionlab/visionlab/outbound/India_Ahmedabad_Mirana_AssemblyLine_002_274.mp4,s3://humyn-data-partners-prod/visionlab/visionlab/outbound/India_Ahmedabad_Mirana_AssemblyLine_002_274.mp4,878253478,2026-06-13 17:41:56
visionlab/visionlab/outbound/India_Ahmedabad_Mirana_AssemblyLine_002_275.mp4,s3://humyn-data-partners-prod/visionlab/visionlab/outbound/India_Ahmedabad_Mirana_AssemblyLine_002_275.mp4,556014557,2026-06-13 17:41:57
visionlab/visionlab/outbound/India_Ahmedabad_Mirana_AssemblyLine_002_276.mp4,s3://humyn-data-partners-prod/visionlab/visionlab/outbound/India_Ahmedabad_Mirana_AssemblyLine_002_276.mp4,459792499,2026-06-13 17:41:57
visionlab/visionlab/outbound/India_Ahmedabad_Mirana_AssemblyLine_002_277.mp4,s3://humyn-data-partners-prod/visionlab/visionlab/outbound/India_Ahmedabad_Mirana_AssemblyLine_002_277.mp4,554875816,2026-06-13 17:41:57
visionlab/visionlab/outbound/India_Ahmedabad_Mirana_AssemblyLine_002_278.mp4,s3://humyn-data-partners-prod/visionlab/visionlab/outbound/India_Ahmedabad_Mirana_AssemblyLine_002_278.mp4,452052077,2026-06-13 17:41:58
visionlab/visionlab/outbound/India_Ahmedabad_Mirana_AssemblyLine_002_279.mp4,s3://humyn-data-partners-prod/visionlab/visionlab/outbound/India_Ahmedabad_Mirana_AssemblyLine_002_279.mp4,591976387,2026-06-13 17:41:59
visionlab/visionlab/outbound/India_Ahmedabad_Mirana_AssemblyLine_002_280.mp4,s3://humyn-data-partners-prod/visionlab/visionlab/outbound/India_Ahmedabad_Mirana_AssemblyLine_002_280.mp4,591540635,2026-06-13 17:41:59
visionlab/visionlab/outbound/India_Ahmedabad_Mirana_AssemblyLine_002_281.mp4,s3://humyn-data-partners-prod/visionlab/visionlab/outbound/India_Ahmedabad_Mirana_AssemblyLine_002_281.mp4,629847059,2026-06-13 17:41:59
visionlab/visionlab/outbound/India_Ahmedabad_Mirana_AssemblyLine_002_282.mp4,s3://humyn-data-partners-prod/visionlab/visionlab/outbound/India_Ahmedabad_Mirana_AssemblyLine_002_282.mp4,572343559,2026-06-13 17:42:00
visionlab/visionlab/outbound/India_Ahmedabad_Mirana_AssemblyLine_002_283.mp4,s3://humyn-data-partners-prod/visionlab/visionlab/outbound/India_Ahmedabad_Mirana_AssemblyLine_002_283.mp4,582214957,2026-06-13 17:42:00
visionlab/visionlab/outbound/India_Ahmedabad_Mirana_AssemblyLine_002_284.mp4,s3://humyn-data-partners-prod/visionlab/visionlab/outbound/India_Ahmedabad_Mirana_AssemblyLine_002_284.mp4,468259009,2026-06-13 17:42:00
visionlab/visionlab/outbound/India_Ahmedabad_Mirana_AssemblyLine_002_285.mp4,s3://humyn-data-partners-prod/visionlab/visionlab/outbound/India_Ahmedabad_Mirana_AssemblyLine_002_285.mp4,449614628,2026-06-13 17:42:01
visionlab/visionlab/outbound/India_Ahmedabad_Mirana_AssemblyLine_002_286.mp4,s3://humyn-data-partners-prod/visionlab/visionlab/outbound/India_Ahmedabad_Mirana_AssemblyLine_002_286.mp4,560178866,2026-06-13 17:42:01
visionlab/visionlab/outbound/India_Ahmedabad_Mirana_AssemblyLine_002_287.mp4,s3://humyn-data-partners-prod/visionlab/visionlab/outbound/India_Ahmedabad_Mirana_AssemblyLine_002_287.mp4,569722645,2026-06-13 17:42:01
visionlab/visionlab/outbound/India_Ahmedabad_Mirana_AssemblyLine_002_288.mp4,s3://humyn-data-partners-prod/visionlab/visionlab/outbound/India_Ahmedabad_Mirana_AssemblyLine_002_288.mp4,201371724,2026-06-13 17:42:01
visionlab/visionlab/outbound/India_Ahmedabad_Mirana_AssemblyLine_002_289.mp4,s3://humyn-data-partners-prod/visionlab/visionlab/outbound/India_Ahmedabad_Mirana_AssemblyLine_002_289.mp4,892811043,2026-06-13 17:42:02
visionlab/visionlab/outbound/India_Ahmedabad_Mirana_AssemblyLine_002_290.mp4,s3://humyn-data-partners-prod/visionlab/visionlab/outbound/India_Ahmedabad_Mirana_AssemblyLine_002_290.mp4,551668327,2026-06-13 17:42:02
visionlab/visionlab/outbound/India_Ahmedabad_Mirana_AssemblyLine_002_291.mp4,s3://humyn-data-partners-prod/visionlab/visionlab/outbound/India_Ahmedabad_Mirana_AssemblyLine_002_291.mp4,542111199,2026-06-13 17:42:02
visionlab/visionlab/outbound/India_Ahmedabad_Mirana_AssemblyLine_002_292.mp4,s3://humyn-data-partners-prod/visionlab/visionlab/outbound/India_Ahmedabad_Mirana_AssemblyLine_002_292.mp4,561331121,2026-06-13 17:42:02
visionlab/visionlab/outbound/India_Ahmedabad_Mirana_AssemblyLine_002_293.mp4,s3://humyn-data-partners-prod/visionlab/visionlab/outbound/India_Ahmedabad_Mirana_AssemblyLine_002_293.mp4,559097707,2026-06-13 17:42:02
visionlab/visionlab/outbound/India_Ahmedabad_Mirana_AssemblyLine_002_294.mp4,s3://humyn-data-partners-prod/visionlab/visionlab/outbound/India_Ahmedabad_Mirana_AssemblyLine_002_294.mp4,548739396,2026-06-13 17:42:02
visionlab/visionlab/outbound/India_Ahmedabad_Mirana_AssemblyLine_002_295.mp4,s3://humyn-data-partners-prod/visionlab/visionlab/outbound/India_Ahmedabad_Mirana_AssemblyLine_002_295.mp4,727144176,2026-06-13 17:42:02
visionlab/visionlab/outbound/India_Ahmedabad_Mirana_AssemblyLine_002_296.mp4,s3://humyn-data-partners-prod/visionlab/visionlab/outbound/India_Ahmedabad_Mirana_AssemblyLine_002_296.mp4,567388165,2026-06-13 17:42:02
visionlab/visionlab/outbound/India_Ahmedabad_Mirana_AssemblyLine_002_297.mp4,s3://humyn-data-partners-prod/visionlab/visionlab/outbound/India_Ahmedabad_Mirana_AssemblyLine_002_297.mp4,582110584,2026-06-13 17:42:02
visionlab/visionlab/outbound/India_Ahmedabad_Mirana_AssemblyLine_002_298.mp4,s3://humyn-data-partners-prod/visionlab/visionlab/outbound/India_Ahmedabad_Mirana_AssemblyLine_002_298.mp4,518057939,2026-06-13 17:42:02
visionlab/visionlab/outbound/India_Ahmedabad_Mirana_AssemblyLine_002_299.mp4,s3://humyn-data-partners-prod/visionlab/visionlab/outbound/India_Ahmedabad_Mirana_AssemblyLine_002_299.mp4,627176297,2026-06-13 17:42:03
visionlab/visionlab/outbound/India_Ahmedabad_Mirana_AssemblyLine_002_300.mp4,s3://humyn-data-partners-prod/visionlab/visionlab/outbound/India_Ahmedabad_Mirana_AssemblyLine_002_300.mp4,589512291,2026-06-13 17:42:03
visionlab/visionlab/outbound/India_Ahmedabad_Mirana_AssemblyLine_002_301.mp4,s3://humyn-data-partners-prod/visionlab/visionlab/outbound/India_Ahmedabad_Mirana_AssemblyLine_002_301.mp4,449001723,2026-06-13 17:42:03
visionlab/visionlab/outbound/India_Ahmedabad_Mirana_AssemblyLine_002_302.mp4,s3://humyn-data-partners-prod/visionlab/visionlab/outbound/India_Ahmedabad_Mirana_AssemblyLine_002_302.mp4,508197646,2026-06-13 17:42:05
visionlab/visionlab/outbound/India_Ahmedabad_Mirana_AssemblyLine_002_303.mp4,s3://humyn-data-partners-prod/visionlab/visionlab/outbound/India_Ahmedabad_Mirana_AssemblyLine_002_303.mp4,967625477,2026-06-13 17:42:06
visionlab/visionlab/outbound/India_Ahmedabad_Mirana_AssemblyLine_002_304.mp4,s3://humyn-data-partners-prod/visionlab/visionlab/outbound/India_Ahmedabad_Mirana_AssemblyLine_002_304.mp4,742082382,2026-06-13 17:42:06
visionlab/visionlab/outbound/India_Ahmedabad_Mirana_AssemblyLine_002_305.mp4,s3://humyn-data-partners-prod/visionlab/visionlab/outbound/India_Ahmedabad_Mirana_AssemblyLine_002_305.mp4,662211562,2026-06-13 17:42:07
visionlab/visionlab/outbound/India_Ahmedabad_Mirana_AssemblyLine_002_306.mp4,s3://humyn-data-partners-prod/visionlab/visionlab/outbound/India_Ahmedabad_Mirana_AssemblyLine_002_306.mp4,515419205,2026-06-13 17:42:07
visionlab/visionlab/outbound/India_Ahmedabad_Mirana_AssemblyLine_002_307.mp4,s3://humyn-data-partners-prod/visionlab/visionlab/outbound/India_Ahmedabad_Mirana_AssemblyLine_002_307.mp4,611222807,2026-06-13 17:42:07
visionlab/visionlab/outbound/India_Ahmedabad_Mirana_AssemblyLine_002_308.mp4,s3://humyn-data-partners-prod/visionlab/visionlab/outbound/India_Ahmedabad_Mirana_AssemblyLine_002_308.mp4,564101799,2026-06-13 17:42:09
visionlab/visionlab/outbound/India_Ahmedabad_Mirana_AssemblyLine_002_309.mp4,s3://humyn-data-partners-prod/visionlab/visionlab/outbound/India_Ahmedabad_Mirana_AssemblyLine_002_309.mp4,600376092,2026-06-13 17:42:09
visionlab/visionlab/outbound/India_Ahmedabad_Mirana_AssemblyLine_002_310.mp4,s3://humyn-data-partners-prod/visionlab/visionlab/outbound/India_Ahmedabad_Mirana_AssemblyLine_002_310.mp4,597848267,2026-06-13 17:42:10
visionlab/visionlab/outbound/India_Ahmedabad_Mirana_AssemblyLine_002_311.mp4,s3://humyn-data-partners-prod/visionlab/visionlab/outbound/India_Ahmedabad_Mirana_AssemblyLine_002_311.mp4,556882686,2026-06-13 17:42:10
visionlab/visionlab/outbound/India_Ahmedabad_Mirana_AssemblyLine_002_312.mp4,s3://humyn-data-partners-prod/visionlab/visionlab/outbound/India_Ahmedabad_Mirana_AssemblyLine_002_312.mp4,483717735,2026-06-13 17:42:10
visionlab/visionlab/outbound/India_Ahmedabad_Mirana_AssemblyLine_002_313.mp4,s3://humyn-data-partners-prod/visionlab/visionlab/outbound/India_Ahmedabad_Mirana_AssemblyLine_002_313.mp4,416516253,2026-06-13 17:42:10
visionlab/visionlab/outbound/India_Ahmedabad_Mirana_AssemblyLine_002_314.mp4,s3://humyn-data-partners-prod/visionlab/visionlab/outbound/India_Ahmedabad_Mirana_AssemblyLine_002_314.mp4,547537557,2026-06-13 17:42:10
visionlab/visionlab/outbound/India_Ahmedabad_Mirana_AssemblyLine_002_315.mp4,s3://humyn-data-partners-prod/visionlab/visionlab/outbound/India_Ahmedabad_Mirana_AssemblyLine_002_315.mp4,658973878,2026-06-13 17:42:11
visionlab/visionlab/outbound/India_Ahmedabad_Mirana_AssemblyLine_002_316.mp4,s3://humyn-data-partners-prod/visionlab/visionlab/outbound/India_Ahmedabad_Mirana_AssemblyLine_002_316.mp4,537190373,2026-06-13 17:42:12
visionlab/visionlab/outbound/India_Ahmedabad_Mirana_AssemblyLine_002_317.mp4,s3://humyn-data-partners-prod/visionlab/visionlab/outbound/India_Ahmedabad_Mirana_AssemblyLine_002_317.mp4,518034621,2026-06-13 17:42:13
visionlab/visionlab/outbound/India_Ahmedabad_Mirana_AssemblyLine_002_318.mp4,s3://humyn-data-partners-prod/visionlab/visionlab/outbound/India_Ahmedabad_Mirana_AssemblyLine_002_318.mp4,684599917,2026-06-13 17:42:13
visionlab/visionlab/outbound/India_Ahmedabad_Mirana_AssemblyLine_002_319.mp4,s3://humyn-data-partners-prod/visionlab/visionlab/outbound/India_Ahmedabad_Mirana_AssemblyLine_002_319.mp4,559275682,2026-06-13 17:42:13
visionlab/visionlab/outbound/India_Ahmedabad_Mirana_AssemblyLine_002_320.mp4,s3://humyn-data-partners-prod/visionlab/visionlab/outbound/India_Ahmedabad_Mirana_AssemblyLine_002_320.mp4,619038066,2026-06-13 17:42:13
visionlab/visionlab/outbound/India_Ahmedabad_Mirana_AssemblyLine_002_321.mp4,s3://humyn-data-partners-prod/visionlab/visionlab/outbound/India_Ahmedabad_Mirana_AssemblyLine_002_321.mp4,610140167,2026-06-13 17:42:13
visionlab/visionlab/outbound/India_Ahmedabad_Mirana_AssemblyLine_002_322.mp4,s3://humyn-data-partners-prod/visionlab/visionlab/outbound/India_Ahmedabad_Mirana_AssemblyLine_002_322.mp4,906377874,2026-06-13 17:42:13
visionlab/visionlab/outbound/India_Ahmedabad_Mirana_AssemblyLine_002_323.mp4,s3://humyn-data-partners-prod/visionlab/visionlab/outbound/India_Ahmedabad_Mirana_AssemblyLine_002_323.mp4,1207940383,2026-06-13 17:42:14
visionlab/visionlab/outbound/India_Ahmedabad_Mirana_AssemblyLine_002_324.mp4,s3://humyn-data-partners-prod/visionlab/visionlab/outbound/India_Ahmedabad_Mirana_AssemblyLine_002_324.mp4,1294003219,2026-06-13 17:42:14
visionlab/visionlab/outbound/India_Ahmedabad_Mirana_AssemblyLine_002_325.mp4,s3://humyn-data-partners-prod/visionlab/visionlab/outbound/India_Ahmedabad_Mirana_AssemblyLine_002_325.mp4,594543746,2026-06-13 17:42:14
visionlab/visionlab/outbound/India_Ahmedabad_Mirana_AssemblyLine_002_326.mp4,s3://humyn-data-partners-prod/visionlab/visionlab/outbound/India_Ahmedabad_Mirana_AssemblyLine_002_326.mp4,498500184,2026-06-13 17:42:14
visionlab/visionlab/outbound/India_Ahmedabad_Mirana_AssemblyLine_002_327.mp4,s3://humyn-data-partners-prod/visionlab/visionlab/outbound/India_Ahmedabad_Mirana_AssemblyLine_002_327.mp4,553398365,2026-06-13 17:42:14
visionlab/visionlab/outbound/India_Ahmedabad_Mirana_AssemblyLine_002_328.mp4,s3://humyn-data-partners-prod/visionlab/visionlab/outbound/India_Ahmedabad_Mirana_AssemblyLine_002_328.mp4,567386603,2026-06-13 17:42:15
visionlab/visionlab/outbound/India_Ahmedabad_Mirana_AssemblyLine_002_329.mp4,s3://humyn-data-partners-prod/visionlab/visionlab/outbound/India_Ahmedabad_Mirana_AssemblyLine_002_329.mp4,981030261,2026-06-13 17:42:16
visionlab/visionlab/outbound/India_Ahmedabad_Mirana_AssemblyLine_002_330.mp4,s3://humyn-data-partners-prod/visionlab/visionlab/outbound/India_Ahmedabad_Mirana_AssemblyLine_002_330.mp4,479066312,2026-06-13 17:42:16
visionlab/visionlab/outbound/India_Ahmedabad_Mirana_AssemblyLine_002_331.mp4,s3://humyn-data-partners-prod/visionlab/visionlab/outbound/India_Ahmedabad_Mirana_AssemblyLine_002_331.mp4,534549886,2026-06-13 17:42:16
visionlab/visionlab/outbound/India_Ahmedabad_Mirana_AssemblyLine_002_332.mp4,s3://humyn-data-partners-prod/visionlab/visionlab/outbound/India_Ahmedabad_Mirana_AssemblyLine_002_332.mp4,544077118,2026-06-13 17:42:16
visionlab/visionlab/outbound/India_Ahmedabad_Mirana_AssemblyLine_002_333.mp4,s3://humyn-data-partners-prod/visionlab/visionlab/outbound/India_Ahmedabad_Mirana_AssemblyLine_002_333.mp4,586892157,2026-06-13 17:42:18
visionlab/visionlab/outbound/India_Ahmedabad_Mirana_AssemblyLine_002_334.mp4,s3://humyn-data-partners-prod/visionlab/visionlab/outbound/India_Ahmedabad_Mirana_AssemblyLine_002_334.mp4,565158136,2026-06-13 17:42:18
visionlab/visionlab/outbound/India_Ahmedabad_Mirana_AssemblyLine_002_335.mp4,s3://humyn-data-partners-prod/visionlab/visionlab/outbound/India_Ahmedabad_Mirana_AssemblyLine_002_335.mp4,557606252,2026-06-13 17:42:19
visionlab/visionlab/outbound/India_Ahmedabad_Mirana_AssemblyLine_002_336.mp4,s3://humyn-data-partners-prod/visionlab/visionlab/outbound/India_Ahmedabad_Mirana_AssemblyLine_002_336.mp4,534303272,2026-06-13 17:42:20
visionlab/visionlab/outbound/India_Ahmedabad_Mirana_AssemblyLine_002_337.mp4,s3://humyn-data-partners-prod/visionlab/visionlab/outbound/India_Ahmedabad_Mirana_AssemblyLine_002_337.mp4,528064431,2026-06-13 17:42:20
visionlab/visionlab/outbound/India_Ahmedabad_Mirana_AssemblyLine_002_338.mp4,s3://humyn-data-partners-prod/visionlab/visionlab/outbound/India_Ahmedabad_Mirana_AssemblyLine_002_338.mp4,477327519,2026-06-13 17:42:20
visionlab/visionlab/outbound/India_Ahmedabad_Mirana_AssemblyLine_002_339.mp4,s3://humyn-data-partners-prod/visionlab/visionlab/outbound/India_Ahmedabad_Mirana_AssemblyLine_002_339.mp4,495682610,2026-06-13 17:42:21
visionlab/visionlab/outbound/India_Ahmedabad_Mirana_AssemblyLine_002_340.mp4,s3://humyn-data-partners-prod/visionlab/visionlab/outbound/India_Ahmedabad_Mirana_AssemblyLine_002_340.mp4,571329328,2026-06-13 17:42:21
visionlab/visionlab/outbound/India_Ahmedabad_Mirana_AssemblyLine_002_341.mp4,s3://humyn-data-partners-prod/visionlab/visionlab/outbound/India_Ahmedabad_Mirana_AssemblyLine_002_341.mp4,545388004,2026-06-13 17:42:22
visionlab/visionlab/outbound/India_Ahmedabad_Mirana_AssemblyLine_002_342.mp4,s3://humyn-data-partners-prod/visionlab/visionlab/outbound/India_Ahmedabad_Mirana_AssemblyLine_002_342.mp4,528310187,2026-06-13 17:42:22
visionlab/visionlab/outbound/India_Ahmedabad_Mirana_AssemblyLine_002_343.mp4,s3://humyn-data-partners-prod/visionlab/visionlab/outbound/India_Ahmedabad_Mirana_AssemblyLine_002_343.mp4,604886907,2026-06-13 17:42:22
visionlab/visionlab/outbound/India_Ahmedabad_Mirana_AssemblyLine_002_344.mp4,s3://humyn-data-partners-prod/visionlab/visionlab/outbound/India_Ahmedabad_Mirana_AssemblyLine_002_344.mp4,502503843,2026-06-13 17:42:22
visionlab/visionlab/outbound/India_Ahmedabad_Mirana_AssemblyLine_002_345.mp4,s3://humyn-data-partners-prod/visionlab/visionlab/outbound/India_Ahmedabad_Mirana_AssemblyLine_002_345.mp4,612461390,2026-06-13 17:42:23
visionlab/visionlab/outbound/India_Ahmedabad_Mirana_AssemblyLine_002_346.mp4,s3://humyn-data-partners-prod/visionlab/visionlab/outbound/India_Ahmedabad_Mirana_AssemblyLine_002_346.mp4,484749051,2026-06-13 17:42:24
visionlab/visionlab/outbound/India_Ahmedabad_Mirana_AssemblyLine_002_347.mp4,s3://humyn-data-partners-prod/visionlab/visionlab/outbound/India_Ahmedabad_Mirana_AssemblyLine_002_347.mp4,1178761496,2026-06-13 17:42:24
visionlab/visionlab/outbound/India_Ahmedabad_Mirana_AssemblyLine_002_348.mp4,s3://humyn-data-partners-prod/visionlab/visionlab/outbound/India_Ahmedabad_Mirana_AssemblyLine_002_348.mp4,900394828,2026-06-13 17:42:25
visionlab/visionlab/outbound/India_Ahmedabad_Mirana_AssemblyLine_002_349.mp4,s3://humyn-data-partners-prod/visionlab/visionlab/outbound/India_Ahmedabad_Mirana_AssemblyLine_002_349.mp4,581731148,2026-06-13 17:42:25
visionlab/visionlab/outbound/India_Ahmedabad_Mirana_AssemblyLine_002_350.mp4,s3://humyn-data-partners-prod/visionlab/visionlab/outbound/India_Ahmedabad_Mirana_AssemblyLine_002_350.mp4,594976372,2026-06-13 17:42:25
visionlab/visionlab/outbound/India_Ahmedabad_Mirana_AssemblyLine_002_351.mp4,s3://humyn-data-partners-prod/visionlab/visionlab/outbound/India_Ahmedabad_Mirana_AssemblyLine_002_351.mp4,596071612,2026-06-13 17:42:25
visionlab/visionlab/outbound/India_Ahmedabad_Mirana_AssemblyLine_002_352.mp4,s3://humyn-data-partners-prod/visionlab/visionlab/outbound/India_Ahmedabad_Mirana_AssemblyLine_002_352.mp4,475261451,2026-06-13 17:42:26
visionlab/visionlab/outbound/India_Ahmedabad_Mirana_AssemblyLine_002_353.mp4,s3://humyn-data-partners-prod/visionlab/visionlab/outbound/India_Ahmedabad_Mirana_AssemblyLine_002_353.mp4,516772678,2026-06-13 17:42:26
visionlab/visionlab/outbound/India_Ahmedabad_Mirana_AssemblyLine_002_354.mp4,s3://humyn-data-partners-prod/visionlab/visionlab/outbound/India_Ahmedabad_Mirana_AssemblyLine_002_354.mp4,456961132,2026-06-13 17:42:26
visionlab/visionlab/outbound/India_Ahmedabad_Mirana_AssemblyLine_002_355.mp4,s3://humyn-data-partners-prod/visionlab/visionlab/outbound/India_Ahmedabad_Mirana_AssemblyLine_002_355.mp4,562487204,2026-06-13 17:42:26
visionlab/visionlab/outbound/India_Ahmedabad_Mirana_AssemblyLine_002_356.mp4,s3://humyn-data-partners-prod/visionlab/visionlab/outbound/India_Ahmedabad_Mirana_AssemblyLine_002_356.mp4,467914090,2026-06-13 17:42:26
visionlab/visionlab/outbound/India_Ahmedabad_Mirana_AssemblyLine_002_357.mp4,s3://humyn-data-partners-prod/visionlab/visionlab/outbound/India_Ahmedabad_Mirana_AssemblyLine_002_357.mp4,982800432,2026-06-13 17:42:26
visionlab/visionlab/outbound/India_Ahmedabad_Mirana_AssemblyLine_002_358.mp4,s3://humyn-data-partners-prod/visionlab/visionlab/outbound/India_Ahmedabad_Mirana_AssemblyLine_002_358.mp4,554393992,2026-06-13 17:42:27
visionlab/visionlab/outbound/India_Ahmedabad_Mirana_AssemblyLine_002_359.mp4,s3://humyn-data-partners-prod/visionlab/visionlab/outbound/India_Ahmedabad_Mirana_AssemblyLine_002_359.mp4,494638130,2026-06-13 17:42:27
visionlab/visionlab/outbound/India_Ahmedabad_Mirana_AssemblyLine_002_360.mp4,s3://humyn-data-partners-prod/visionlab/visionlab/outbound/India_Ahmedabad_Mirana_AssemblyLine_002_360.mp4,587001810,2026-06-13 17:42:28
visionlab/visionlab/outbound/India_Ahmedabad_Mirana_AssemblyLine_002_361.mp4,s3://humyn-data-partners-prod/visionlab/visionlab/outbound/India_Ahmedabad_Mirana_AssemblyLine_002_361.mp4,622034041,2026-06-13 17:42:28
visionlab/visionlab/outbound/India_Ahmedabad_Mirana_AssemblyLine_002_362.mp4,s3://humyn-data-partners-prod/visionlab/visionlab/outbound/India_Ahmedabad_Mirana_AssemblyLine_002_362.mp4,481462752,2026-06-13 17:42:28
visionlab/visionlab/outbound/India_Ahmedabad_Mirana_AssemblyLine_002_363.mp4,s3://humyn-data-partners-prod/visionlab/visionlab/outbound/India_Ahmedabad_Mirana_AssemblyLine_002_363.mp4,630819675,2026-06-13 17:42:29
visionlab/visionlab/outbound/India_Ahmedabad_Mirana_AssemblyLine_002_364.mp4,s3://humyn-data-partners-prod/visionlab/visionlab/outbound/India_Ahmedabad_Mirana_AssemblyLine_002_364.mp4,622667844,2026-06-13 17:42:30
visionlab/visionlab/outbound/India_Ahmedabad_Mirana_AssemblyLine_002_365.mp4,s3://humyn-data-partners-prod/visionlab/visionlab/outbound/India_Ahmedabad_Mirana_AssemblyLine_002_365.mp4,604875154,2026-06-13 17:42:30
visionlab/visionlab/outbound/India_Ahmedabad_Mirana_AssemblyLine_002_366.mp4,s3://humyn-data-partners-prod/visionlab/visionlab/outbound/India_Ahmedabad_Mirana_AssemblyLine_002_366.mp4,566064164,2026-06-13 17:42:31
visionlab/visionlab/outbound/India_Ahmedabad_Mirana_AssemblyLine_002_367.mp4,s3://humyn-data-partners-prod/visionlab/visionlab/outbound/India_Ahmedabad_Mirana_AssemblyLine_002_367.mp4,574584504,2026-06-13 17:42:31
visionlab/visionlab/outbound/India_Ahmedabad_Mirana_AssemblyLine_002_368.mp4,s3://humyn-data-partners-prod/visionlab/visionlab/outbound/India_Ahmedabad_Mirana_AssemblyLine_002_368.mp4,584218774,2026-06-13 17:42:31
visionlab/visionlab/outbound/India_Ahmedabad_Mirana_AssemblyLine_002_369.mp4,s3://humyn-data-partners-prod/visionlab/visionlab/outbound/India_Ahmedabad_Mirana_AssemblyLine_002_369.mp4,523012981,2026-06-13 17:42:33
visionlab/visionlab/outbound/India_Ahmedabad_Mirana_AssemblyLine_002_370.mp4,s3://humyn-data-partners-prod/visionlab/visionlab/outbound/India_Ahmedabad_Mirana_AssemblyLine_002_370.mp4,542343358,2026-06-13 17:42:33
visionlab/visionlab/outbound/India_Ahmedabad_Mirana_AssemblyLine_002_371.mp4,s3://humyn-data-partners-prod/visionlab/visionlab/outbound/India_Ahmedabad_Mirana_AssemblyLine_002_371.mp4,563839188,2026-06-13 17:42:33
visionlab/visionlab/outbound/India_Ahmedabad_Mirana_AssemblyLine_002_372.mp4,s3://humyn-data-partners-prod/visionlab/visionlab/outbound/India_Ahmedabad_Mirana_AssemblyLine_002_372.mp4,502848123,2026-06-13 17:42:34
visionlab/visionlab/outbound/India_Ahmedabad_Mirana_AssemblyLine_002_373.mp4,s3://humyn-data-partners-prod/visionlab/visionlab/outbound/India_Ahmedabad_Mirana_AssemblyLine_002_373.mp4,938142350,2026-06-13 17:42:34
visionlab/visionlab/outbound/India_Ahmedabad_Mirana_AssemblyLine_002_374.mp4,s3://humyn-data-partners-prod/visionlab/visionlab/outbound/India_Ahmedabad_Mirana_AssemblyLine_002_374.mp4,926509939,2026-06-13 17:42:34
visionlab/visionlab/outbound/India_Ahmedabad_Mirana_AssemblyLine_002_375.mp4,s3://humyn-data-partners-prod/visionlab/visionlab/outbound/India_Ahmedabad_Mirana_AssemblyLine_002_375.mp4,647142671,2026-06-13 17:42:35
visionlab/visionlab/outbound/India_Ahmedabad_Mirana_AssemblyLine_002_376.mp4,s3://humyn-data-partners-prod/visionlab/visionlab/outbound/India_Ahmedabad_Mirana_AssemblyLine_002_376.mp4,613432639,2026-06-13 17:42:35
visionlab/visionlab/outbound/India_Ahmedabad_Mirana_AssemblyLine_002_377.mp4,s3://humyn-data-partners-prod/visionlab/visionlab/outbound/India_Ahmedabad_Mirana_AssemblyLine_002_377.mp4,502608990,2026-06-13 17:42:35
visionlab/visionlab/outbound/India_Ahmedabad_Mirana_AssemblyLine_002_378.mp4,s3://humyn-data-partners-prod/visionlab/visionlab/outbound/India_Ahmedabad_Mirana_AssemblyLine_002_378.mp4,477391240,2026-06-13 17:42:36
visionlab/visionlab/outbound/India_Ahmedabad_Mirana_AssemblyLine_002_379.mp4,s3://humyn-data-partners-prod/visionlab/visionlab/outbound/India_Ahmedabad_Mirana_AssemblyLine_002_379.mp4,479806480,2026-06-13 17:42:36
visionlab/visionlab/outbound/India_Ahmedabad_Mirana_AssemblyLine_002_380.mp4,s3://humyn-data-partners-prod/visionlab/visionlab/outbound/India_Ahmedabad_Mirana_AssemblyLine_002_380.mp4,705758738,2026-06-13 17:42:36
visionlab/visionlab/outbound/India_Ahmedabad_Mirana_AssemblyLine_002_381.mp4,s3://humyn-data-partners-prod/visionlab/visionlab/outbound/India_Ahmedabad_Mirana_AssemblyLine_002_381.mp4,510650947,2026-06-13 17:42:37
visionlab/visionlab/outbound/India_Ahmedabad_Mirana_AssemblyLine_002_382.mp4,s3://humyn-data-partners-prod/visionlab/visionlab/outbound/India_Ahmedabad_Mirana_AssemblyLine_002_382.mp4,463770888,2026-06-13 17:42:37
visionlab/visionlab/outbound/India_Ahmedabad_Mirana_AssemblyLine_002_383.mp4,s3://humyn-data-partners-prod/visionlab/visionlab/outbound/India_Ahmedabad_Mirana_AssemblyLine_002_383.mp4,501346223,2026-06-13 17:42:37
visionlab/visionlab/outbound/India_Ahmedabad_Mirana_AssemblyLine_002_384.mp4,s3://humyn-data-partners-prod/visionlab/visionlab/outbound/India_Ahmedabad_Mirana_AssemblyLine_002_384.mp4,667772146,2026-06-13 17:42:37
visionlab/visionlab/outbound/India_Ahmedabad_Mirana_AssemblyLine_002_385.mp4,s3://humyn-data-partners-prod/visionlab/visionlab/outbound/India_Ahmedabad_Mirana_AssemblyLine_002_385.mp4,342145815,2026-06-13 17:42:37
visionlab/visionlab/outbound/India_Ahmedabad_Mirana_AssemblyLine_002_386.mp4,s3://humyn-data-partners-prod/visionlab/visionlab/outbound/India_Ahmedabad_Mirana_AssemblyLine_002_386.mp4,610277976,2026-06-13 17:42:38
visionlab/visionlab/outbound/India_Ahmedabad_Mirana_AssemblyLine_002_387.mp4,s3://humyn-data-partners-prod/visionlab/visionlab/outbound/India_Ahmedabad_Mirana_AssemblyLine_002_387.mp4,589124895,2026-06-13 17:42:38
visionlab/visionlab/outbound/India_Ahmedabad_Mirana_AssemblyLine_002_388.mp4,s3://humyn-data-partners-prod/visionlab/visionlab/outbound/India_Ahmedabad_Mirana_AssemblyLine_002_388.mp4,435539559,2026-06-13 17:42:38
visionlab/visionlab/outbound/India_Ahmedabad_Mirana_AssemblyLine_002_389.mp4,s3://humyn-data-partners-prod/visionlab/visionlab/outbound/India_Ahmedabad_Mirana_AssemblyLine_002_389.mp4,477962837,2026-06-13 17:42:39
visionlab/visionlab/outbound/India_Ahmedabad_Mirana_AssemblyLine_002_390.mp4,s3://humyn-data-partners-prod/visionlab/visionlab/outbound/India_Ahmedabad_Mirana_AssemblyLine_002_390.mp4,606005741,2026-06-13 17:42:39
visionlab/visionlab/outbound/India_Ahmedabad_Mirana_AssemblyLine_002_391.mp4,s3://humyn-data-partners-prod/visionlab/visionlab/outbound/India_Ahmedabad_Mirana_AssemblyLine_002_391.mp4,540409489,2026-06-13 17:42:40
visionlab/visionlab/outbound/India_Ahmedabad_Mirana_AssemblyLine_002_392.mp4,s3://humyn-data-partners-prod/visionlab/visionlab/outbound/India_Ahmedabad_Mirana_AssemblyLine_002_392.mp4,477445206,2026-06-13 17:42:41
visionlab/visionlab/outbound/India_Ahmedabad_Mirana_AssemblyLine_002_393.mp4,s3://humyn-data-partners-prod/visionlab/visionlab/outbound/India_Ahmedabad_Mirana_AssemblyLine_002_393.mp4,579485345,2026-06-13 17:42:43
visionlab/visionlab/outbound/India_Ahmedabad_Mirana_AssemblyLine_002_394.mp4,s3://humyn-data-partners-prod/visionlab/visionlab/outbound/India_Ahmedabad_Mirana_AssemblyLine_002_394.mp4,570845930,2026-06-13 17:42:43
visionlab/visionlab/outbound/India_Ahmedabad_Mirana_AssemblyLine_002_395.mp4,s3://humyn-data-partners-prod/visionlab/visionlab/outbound/India_Ahmedabad_Mirana_AssemblyLine_002_395.mp4,577634056,2026-06-13 17:42:43
visionlab/visionlab/outbound/India_Ahmedabad_Mirana_AssemblyLine_002_396.mp4,s3://humyn-data-partners-prod/visionlab/visionlab/outbound/India_Ahmedabad_Mirana_AssemblyLine_002_396.mp4,1199135944,2026-06-13 17:42:43
visionlab/visionlab/outbound/India_Ahmedabad_Mirana_AssemblyLine_002_397.mp4,s3://humyn-data-partners-prod/visionlab/visionlab/outbound/India_Ahmedabad_Mirana_AssemblyLine_002_397.mp4,489803759,2026-06-13 17:42:43
visionlab/visionlab/outbound/India_Ahmedabad_Mirana_AssemblyLine_002_398.mp4,s3://humyn-data-partners-prod/visionlab/visionlab/outbound/India_Ahmedabad_Mirana_AssemblyLine_002_398.mp4,684567742,2026-06-13 17:42:44
visionlab/visionlab/outbound/India_Ahmedabad_Mirana_AssemblyLine_002_399.mp4,s3://humyn-data-partners-prod/visionlab/visionlab/outbound/India_Ahmedabad_Mirana_AssemblyLine_002_399.mp4,588109353,2026-06-13 17:42:44
visionlab/visionlab/outbound/India_Ahmedabad_Mirana_AssemblyLine_002_400.mp4,s3://humyn-data-partners-prod/visionlab/visionlab/outbound/India_Ahmedabad_Mirana_AssemblyLine_002_400.mp4,562341279,2026-06-13 17:42:44
visionlab/visionlab/outbound/India_Ahmedabad_Mirana_AssemblyLine_002_401.mp4,s3://humyn-data-partners-prod/visionlab/visionlab/outbound/India_Ahmedabad_Mirana_AssemblyLine_002_401.mp4,551196837,2026-06-13 17:42:44
visionlab/visionlab/outbound/India_Ahmedabad_Mirana_AssemblyLine_002_402.mp4,s3://humyn-data-partners-prod/visionlab/visionlab/outbound/India_Ahmedabad_Mirana_AssemblyLine_002_402.mp4,553193153,2026-06-13 17:42:45
visionlab/visionlab/outbound/India_Ahmedabad_Mirana_AssemblyLine_002_403.mp4,s3://humyn-data-partners-prod/visionlab/visionlab/outbound/India_Ahmedabad_Mirana_AssemblyLine_002_403.mp4,556083179,2026-06-13 17:42:45
visionlab/visionlab/outbound/India_Ahmedabad_Mirana_AssemblyLine_002_404.mp4,s3://humyn-data-partners-prod/visionlab/visionlab/outbound/India_Ahmedabad_Mirana_AssemblyLine_002_404.mp4,465372328,2026-06-13 17:42:45
visionlab/visionlab/outbound/India_Ahmedabad_Mirana_AssemblyLine_002_405.mp4,s3://humyn-data-partners-prod/visionlab/visionlab/outbound/India_Ahmedabad_Mirana_AssemblyLine_002_405.mp4,596391429,2026-06-13 17:42:45
visionlab/visionlab/outbound/India_Ahmedabad_Mirana_AssemblyLine_002_406.mp4,s3://humyn-data-partners-prod/visionlab/visionlab/outbound/India_Ahmedabad_Mirana_AssemblyLine_002_406.mp4,626308614,2026-06-13 17:42:45
visionlab/visionlab/outbound/India_Ahmedabad_Mirana_AssemblyLine_002_407.mp4,s3://humyn-data-partners-prod/visionlab/visionlab/outbound/India_Ahmedabad_Mirana_AssemblyLine_002_407.mp4,437862915,2026-06-13 17:42:45
visionlab/visionlab/outbound/India_Ahmedabad_Mirana_AssemblyLine_002_408.mp4,s3://humyn-data-partners-prod/visionlab/visionlab/outbound/India_Ahmedabad_Mirana_AssemblyLine_002_408.mp4,565778845,2026-06-13 17:42:46
visionlab/visionlab/outbound/India_Ahmedabad_Mirana_AssemblyLine_002_409.mp4,s3://humyn-data-partners-prod/visionlab/visionlab/outbound/India_Ahmedabad_Mirana_AssemblyLine_002_409.mp4,501831365,2026-06-13 17:42:46
visionlab/visionlab/outbound/India_Ahmedabad_Mirana_AssemblyLine_002_410.mp4,s3://humyn-data-partners-prod/visionlab/visionlab/outbound/India_Ahmedabad_Mirana_AssemblyLine_002_410.mp4,474240352,2026-06-13 17:42:46
visionlab/visionlab/outbound/India_Ahmedabad_Mirana_AssemblyLine_002_411.mp4,s3://humyn-data-partners-prod/visionlab/visionlab/outbound/India_Ahmedabad_Mirana_AssemblyLine_002_411.mp4,478667800,2026-06-13 17:42:46
visionlab/visionlab/outbound/India_Ahmedabad_Mirana_AssemblyLine_002_412.mp4,s3://humyn-data-partners-prod/visionlab/visionlab/outbound/India_Ahmedabad_Mirana_AssemblyLine_002_412.mp4,492181076,2026-06-13 17:42:48
visionlab/visionlab/outbound/India_Ahmedabad_Mirana_AssemblyLine_002_413.mp4,s3://humyn-data-partners-prod/visionlab/visionlab/outbound/India_Ahmedabad_Mirana_AssemblyLine_002_413.mp4,668132403,2026-06-13 17:42:48
visionlab/visionlab/outbound/India_Ahmedabad_Mirana_AssemblyLine_002_414.mp4,s3://humyn-data-partners-prod/visionlab/visionlab/outbound/India_Ahmedabad_Mirana_AssemblyLine_002_414.mp4,546216658,2026-06-13 17:42:48
visionlab/visionlab/outbound/India_Ahmedabad_Mirana_AssemblyLine_002_415.mp4,s3://humyn-data-partners-prod/visionlab/visionlab/outbound/India_Ahmedabad_Mirana_AssemblyLine_002_415.mp4,522493753,2026-06-13 17:42:48
visionlab/visionlab/outbound/India_Ahmedabad_Mirana_AssemblyLine_002_416.mp4,s3://humyn-data-partners-prod/visionlab/visionlab/outbound/India_Ahmedabad_Mirana_AssemblyLine_002_416.mp4,574470980,2026-06-13 17:42:49
visionlab/visionlab/outbound/India_Ahmedabad_Mirana_AssemblyLine_002_417.mp4,s3://humyn-data-partners-prod/visionlab/visionlab/outbound/India_Ahmedabad_Mirana_AssemblyLine_002_417.mp4,459451836,2026-06-13 17:42:49
visionlab/visionlab/outbound/India_Ahmedabad_Mirana_AssemblyLine_002_418.mp4,s3://humyn-data-partners-prod/visionlab/visionlab/outbound/India_Ahmedabad_Mirana_AssemblyLine_002_418.mp4,507777335,2026-06-13 17:42:49
visionlab/visionlab/outbound/India_Ahmedabad_Mirana_AssemblyLine_002_419.mp4,s3://humyn-data-partners-prod/visionlab/visionlab/outbound/India_Ahmedabad_Mirana_AssemblyLine_002_419.mp4,501788368,2026-06-13 17:42:49
visionlab/visionlab/outbound/India_Ahmedabad_Mirana_AssemblyLine_002_420.mp4,s3://humyn-data-partners-prod/visionlab/visionlab/outbound/India_Ahmedabad_Mirana_AssemblyLine_002_420.mp4,645829323,2026-06-13 17:42:50
visionlab/visionlab/outbound/India_Ahmedabad_Mirana_AssemblyLine_002_421.mp4,s3://humyn-data-partners-prod/visionlab/visionlab/outbound/India_Ahmedabad_Mirana_AssemblyLine_002_421.mp4,469454083,2026-06-13 17:42:50
visionlab/visionlab/outbound/India_Ahmedabad_Mirana_AssemblyLine_002_422.mp4,s3://humyn-data-partners-prod/visionlab/visionlab/outbound/India_Ahmedabad_Mirana_AssemblyLine_002_422.mp4,571213984,2026-06-13 17:42:52
visionlab/visionlab/outbound/India_Ahmedabad_Mirana_AssemblyLine_002_423.mp4,s3://humyn-data-partners-prod/visionlab/visionlab/outbound/India_Ahmedabad_Mirana_AssemblyLine_002_423.mp4,581524450,2026-06-13 17:42:52
visionlab/visionlab/outbound/India_Ahmedabad_Mirana_AssemblyLine_002_424.mp4,s3://humyn-data-partners-prod/visionlab/visionlab/outbound/India_Ahmedabad_Mirana_AssemblyLine_002_424.mp4,530282727,2026-06-13 17:42:53
visionlab/visionlab/outbound/India_Ahmedabad_Mirana_AssemblyLine_002_425.mp4,s3://humyn-data-partners-prod/visionlab/visionlab/outbound/India_Ahmedabad_Mirana_AssemblyLine_002_425.mp4,609727611,2026-06-13 17:42:53
visionlab/visionlab/outbound/India_Ahmedabad_Mirana_AssemblyLine_002_426.mp4,s3://humyn-data-partners-prod/visionlab/visionlab/outbound/India_Ahmedabad_Mirana_AssemblyLine_002_426.mp4,560917446,2026-06-13 17:42:54
visionlab/visionlab/outbound/India_Ahmedabad_Mirana_AssemblyLine_002_427.mp4,s3://humyn-data-partners-prod/visionlab/visionlab/outbound/India_Ahmedabad_Mirana_AssemblyLine_002_427.mp4,622365137,2026-06-13 17:42:54
visionlab/visionlab/outbound/India_Ahmedabad_Mirana_AssemblyLine_002_428.mp4,s3://humyn-data-partners-prod/visionlab/visionlab/outbound/India_Ahmedabad_Mirana_AssemblyLine_002_428.mp4,509164406,2026-06-13 17:42:55
visionlab/visionlab/outbound/India_Ahmedabad_Mirana_AssemblyLine_002_429.mp4,s3://humyn-data-partners-prod/visionlab/visionlab/outbound/India_Ahmedabad_Mirana_AssemblyLine_002_429.mp4,622531378,2026-06-13 17:42:55
visionlab/visionlab/outbound/India_Ahmedabad_Mirana_AssemblyLine_002_430.mp4,s3://humyn-data-partners-prod/visionlab/visionlab/outbound/India_Ahmedabad_Mirana_AssemblyLine_002_430.mp4,533748899,2026-06-13 17:42:55
visionlab/visionlab/outbound/India_Ahmedabad_Mirana_AssemblyLine_002_431.mp4,s3://humyn-data-partners-prod/visionlab/visionlab/outbound/India_Ahmedabad_Mirana_AssemblyLine_002_431.mp4,599521800,2026-06-13 17:42:55
visionlab/visionlab/outbound/India_Ahmedabad_Mirana_AssemblyLine_002_432.mp4,s3://humyn-data-partners-prod/visionlab/visionlab/outbound/India_Ahmedabad_Mirana_AssemblyLine_002_432.mp4,642114542,2026-06-13 17:42:55
visionlab/visionlab/outbound/India_Ahmedabad_Mirana_AssemblyLine_002_433.mp4,s3://humyn-data-partners-prod/visionlab/visionlab/outbound/India_Ahmedabad_Mirana_AssemblyLine_002_433.mp4,584707223,2026-06-13 17:42:55
visionlab/visionlab/outbound/India_Ahmedabad_Mirana_AssemblyLine_002_434.mp4,s3://humyn-data-partners-prod/visionlab/visionlab/outbound/India_Ahmedabad_Mirana_AssemblyLine_002_434.mp4,500519287,2026-06-13 17:42:56
visionlab/visionlab/outbound/India_Ahmedabad_Mirana_AssemblyLine_002_435.mp4,s3://humyn-data-partners-prod/visionlab/visionlab/outbound/India_Ahmedabad_Mirana_AssemblyLine_002_435.mp4,634190046,2026-06-13 17:42:56
visionlab/visionlab/outbound/India_Ahmedabad_Mirana_AssemblyLine_002_436.mp4,s3://humyn-data-partners-prod/visionlab/visionlab/outbound/India_Ahmedabad_Mirana_AssemblyLine_002_436.mp4,567555601,2026-06-13 17:42:56
visionlab/visionlab/outbound/India_Ahmedabad_Mirana_AssemblyLine_002_437.mp4,s3://humyn-data-partners-prod/visionlab/visionlab/outbound/India_Ahmedabad_Mirana_AssemblyLine_002_437.mp4,467389007,2026-06-13 17:42:56
visionlab/visionlab/outbound/India_Ahmedabad_Mirana_AssemblyLine_002_438.mp4,s3://humyn-data-partners-prod/visionlab/visionlab/outbound/India_Ahmedabad_Mirana_AssemblyLine_002_438.mp4,508807900,2026-06-13 17:42:56
visionlab/visionlab/outbound/India_Ahmedabad_Mirana_AssemblyLine_002_439.mp4,s3://humyn-data-partners-prod/visionlab/visionlab/outbound/India_Ahmedabad_Mirana_AssemblyLine_002_439.mp4,489394882,2026-06-13 17:42:56
visionlab/visionlab/outbound/India_Ahmedabad_Mirana_AssemblyLine_002_440.mp4,s3://humyn-data-partners-prod/visionlab/visionlab/outbound/India_Ahmedabad_Mirana_AssemblyLine_002_440.mp4,495277244,2026-06-13 17:42:57
visionlab/visionlab/outbound/India_Ahmedabad_Mirana_AssemblyLine_002_441.mp4,s3://humyn-data-partners-prod/visionlab/visionlab/outbound/India_Ahmedabad_Mirana_AssemblyLine_002_441.mp4,524462877,2026-06-13 17:42:57
visionlab/visionlab/outbound/India_Ahmedabad_Mirana_AssemblyLine_002_442.mp4,s3://humyn-data-partners-prod/visionlab/visionlab/outbound/India_Ahmedabad_Mirana_AssemblyLine_002_442.mp4,461580014,2026-06-13 17:42:58
visionlab/visionlab/outbound/India_Ahmedabad_Mirana_AssemblyLine_002_443.mp4,s3://humyn-data-partners-prod/visionlab/visionlab/outbound/India_Ahmedabad_Mirana_AssemblyLine_002_443.mp4,583166285,2026-06-13 17:42:59
visionlab/visionlab/outbound/India_Ahmedabad_Mirana_AssemblyLine_002_444.mp4,s3://humyn-data-partners-prod/visionlab/visionlab/outbound/India_Ahmedabad_Mirana_AssemblyLine_002_444.mp4,912665624,2026-06-13 17:42:59
visionlab/visionlab/outbound/India_Ahmedabad_Mirana_AssemblyLine_002_445.mp4,s3://humyn-data-partners-prod/visionlab/visionlab/outbound/India_Ahmedabad_Mirana_AssemblyLine_002_445.mp4,550383355,2026-06-13 17:42:59
visionlab/visionlab/outbound/India_Ahmedabad_Mirana_AssemblyLine_002_446.mp4,s3://humyn-data-partners-prod/visionlab/visionlab/outbound/India_Ahmedabad_Mirana_AssemblyLine_002_446.mp4,543181483,2026-06-13 17:43:00
visionlab/visionlab/outbound/India_Ahmedabad_Mirana_AssemblyLine_002_447.mp4,s3://humyn-data-partners-prod/visionlab/visionlab/outbound/India_Ahmedabad_Mirana_AssemblyLine_002_447.mp4,524659381,2026-06-13 17:43:00
visionlab/visionlab/outbound/India_Ahmedabad_Mirana_AssemblyLine_002_448.mp4,s3://humyn-data-partners-prod/visionlab/visionlab/outbound/India_Ahmedabad_Mirana_AssemblyLine_002_448.mp4,530720884,2026-06-13 17:43:00
visionlab/visionlab/outbound/India_Ahmedabad_Mirana_AssemblyLine_002_449.mp4,s3://humyn-data-partners-prod/visionlab/visionlab/outbound/India_Ahmedabad_Mirana_AssemblyLine_002_449.mp4,505705040,2026-06-13 17:43:00
visionlab/visionlab/outbound/India_Ahmedabad_Mirana_AssemblyLine_002_450.mp4,s3://humyn-data-partners-prod/visionlab/visionlab/outbound/India_Ahmedabad_Mirana_AssemblyLine_002_450.mp4,649762653,2026-06-13 17:43:01
visionlab/visionlab/outbound/India_Ahmedabad_Mirana_AssemblyLine_002_451.mp4,s3://humyn-data-partners-prod/visionlab/visionlab/outbound/India_Ahmedabad_Mirana_AssemblyLine_002_451.mp4,603660608,2026-06-13 17:43:02
visionlab/visionlab/outbound/India_Ahmedabad_Mirana_AssemblyLine_002_452.mp4,s3://humyn-data-partners-prod/visionlab/visionlab/outbound/India_Ahmedabad_Mirana_AssemblyLine_002_452.mp4,663677390,2026-06-13 17:43:04
visionlab/visionlab/outbound/India_Ahmedabad_Mirana_AssemblyLine_002_453.mp4,s3://humyn-data-partners-prod/visionlab/visionlab/outbound/India_Ahmedabad_Mirana_AssemblyLine_002_453.mp4,487294457,2026-06-13 17:43:04
visionlab/visionlab/outbound/India_Ahmedabad_Mirana_AssemblyLine_002_454.mp4,s3://humyn-data-partners-prod/visionlab/visionlab/outbound/India_Ahmedabad_Mirana_AssemblyLine_002_454.mp4,553126268,2026-06-13 17:43:05
visionlab/visionlab/outbound/India_Ahmedabad_Mirana_AssemblyLine_002_455.mp4,s3://humyn-data-partners-prod/visionlab/visionlab/outbound/India_Ahmedabad_Mirana_AssemblyLine_002_455.mp4,510673054,2026-06-13 17:43:05
visionlab/visionlab/outbound/India_Ahmedabad_Mirana_AssemblyLine_002_456.mp4,s3://humyn-data-partners-prod/visionlab/visionlab/outbound/India_Ahmedabad_Mirana_AssemblyLine_002_456.mp4,871478688,2026-06-13 17:43:06
visionlab/visionlab/outbound/India_Ahmedabad_Mirana_AssemblyLine_002_457.mp4,s3://humyn-data-partners-prod/visionlab/visionlab/outbound/India_Ahmedabad_Mirana_AssemblyLine_002_457.mp4,463094869,2026-06-13 17:43:06
visionlab/visionlab/outbound/India_Ahmedabad_Mirana_AssemblyLine_002_458.mp4,s3://humyn-data-partners-prod/visionlab/visionlab/outbound/India_Ahmedabad_Mirana_AssemblyLine_002_458.mp4,442845532,2026-06-13 17:43:06
visionlab/visionlab/outbound/India_Ahmedabad_Mirana_AssemblyLine_002_459.mp4,s3://humyn-data-partners-prod/visionlab/visionlab/outbound/India_Ahmedabad_Mirana_AssemblyLine_002_459.mp4,585280862,2026-06-13 17:43:06
visionlab/visionlab/outbound/India_Ahmedabad_Mirana_AssemblyLine_002_460.mp4,s3://humyn-data-partners-prod/visionlab/visionlab/outbound/India_Ahmedabad_Mirana_AssemblyLine_002_460.mp4,479094219,2026-06-13 17:43:07
visionlab/visionlab/outbound/India_Ahmedabad_Mirana_AssemblyLine_002_461.mp4,s3://humyn-data-partners-prod/visionlab/visionlab/outbound/India_Ahmedabad_Mirana_AssemblyLine_002_461.mp4,638070750,2026-06-13 17:43:07
visionlab/visionlab/outbound/India_Ahmedabad_Mirana_AssemblyLine_002_462.mp4,s3://humyn-data-partners-prod/visionlab/visionlab/outbound/India_Ahmedabad_Mirana_AssemblyLine_002_462.mp4,591036253,2026-06-13 17:43:07
visionlab/visionlab/outbound/India_Ahmedabad_Mirana_AssemblyLine_002_463.mp4,s3://humyn-data-partners-prod/visionlab/visionlab/outbound/India_Ahmedabad_Mirana_AssemblyLine_002_463.mp4,619142810,2026-06-13 17:43:07
visionlab/visionlab/outbound/India_Ahmedabad_Mirana_AssemblyLine_002_464.mp4,s3://humyn-data-partners-prod/visionlab/visionlab/outbound/India_Ahmedabad_Mirana_AssemblyLine_002_464.mp4,539984840,2026-06-13 17:43:08
visionlab/visionlab/outbound/India_Ahmedabad_Mirana_AssemblyLine_002_465.mp4,s3://humyn-data-partners-prod/visionlab/visionlab/outbound/India_Ahmedabad_Mirana_AssemblyLine_002_465.mp4,505478599,2026-06-13 17:43:08
visionlab/visionlab/outbound/India_Ahmedabad_Mirana_AssemblyLine_002_466.mp4,s3://humyn-data-partners-prod/visionlab/visionlab/outbound/India_Ahmedabad_Mirana_AssemblyLine_002_466.mp4,524639757,2026-06-13 17:43:08
visionlab/visionlab/outbound/India_Ahmedabad_Mirana_AssemblyLine_002_467.mp4,s3://humyn-data-partners-prod/visionlab/visionlab/outbound/India_Ahmedabad_Mirana_AssemblyLine_002_467.mp4,643794529,2026-06-13 17:43:08
visionlab/visionlab/outbound/India_Ahmedabad_Mirana_AssemblyLine_002_468.mp4,s3://humyn-data-partners-prod/visionlab/visionlab/outbound/India_Ahmedabad_Mirana_AssemblyLine_002_468.mp4,501190055,2026-06-13 17:43:08
visionlab/visionlab/outbound/India_Ahmedabad_Mirana_AssemblyLine_002_469.mp4,s3://humyn-data-partners-prod/visionlab/visionlab/outbound/India_Ahmedabad_Mirana_AssemblyLine_002_469.mp4,474713944,2026-06-13 17:43:08
visionlab/visionlab/outbound/India_Ahmedabad_Mirana_AssemblyLine_002_470.mp4,s3://humyn-data-partners-prod/visionlab/visionlab/outbound/India_Ahmedabad_Mirana_AssemblyLine_002_470.mp4,741635798,2026-06-13 17:43:08
visionlab/visionlab/outbound/India_Ahmedabad_Mirana_AssemblyLine_002_471.mp4,s3://humyn-data-partners-prod/visionlab/visionlab/outbound/India_Ahmedabad_Mirana_AssemblyLine_002_471.mp4,581344467,2026-06-13 17:43:09
visionlab/visionlab/outbound/India_Ahmedabad_Mirana_AssemblyLine_002_472.mp4,s3://humyn-data-partners-prod/visionlab/visionlab/outbound/India_Ahmedabad_Mirana_AssemblyLine_002_472.mp4,559115539,2026-06-13 17:43:09
visionlab/visionlab/outbound/India_Ahmedabad_Mirana_AssemblyLine_002_473.mp4,s3://humyn-data-partners-prod/visionlab/visionlab/outbound/India_Ahmedabad_Mirana_AssemblyLine_002_473.mp4,473464745,2026-06-13 17:43:09
visionlab/visionlab/outbound/India_Ahmedabad_Mirana_AssemblyLine_002_474.mp4,s3://humyn-data-partners-prod/visionlab/visionlab/outbound/India_Ahmedabad_Mirana_AssemblyLine_002_474.mp4,520186873,2026-06-13 17:43:10
visionlab/visionlab/outbound/India_Ahmedabad_Mirana_AssemblyLine_002_475.mp4,s3://humyn-data-partners-prod/visionlab/visionlab/outbound/India_Ahmedabad_Mirana_AssemblyLine_002_475.mp4,420365781,2026-06-13 17:43:11
visionlab/visionlab/outbound/India_Ahmedabad_Mirana_AssemblyLine_002_476.mp4,s3://humyn-data-partners-prod/visionlab/visionlab/outbound/India_Ahmedabad_Mirana_AssemblyLine_002_476.mp4,467073761,2026-06-13 17:43:11
visionlab/visionlab/outbound/India_Ahmedabad_Mirana_AssemblyLine_002_477.mp4,s3://humyn-data-partners-prod/visionlab/visionlab/outbound/India_Ahmedabad_Mirana_AssemblyLine_002_477.mp4,511705046,2026-06-13 17:43:11
visionlab/visionlab/outbound/India_Ahmedabad_Mirana_AssemblyLine_002_478.mp4,s3://humyn-data-partners-prod/visionlab/visionlab/outbound/India_Ahmedabad_Mirana_AssemblyLine_002_478.mp4,341759537,2026-06-13 17:43:11
visionlab/visionlab/outbound/India_Ahmedabad_Mirana_AssemblyLine_002_479.mp4,s3://humyn-data-partners-prod/visionlab/visionlab/outbound/India_Ahmedabad_Mirana_AssemblyLine_002_479.mp4,582111224,2026-06-13 17:43:12
visionlab/visionlab/outbound/India_Ahmedabad_Mirana_AssemblyLine_002_480.mp4,s3://humyn-data-partners-prod/visionlab/visionlab/outbound/India_Ahmedabad_Mirana_AssemblyLine_002_480.mp4,465095351,2026-06-13 17:43:12
visionlab/visionlab/outbound/India_Ahmedabad_Mirana_AssemblyLine_002_481.mp4,s3://humyn-data-partners-prod/visionlab/visionlab/outbound/India_Ahmedabad_Mirana_AssemblyLine_002_481.mp4,633051142,2026-06-13 17:43:15
visionlab/visionlab/outbound/India_Ahmedabad_Mirana_AssemblyLine_002_482.mp4,s3://humyn-data-partners-prod/visionlab/visionlab/outbound/India_Ahmedabad_Mirana_AssemblyLine_002_482.mp4,573570070,2026-06-13 17:43:15
visionlab/visionlab/outbound/India_Ahmedabad_Mirana_AssemblyLine_002_483.mp4,s3://humyn-data-partners-prod/visionlab/visionlab/outbound/India_Ahmedabad_Mirana_AssemblyLine_002_483.mp4,474561669,2026-06-13 17:43:15
visionlab/visionlab/outbound/India_Ahmedabad_Mirana_AssemblyLine_002_484.mp4,s3://humyn-data-partners-prod/visionlab/visionlab/outbound/India_Ahmedabad_Mirana_AssemblyLine_002_484.mp4,578491840,2026-06-13 17:43:15
visionlab/visionlab/outbound/India_Ahmedabad_Mirana_AssemblyLine_002_485.mp4,s3://humyn-data-partners-prod/visionlab/visionlab/outbound/India_Ahmedabad_Mirana_AssemblyLine_002_485.mp4,487674070,2026-06-13 17:43:15
visionlab/visionlab/outbound/India_Ahmedabad_Mirana_AssemblyLine_002_486.mp4,s3://humyn-data-partners-prod/visionlab/visionlab/outbound/India_Ahmedabad_Mirana_AssemblyLine_002_486.mp4,401458127,2026-06-13 17:43:16
visionlab/visionlab/outbound/India_Ahmedabad_Mirana_AssemblyLine_002_487.mp4,s3://humyn-data-partners-prod/visionlab/visionlab/outbound/India_Ahmedabad_Mirana_AssemblyLine_002_487.mp4,553244403,2026-06-13 17:43:16
visionlab/visionlab/outbound/India_Ahmedabad_Mirana_AssemblyLine_002_488.mp4,s3://humyn-data-partners-prod/visionlab/visionlab/outbound/India_Ahmedabad_Mirana_AssemblyLine_002_488.mp4,642607370,2026-06-13 17:43:17
visionlab/visionlab/outbound/India_Ahmedabad_Mirana_AssemblyLine_002_489.mp4,s3://humyn-data-partners-prod/visionlab/visionlab/outbound/India_Ahmedabad_Mirana_AssemblyLine_002_489.mp4,576121747,2026-06-13 17:43:17
visionlab/visionlab/outbound/India_Ahmedabad_Mirana_AssemblyLine_002_490.mp4,s3://humyn-data-partners-prod/visionlab/visionlab/outbound/India_Ahmedabad_Mirana_AssemblyLine_002_490.mp4,503916677,2026-06-13 17:43:17
visionlab/visionlab/outbound/India_Ahmedabad_Mirana_AssemblyLine_002_491.mp4,s3://humyn-data-partners-prod/visionlab/visionlab/outbound/India_Ahmedabad_Mirana_AssemblyLine_002_491.mp4,553182604,2026-06-13 17:43:17
visionlab/visionlab/outbound/India_Ahmedabad_Mirana_AssemblyLine_002_492.mp4,s3://humyn-data-partners-prod/visionlab/visionlab/outbound/India_Ahmedabad_Mirana_AssemblyLine_002_492.mp4,647323753,2026-06-13 17:43:17
visionlab/visionlab/outbound/India_Ahmedabad_Mirana_AssemblyLine_002_493.mp4,s3://humyn-data-partners-prod/visionlab/visionlab/outbound/India_Ahmedabad_Mirana_AssemblyLine_002_493.mp4,484780503,2026-06-13 17:43:17
visionlab/visionlab/outbound/India_Ahmedabad_Mirana_AssemblyLine_002_494.mp4,s3://humyn-data-partners-prod/visionlab/visionlab/outbound/India_Ahmedabad_Mirana_AssemblyLine_002_494.mp4,485516425,2026-06-13 17:43:18
visionlab/visionlab/outbound/India_Ahmedabad_Mirana_AssemblyLine_002_495.mp4,s3://humyn-data-partners-prod/visionlab/visionlab/outbound/India_Ahmedabad_Mirana_AssemblyLine_002_495.mp4,502613175,2026-06-13 17:43:18
visionlab/visionlab/outbound/India_Ahmedabad_Mirana_AssemblyLine_002_496.mp4,s3://humyn-data-partners-prod/visionlab/visionlab/outbound/India_Ahmedabad_Mirana_AssemblyLine_002_496.mp4,440851811,2026-06-13 17:43:18
visionlab/visionlab/outbound/India_Ahmedabad_Mirana_AssemblyLine_002_497.mp4,s3://humyn-data-partners-prod/visionlab/visionlab/outbound/India_Ahmedabad_Mirana_AssemblyLine_002_497.mp4,578013158,2026-06-13 17:43:18
visionlab/visionlab/outbound/India_Ahmedabad_Mirana_AssemblyLine_002_498.mp4,s3://humyn-data-partners-prod/visionlab/visionlab/outbound/India_Ahmedabad_Mirana_AssemblyLine_002_498.mp4,564738610,2026-06-13 17:43:18
visionlab/visionlab/outbound/India_Ahmedabad_Mirana_AssemblyLine_002_499.mp4,s3://humyn-data-partners-prod/visionlab/visionlab/outbound/India_Ahmedabad_Mirana_AssemblyLine_002_499.mp4,425676485,2026-06-13 17:43:18
visionlab/visionlab/outbound/India_Ahmedabad_Mirana_AssemblyLine_002_500.mp4,s3://humyn-data-partners-prod/visionlab/visionlab/outbound/India_Ahmedabad_Mirana_AssemblyLine_002_500.mp4,555843342,2026-06-13 17:43:19
visionlab/visionlab/outbound/India_Ahmedabad_Mirana_AssemblyLine_002_501.mp4,s3://humyn-data-partners-prod/visionlab/visionlab/outbound/India_Ahmedabad_Mirana_AssemblyLine_002_501.mp4,583919245,2026-06-13 17:43:19
visionlab/visionlab/outbound/India_Ahmedabad_Mirana_AssemblyLine_002_502.mp4,s3://humyn-data-partners-prod/visionlab/visionlab/outbound/India_Ahmedabad_Mirana_AssemblyLine_002_502.mp4,560056155,2026-06-13 17:43:19
visionlab/visionlab/outbound/India_Ahmedabad_Mirana_AssemblyLine_002_503.mp4,s3://humyn-data-partners-prod/visionlab/visionlab/outbound/India_Ahmedabad_Mirana_AssemblyLine_002_503.mp4,525147936,2026-06-13 17:43:19
visionlab/visionlab/outbound/India_Ahmedabad_Mirana_AssemblyLine_002_504.mp4,s3://humyn-data-partners-prod/visionlab/visionlab/outbound/India_Ahmedabad_Mirana_AssemblyLine_002_504.mp4,616742618,2026-06-13 17:43:19
visionlab/visionlab/outbound/India_Ahmedabad_Mirana_AssemblyLine_002_505.mp4,s3://humyn-data-partners-prod/visionlab/visionlab/outbound/India_Ahmedabad_Mirana_AssemblyLine_002_505.mp4,439884403,2026-06-13 17:43:20
visionlab/visionlab/outbound/India_Ahmedabad_Mirana_AssemblyLine_002_506.mp4,s3://humyn-data-partners-prod/visionlab/visionlab/outbound/India_Ahmedabad_Mirana_AssemblyLine_002_506.mp4,503099689,2026-06-13 17:43:20
visionlab/visionlab/outbound/India_Ahmedabad_Mirana_AssemblyLine_002_507.mp4,s3://humyn-data-partners-prod/visionlab/visionlab/outbound/India_Ahmedabad_Mirana_AssemblyLine_002_507.mp4,509972759,2026-06-13 17:43:20
visionlab/visionlab/outbound/India_Ahmedabad_Mirana_AssemblyLine_002_508.mp4,s3://humyn-data-partners-prod/visionlab/visionlab/outbound/India_Ahmedabad_Mirana_AssemblyLine_002_508.mp4,585103685,2026-06-13 17:43:20
visionlab/visionlab/outbound/India_Ahmedabad_Mirana_AssemblyLine_002_509.mp4,s3://humyn-data-partners-prod/visionlab/visionlab/outbound/India_Ahmedabad_Mirana_AssemblyLine_002_509.mp4,520686413,2026-06-13 17:43:20
visionlab/visionlab/outbound/India_Ahmedabad_Mirana_AssemblyLine_002_510.mp4,s3://humyn-data-partners-prod/visionlab/visionlab/outbound/India_Ahmedabad_Mirana_AssemblyLine_002_510.mp4,465509445,2026-06-13 17:43:22
visionlab/visionlab/outbound/India_Ahmedabad_Mirana_AssemblyLine_002_511.mp4,s3://humyn-data-partners-prod/visionlab/visionlab/outbound/India_Ahmedabad_Mirana_AssemblyLine_002_511.mp4,897029146,2026-06-13 17:43:22
visionlab/visionlab/outbound/India_Ahmedabad_Mirana_AssemblyLine_002_512.mp4,s3://humyn-data-partners-prod/visionlab/visionlab/outbound/India_Ahmedabad_Mirana_AssemblyLine_002_512.mp4,306468927,2026-06-13 17:43:22
visionlab/visionlab/outbound/India_Ahmedabad_Mirana_AssemblyLine_002_513.mp4,s3://humyn-data-partners-prod/visionlab/visionlab/outbound/India_Ahmedabad_Mirana_AssemblyLine_002_513.mp4,593691744,2026-06-13 17:43:25
visionlab/visionlab/outbound/India_Ahmedabad_Mirana_AssemblyLine_002_514.mp4,s3://humyn-data-partners-prod/visionlab/visionlab/outbound/India_Ahmedabad_Mirana_AssemblyLine_002_514.mp4,711526114,2026-06-13 17:43:25
visionlab/visionlab/outbound/India_Ahmedabad_Mirana_AssemblyLine_002_515.mp4,s3://humyn-data-partners-prod/visionlab/visionlab/outbound/India_Ahmedabad_Mirana_AssemblyLine_002_515.mp4,507369131,2026-06-13 17:43:26
visionlab/visionlab/outbound/India_Ahmedabad_Mirana_AssemblyLine_002_516.mp4,s3://humyn-data-partners-prod/visionlab/visionlab/outbound/India_Ahmedabad_Mirana_AssemblyLine_002_516.mp4,533201984,2026-06-13 17:43:26
visionlab/visionlab/outbound/India_Ahmedabad_Mirana_AssemblyLine_002_517.mp4,s3://humyn-data-partners-prod/visionlab/visionlab/outbound/India_Ahmedabad_Mirana_AssemblyLine_002_517.mp4,425845918,2026-06-13 17:43:27
visionlab/visionlab/outbound/India_Ahmedabad_Mirana_AssemblyLine_002_518.mp4,s3://humyn-data-partners-prod/visionlab/visionlab/outbound/India_Ahmedabad_Mirana_AssemblyLine_002_518.mp4,217602569,2026-06-13 17:43:27
visionlab/visionlab/outbound/India_Ahmedabad_Mirana_AssemblyLine_002_519.mp4,s3://humyn-data-partners-prod/visionlab/visionlab/outbound/India_Ahmedabad_Mirana_AssemblyLine_002_519.mp4,615970281,2026-06-13 17:43:28
visionlab/visionlab/outbound/India_Ahmedabad_Mirana_AssemblyLine_002_520.mp4,s3://humyn-data-partners-prod/visionlab/visionlab/outbound/India_Ahmedabad_Mirana_AssemblyLine_002_520.mp4,682621139,2026-06-13 17:43:28
visionlab/visionlab/outbound/India_Ahmedabad_Mirana_AssemblyLine_002_521.mp4,s3://humyn-data-partners-prod/visionlab/visionlab/outbound/India_Ahmedabad_Mirana_AssemblyLine_002_521.mp4,576201931,2026-06-13 17:43:28
visionlab/visionlab/outbound/India_Ahmedabad_Mirana_AssemblyLine_002_522.mp4,s3://humyn-data-partners-prod/visionlab/visionlab/outbound/India_Ahmedabad_Mirana_AssemblyLine_002_522.mp4,577923512,2026-06-13 17:43:28
visionlab/visionlab/outbound/India_Ahmedabad_Mirana_AssemblyLine_002_523.mp4,s3://humyn-data-partners-prod/visionlab/visionlab/outbound/India_Ahmedabad_Mirana_AssemblyLine_002_523.mp4,537371902,2026-06-13 17:43:28
visionlab/visionlab/outbound/India_Ahmedabad_Mirana_AssemblyLine_002_524.mp4,s3://humyn-data-partners-prod/visionlab/visionlab/outbound/India_Ahmedabad_Mirana_AssemblyLine_002_524.mp4,586318490,2026-06-13 17:43:28
visionlab/visionlab/outbound/India_Ahmedabad_Mirana_AssemblyLine_002_525.mp4,s3://humyn-data-partners-prod/visionlab/visionlab/outbound/India_Ahmedabad_Mirana_AssemblyLine_002_525.mp4,682273069,2026-06-13 17:43:28
visionlab/visionlab/outbound/India_Ahmedabad_Mirana_AssemblyLine_002_526.mp4,s3://humyn-data-partners-prod/visionlab/visionlab/outbound/India_Ahmedabad_Mirana_AssemblyLine_002_526.mp4,569052838,2026-06-13 17:43:28
visionlab/visionlab/outbound/India_Ahmedabad_Mirana_AssemblyLine_002_527.mp4,s3://humyn-data-partners-prod/visionlab/visionlab/outbound/India_Ahmedabad_Mirana_AssemblyLine_002_527.mp4,582851964,2026-06-13 17:43:28
visionlab/visionlab/outbound/India_Ahmedabad_Mirana_AssemblyLine_002_528.mp4,s3://humyn-data-partners-prod/visionlab/visionlab/outbound/India_Ahmedabad_Mirana_AssemblyLine_002_528.mp4,583265203,2026-06-13 17:43:29
visionlab/visionlab/outbound/India_Ahmedabad_Mirana_AssemblyLine_002_529.mp4,s3://humyn-data-partners-prod/visionlab/visionlab/outbound/India_Ahmedabad_Mirana_AssemblyLine_002_529.mp4,552241276,2026-06-13 17:43:29
visionlab/visionlab/outbound/India_Ahmedabad_Mirana_AssemblyLine_002_530.mp4,s3://humyn-data-partners-prod/visionlab/visionlab/outbound/India_Ahmedabad_Mirana_AssemblyLine_002_530.mp4,625384019,2026-06-13 17:43:29
visionlab/visionlab/outbound/India_Ahmedabad_Mirana_AssemblyLine_002_531.mp4,s3://humyn-data-partners-prod/visionlab/visionlab/outbound/India_Ahmedabad_Mirana_AssemblyLine_002_531.mp4,672141602,2026-06-13 17:43:29
visionlab/visionlab/outbound/India_Ahmedabad_Mirana_AssemblyLine_002_532.mp4,s3://humyn-data-partners-prod/visionlab/visionlab/outbound/India_Ahmedabad_Mirana_AssemblyLine_002_532.mp4,671095198,2026-06-13 17:43:29
visionlab/visionlab/outbound/India_Ahmedabad_Mirana_AssemblyLine_002_533.mp4,s3://humyn-data-partners-prod/visionlab/visionlab/outbound/India_Ahmedabad_Mirana_AssemblyLine_002_533.mp4,482013119,2026-06-13 17:43:29
visionlab/visionlab/outbound/India_Ahmedabad_Mirana_AssemblyLine_002_534.mp4,s3://humyn-data-partners-prod/visionlab/visionlab/outbound/India_Ahmedabad_Mirana_AssemblyLine_002_534.mp4,506845585,2026-06-13 17:43:30
visionlab/visionlab/outbound/India_Ahmedabad_Mirana_AssemblyLine_002_535.mp4,s3://humyn-data-partners-prod/visionlab/visionlab/outbound/India_Ahmedabad_Mirana_AssemblyLine_002_535.mp4,488964131,2026-06-13 17:43:30
visionlab/visionlab/outbound/India_Ahmedabad_Mirana_AssemblyLine_002_536.mp4,s3://humyn-data-partners-prod/visionlab/visionlab/outbound/India_Ahmedabad_Mirana_AssemblyLine_002_536.mp4,676198582,2026-06-13 17:43:30
visionlab/visionlab/outbound/India_Ahmedabad_Mirana_AssemblyLine_002_537.mp4,s3://humyn-data-partners-prod/visionlab/visionlab/outbound/India_Ahmedabad_Mirana_AssemblyLine_002_537.mp4,502648186,2026-06-13 17:43:30
visionlab/visionlab/outbound/India_Ahmedabad_Mirana_AssemblyLine_002_538.mp4,s3://humyn-data-partners-prod/visionlab/visionlab/outbound/India_Ahmedabad_Mirana_AssemblyLine_002_538.mp4,557645025,2026-06-13 17:43:31
visionlab/visionlab/outbound/India_Ahmedabad_Mirana_AssemblyLine_002_539.mp4,s3://humyn-data-partners-prod/visionlab/visionlab/outbound/India_Ahmedabad_Mirana_AssemblyLine_002_539.mp4,499530729,2026-06-13 17:43:31
visionlab/visionlab/outbound/India_Ahmedabad_Mirana_AssemblyLine_002_540.mp4,s3://humyn-data-partners-prod/visionlab/visionlab/outbound/India_Ahmedabad_Mirana_AssemblyLine_002_540.mp4,497715648,2026-06-13 17:43:31
visionlab/visionlab/outbound/India_Ahmedabad_Mirana_AssemblyLine_002_541.mp4,s3://humyn-data-partners-prod/visionlab/visionlab/outbound/India_Ahmedabad_Mirana_AssemblyLine_002_541.mp4,492511185,2026-06-13 17:43:31
visionlab/visionlab/outbound/India_Ahmedabad_Mirana_AssemblyLine_002_542.mp4,s3://humyn-data-partners-prod/visionlab/visionlab/outbound/India_Ahmedabad_Mirana_AssemblyLine_002_542.mp4,439326920,2026-06-13 17:43:31
visionlab/visionlab/outbound/India_Ahmedabad_Mirana_AssemblyLine_002_543.mp4,s3://humyn-data-partners-prod/visionlab/visionlab/outbound/India_Ahmedabad_Mirana_AssemblyLine_002_543.mp4,552318567,2026-06-13 17:43:32
visionlab/visionlab/outbound/India_Ahmedabad_Mirana_AssemblyLine_002_544.mp4,s3://humyn-data-partners-prod/visionlab/visionlab/outbound/India_Ahmedabad_Mirana_AssemblyLine_002_544.mp4,569525198,2026-06-13 17:43:33
visionlab/visionlab/outbound/India_Ahmedabad_Mirana_AssemblyLine_002_545.mp4,s3://humyn-data-partners-prod/visionlab/visionlab/outbound/India_Ahmedabad_Mirana_AssemblyLine_002_545.mp4,567379759,2026-06-13 17:43:37
visionlab/visionlab/outbound/India_Ahmedabad_Mirana_AssemblyLine_002_546.mp4,s3://humyn-data-partners-prod/visionlab/visionlab/outbound/India_Ahmedabad_Mirana_AssemblyLine_002_546.mp4,607116520,2026-06-13 17:43:37
visionlab/visionlab/outbound/India_Ahmedabad_Mirana_AssemblyLine_002_547.mp4,s3://humyn-data-partners-prod/visionlab/visionlab/outbound/India_Ahmedabad_Mirana_AssemblyLine_002_547.mp4,528031185,2026-06-13 17:43:37
visionlab/visionlab/outbound/India_Ahmedabad_Mirana_AssemblyLine_002_548.mp4,s3://humyn-data-partners-prod/visionlab/visionlab/outbound/India_Ahmedabad_Mirana_AssemblyLine_002_548.mp4,559974823,2026-06-13 17:43:38
visionlab/visionlab/outbound/India_Ahmedabad_Mirana_AssemblyLine_002_549.mp4,s3://humyn-data-partners-prod/visionlab/visionlab/outbound/India_Ahmedabad_Mirana_AssemblyLine_002_549.mp4,462794044,2026-06-13 17:43:40
visionlab/visionlab/outbound/India_Ahmedabad_Mirana_AssemblyLine_002_550.mp4,s3://humyn-data-partners-prod/visionlab/visionlab/outbound/India_Ahmedabad_Mirana_AssemblyLine_002_550.mp4,465288250,2026-06-13 17:43:40
visionlab/visionlab/outbound/India_Ahmedabad_Mirana_AssemblyLine_002_551.mp4,s3://humyn-data-partners-prod/visionlab/visionlab/outbound/India_Ahmedabad_Mirana_AssemblyLine_002_551.mp4,555461533,2026-06-13 17:43:40
visionlab/visionlab/outbound/India_Ahmedabad_Mirana_AssemblyLine_002_552.mp4,s3://humyn-data-partners-prod/visionlab/visionlab/outbound/India_Ahmedabad_Mirana_AssemblyLine_002_552.mp4,545658447,2026-06-13 17:43:40
visionlab/visionlab/outbound/India_Ahmedabad_Mirana_AssemblyLine_002_553.mp4,s3://humyn-data-partners-prod/visionlab/visionlab/outbound/India_Ahmedabad_Mirana_AssemblyLine_002_553.mp4,562439480,2026-06-13 17:43:40
visionlab/visionlab/outbound/India_Ahmedabad_Mirana_AssemblyLine_002_554.mp4,s3://humyn-data-partners-prod/visionlab/visionlab/outbound/India_Ahmedabad_Mirana_AssemblyLine_002_554.mp4,538246192,2026-06-13 17:43:40
visionlab/visionlab/outbound/India_Ahmedabad_Mirana_AssemblyLine_002_555.mp4,s3://humyn-data-partners-prod/visionlab/visionlab/outbound/India_Ahmedabad_Mirana_AssemblyLine_002_555.mp4,577647509,2026-06-13 17:43:40
visionlab/visionlab/outbound/India_Ahmedabad_Mirana_AssemblyLine_002_556.mp4,s3://humyn-data-partners-prod/visionlab/visionlab/outbound/India_Ahmedabad_Mirana_AssemblyLine_002_556.mp4,581044912,2026-06-13 17:43:41
visionlab/visionlab/outbound/India_Ahmedabad_Mirana_AssemblyLine_002_557.mp4,s3://humyn-data-partners-prod/visionlab/visionlab/outbound/India_Ahmedabad_Mirana_AssemblyLine_002_557.mp4,451619344,2026-06-13 17:43:41
visionlab/visionlab/outbound/India_Ahmedabad_Mirana_AssemblyLine_002_558.mp4,s3://humyn-data-partners-prod/visionlab/visionlab/outbound/India_Ahmedabad_Mirana_AssemblyLine_002_558.mp4,618960348,2026-06-13 17:43:41
visionlab/visionlab/outbound/India_Ahmedabad_Mirana_AssemblyLine_002_559.mp4,s3://humyn-data-partners-prod/visionlab/visionlab/outbound/India_Ahmedabad_Mirana_AssemblyLine_002_559.mp4,531369032,2026-06-13 17:43:41
visionlab/visionlab/outbound/India_Ahmedabad_Mirana_AssemblyLine_002_560.mp4,s3://humyn-data-partners-prod/visionlab/visionlab/outbound/India_Ahmedabad_Mirana_AssemblyLine_002_560.mp4,478415833,2026-06-13 17:43:41
visionlab/visionlab/outbound/India_Ahmedabad_Mirana_AssemblyLine_002_561.mp4,s3://humyn-data-partners-prod/visionlab/visionlab/outbound/India_Ahmedabad_Mirana_AssemblyLine_002_561.mp4,611943148,2026-06-13 17:43:41
visionlab/visionlab/outbound/India_Ahmedabad_Mirana_AssemblyLine_002_562.mp4,s3://humyn-data-partners-prod/visionlab/visionlab/outbound/India_Ahmedabad_Mirana_AssemblyLine_002_562.mp4,507837522,2026-06-13 17:43:41
visionlab/visionlab/outbound/India_Ahmedabad_Mirana_AssemblyLine_002_563.mp4,s3://humyn-data-partners-prod/visionlab/visionlab/outbound/India_Ahmedabad_Mirana_AssemblyLine_002_563.mp4,452055653,2026-06-13 17:43:41
visionlab/visionlab/outbound/India_Ahmedabad_Mirana_AssemblyLine_002_564.mp4,s3://humyn-data-partners-prod/visionlab/visionlab/outbound/India_Ahmedabad_Mirana_AssemblyLine_002_564.mp4,605855949,2026-06-13 17:43:41
visionlab/visionlab/outbound/India_Ahmedabad_Mirana_AssemblyLine_002_565.mp4,s3://humyn-data-partners-prod/visionlab/visionlab/outbound/India_Ahmedabad_Mirana_AssemblyLine_002_565.mp4,648794278,2026-06-13 17:43:42
visionlab/visionlab/outbound/India_Ahmedabad_Mirana_AssemblyLine_002_566.mp4,s3://humyn-data-partners-prod/visionlab/visionlab/outbound/India_Ahmedabad_Mirana_AssemblyLine_002_566.mp4,574860013,2026-06-13 17:43:42
visionlab/visionlab/outbound/India_Ahmedabad_Mirana_AssemblyLine_002_567.mp4,s3://humyn-data-partners-prod/visionlab/visionlab/outbound/India_Ahmedabad_Mirana_AssemblyLine_002_567.mp4,549117616,2026-06-13 17:43:42
visionlab/visionlab/outbound/India_Ahmedabad_Mirana_AssemblyLine_002_568.mp4,s3://humyn-data-partners-prod/visionlab/visionlab/outbound/India_Ahmedabad_Mirana_AssemblyLine_002_568.mp4,444452429,2026-06-13 17:43:42
visionlab/visionlab/outbound/India_Ahmedabad_Mirana_AssemblyLine_002_569.mp4,s3://humyn-data-partners-prod/visionlab/visionlab/outbound/India_Ahmedabad_Mirana_AssemblyLine_002_569.mp4,587775210,2026-06-13 17:43:43
visionlab/visionlab/outbound/India_Ahmedabad_Mirana_AssemblyLine_002_570.mp4,s3://humyn-data-partners-prod/visionlab/visionlab/outbound/India_Ahmedabad_Mirana_AssemblyLine_002_570.mp4,396485672,2026-06-13 17:43:43
visionlab/visionlab/outbound/India_Ahmedabad_Mirana_AssemblyLine_002_571.mp4,s3://humyn-data-partners-prod/visionlab/visionlab/outbound/India_Ahmedabad_Mirana_AssemblyLine_002_571.mp4,709801994,2026-06-13 17:43:43
visionlab/visionlab/outbound/India_Ahmedabad_Mirana_AssemblyLine_002_572.mp4,s3://humyn-data-partners-prod/visionlab/visionlab/outbound/India_Ahmedabad_Mirana_AssemblyLine_002_572.mp4,904633355,2026-06-13 17:43:43
visionlab/visionlab/outbound/India_Ahmedabad_Mirana_AssemblyLine_002_573.mp4,s3://humyn-data-partners-prod/visionlab/visionlab/outbound/India_Ahmedabad_Mirana_AssemblyLine_002_573.mp4,506767074,2026-06-13 17:43:43
visionlab/visionlab/outbound/India_Ahmedabad_Mirana_AssemblyLine_002_574.mp4,s3://humyn-data-partners-prod/visionlab/visionlab/outbound/India_Ahmedabad_Mirana_AssemblyLine_002_574.mp4,678079001,2026-06-13 17:43:44
visionlab/visionlab/outbound/India_Ahmedabad_Mirana_AssemblyLine_002_575.mp4,s3://humyn-data-partners-prod/visionlab/visionlab/outbound/India_Ahmedabad_Mirana_AssemblyLine_002_575.mp4,740027477,2026-06-13 17:43:45
visionlab/visionlab/outbound/India_Ahmedabad_Mirana_AssemblyLine_002_576.mp4,s3://humyn-data-partners-prod/visionlab/visionlab/outbound/India_Ahmedabad_Mirana_AssemblyLine_002_576.mp4,513468546,2026-06-13 17:43:46
visionlab/visionlab/outbound/India_Ahmedabad_Mirana_AssemblyLine_002_577.mp4,s3://humyn-data-partners-prod/visionlab/visionlab/outbound/India_Ahmedabad_Mirana_AssemblyLine_002_577.mp4,552866179,2026-06-13 17:43:49
visionlab/visionlab/outbound/India_Ahmedabad_Mirana_AssemblyLine_002_578.mp4,s3://humyn-data-partners-prod/visionlab/visionlab/outbound/India_Ahmedabad_Mirana_AssemblyLine_002_578.mp4,709348134,2026-06-13 17:43:49
visionlab/visionlab/outbound/India_Ahmedabad_Mirana_AssemblyLine_002_579.mp4,s3://humyn-data-partners-prod/visionlab/visionlab/outbound/India_Ahmedabad_Mirana_AssemblyLine_002_579.mp4,545866667,2026-06-13 17:43:49
visionlab/visionlab/outbound/India_Ahmedabad_Mirana_AssemblyLine_002_580.mp4,s3://humyn-data-partners-prod/visionlab/visionlab/outbound/India_Ahmedabad_Mirana_AssemblyLine_002_580.mp4,608218303,2026-06-13 17:43:50
visionlab/visionlab/outbound/India_Ahmedabad_Mirana_AssemblyLine_002_581.mp4,s3://humyn-data-partners-prod/visionlab/visionlab/outbound/India_Ahmedabad_Mirana_AssemblyLine_002_581.mp4,608519914,2026-06-13 17:43:50
visionlab/visionlab/outbound/India_Ahmedabad_Mirana_AssemblyLine_002_582.mp4,s3://humyn-data-partners-prod/visionlab/visionlab/outbound/India_Ahmedabad_Mirana_AssemblyLine_002_582.mp4,523143265,2026-06-13 17:43:50
visionlab/visionlab/outbound/India_Ahmedabad_Mirana_AssemblyLine_002_583.mp4,s3://humyn-data-partners-prod/visionlab/visionlab/outbound/India_Ahmedabad_Mirana_AssemblyLine_002_583.mp4,483907230,2026-06-13 17:43:50
visionlab/visionlab/outbound/India_Ahmedabad_Mirana_AssemblyLine_002_584.mp4,s3://humyn-data-partners-prod/visionlab/visionlab/outbound/India_Ahmedabad_Mirana_AssemblyLine_002_584.mp4,550364157,2026-06-13 17:43:51
visionlab/visionlab/outbound/India_Ahmedabad_Mirana_AssemblyLine_002_585.mp4,s3://humyn-data-partners-prod/visionlab/visionlab/outbound/India_Ahmedabad_Mirana_AssemblyLine_002_585.mp4,474724121,2026-06-13 17:43:51
visionlab/visionlab/outbound/India_Ahmedabad_Mirana_AssemblyLine_002_586.mp4,s3://humyn-data-partners-prod/visionlab/visionlab/outbound/India_Ahmedabad_Mirana_AssemblyLine_002_586.mp4,377832258,2026-06-13 17:43:52
visionlab/visionlab/outbound/India_Ahmedabad_Mirana_AssemblyLine_002_587.mp4,s3://humyn-data-partners-prod/visionlab/visionlab/outbound/India_Ahmedabad_Mirana_AssemblyLine_002_587.mp4,649923547,2026-06-13 17:43:52
visionlab/visionlab/outbound/India_Ahmedabad_Mirana_AssemblyLine_002_588.mp4,s3://humyn-data-partners-prod/visionlab/visionlab/outbound/India_Ahmedabad_Mirana_AssemblyLine_002_588.mp4,767149948,2026-06-13 17:43:52
visionlab/visionlab/outbound/India_Ahmedabad_Mirana_AssemblyLine_002_589.mp4,s3://humyn-data-partners-prod/visionlab/visionlab/outbound/India_Ahmedabad_Mirana_AssemblyLine_002_589.mp4,606547551,2026-06-13 17:43:52
visionlab/visionlab/outbound/India_Ahmedabad_Mirana_AssemblyLine_002_590.mp4,s3://humyn-data-partners-prod/visionlab/visionlab/outbound/India_Ahmedabad_Mirana_AssemblyLine_002_590.mp4,527424168,2026-06-13 17:43:52
visionlab/visionlab/outbound/India_Ahmedabad_Mirana_AssemblyLine_002_591.mp4,s3://humyn-data-partners-prod/visionlab/visionlab/outbound/India_Ahmedabad_Mirana_AssemblyLine_002_591.mp4,661747200,2026-06-13 17:43:52
visionlab/visionlab/outbound/India_Ahmedabad_Mirana_AssemblyLine_002_592.mp4,s3://humyn-data-partners-prod/visionlab/visionlab/outbound/India_Ahmedabad_Mirana_AssemblyLine_002_592.mp4,600287150,2026-06-13 17:43:52
visionlab/visionlab/outbound/India_Ahmedabad_Mirana_AssemblyLine_002_593.mp4,s3://humyn-data-partners-prod/visionlab/visionlab/outbound/India_Ahmedabad_Mirana_AssemblyLine_002_593.mp4,562306384,2026-06-13 17:43:52
visionlab/visionlab/outbound/India_Ahmedabad_Mirana_AssemblyLine_002_594.mp4,s3://humyn-data-partners-prod/visionlab/visionlab/outbound/India_Ahmedabad_Mirana_AssemblyLine_002_594.mp4,631476364,2026-06-13 17:43:53
visionlab/visionlab/outbound/India_Ahmedabad_Mirana_AssemblyLine_002_595.mp4,s3://humyn-data-partners-prod/visionlab/visionlab/outbound/India_Ahmedabad_Mirana_AssemblyLine_002_595.mp4,614962295,2026-06-13 17:43:53
visionlab/visionlab/outbound/India_Ahmedabad_Mirana_AssemblyLine_002_596.mp4,s3://humyn-data-partners-prod/visionlab/visionlab/outbound/India_Ahmedabad_Mirana_AssemblyLine_002_596.mp4,532375829,2026-06-13 17:43:54
visionlab/visionlab/outbound/India_Ahmedabad_Mirana_AssemblyLine_002_597.mp4,s3://humyn-data-partners-prod/visionlab/visionlab/outbound/India_Ahmedabad_Mirana_AssemblyLine_002_597.mp4,508849595,2026-06-13 17:43:54
visionlab/visionlab/outbound/India_Ahmedabad_Mirana_AssemblyLine_002_598.mp4,s3://humyn-data-partners-prod/visionlab/visionlab/outbound/India_Ahmedabad_Mirana_AssemblyLine_002_598.mp4,515501753,2026-06-13 17:43:54
visionlab/visionlab/outbound/India_Ahmedabad_Mirana_AssemblyLine_002_599.mp4,s3://humyn-data-partners-prod/visionlab/visionlab/outbound/India_Ahmedabad_Mirana_AssemblyLine_002_599.mp4,415340329,2026-06-13 17:43:54
visionlab/visionlab/outbound/India_Ahmedabad_Mirana_AssemblyLine_002_600.mp4,s3://humyn-data-partners-prod/visionlab/visionlab/outbound/India_Ahmedabad_Mirana_AssemblyLine_002_600.mp4,519334383,2026-06-13 17:43:54
visionlab/visionlab/outbound/India_Ahmedabad_Mirana_AssemblyLine_002_601.mp4,s3://humyn-data-partners-prod/visionlab/visionlab/outbound/India_Ahmedabad_Mirana_AssemblyLine_002_601.mp4,540542387,2026-06-13 17:43:54
visionlab/visionlab/outbound/India_Ahmedabad_Mirana_AssemblyLine_002_602.mp4,s3://humyn-data-partners-prod/visionlab/visionlab/outbound/India_Ahmedabad_Mirana_AssemblyLine_002_602.mp4,445073813,2026-06-13 17:43:55
visionlab/visionlab/outbound/India_Ahmedabad_Mirana_AssemblyLine_002_603.mp4,s3://humyn-data-partners-prod/visionlab/visionlab/outbound/India_Ahmedabad_Mirana_AssemblyLine_002_603.mp4,434127659,2026-06-13 17:43:55
visionlab/visionlab/outbound/India_Ahmedabad_Mirana_AssemblyLine_002_604.mp4,s3://humyn-data-partners-prod/visionlab/visionlab/outbound/India_Ahmedabad_Mirana_AssemblyLine_002_604.mp4,498737753,2026-06-13 17:43:56
visionlab/visionlab/outbound/India_Ahmedabad_Mirana_AssemblyLine_002_605.mp4,s3://humyn-data-partners-prod/visionlab/visionlab/outbound/India_Ahmedabad_Mirana_AssemblyLine_002_605.mp4,562580356,2026-06-13 17:43:58
visionlab/visionlab/outbound/India_Ahmedabad_Mirana_AssemblyLine_002_606.mp4,s3://humyn-data-partners-prod/visionlab/visionlab/outbound/India_Ahmedabad_Mirana_AssemblyLine_002_606.mp4,574050698,2026-06-13 17:43:58
visionlab/visionlab/outbound/India_Ahmedabad_Mirana_AssemblyLine_002_607.mp4,s3://humyn-data-partners-prod/visionlab/visionlab/outbound/India_Ahmedabad_Mirana_AssemblyLine_002_607.mp4,543481444,2026-06-13 17:43:59
visionlab/visionlab/outbound/India_Ahmedabad_Mirana_AssemblyLine_002_608.mp4,s3://humyn-data-partners-prod/visionlab/visionlab/outbound/India_Ahmedabad_Mirana_AssemblyLine_002_608.mp4,609347910,2026-06-13 17:43:59
visionlab/visionlab/outbound/India_Ahmedabad_Mirana_AssemblyLine_002_609.mp4,s3://humyn-data-partners-prod/visionlab/visionlab/outbound/India_Ahmedabad_Mirana_AssemblyLine_002_609.mp4,537201556,2026-06-13 17:43:59
visionlab/visionlab/outbound/India_Ahmedabad_Mirana_AssemblyLine_002_610.mp4,s3://humyn-data-partners-prod/visionlab/visionlab/outbound/India_Ahmedabad_Mirana_AssemblyLine_002_610.mp4,445992042,2026-06-13 17:43:59
visionlab/visionlab/outbound/India_Ahmedabad_Mirana_AssemblyLine_002_611.mp4,s3://humyn-data-partners-prod/visionlab/visionlab/outbound/India_Ahmedabad_Mirana_AssemblyLine_002_611.mp4,251134300,2026-06-13 17:44:00
visionlab/visionlab/outbound/India_Ahmedabad_Mirana_AssemblyLine_002_612.mp4,s3://humyn-data-partners-prod/visionlab/visionlab/outbound/India_Ahmedabad_Mirana_AssemblyLine_002_612.mp4,573345851,2026-06-13 17:44:00
visionlab/visionlab/outbound/India_Ahmedabad_Mirana_AssemblyLine_002_613.mp4,s3://humyn-data-partners-prod/visionlab/visionlab/outbound/India_Ahmedabad_Mirana_AssemblyLine_002_613.mp4,507013786,2026-06-13 17:44:00
visionlab/visionlab/outbound/India_Ahmedabad_Mirana_AssemblyLine_002_614.mp4,s3://humyn-data-partners-prod/visionlab/visionlab/outbound/India_Ahmedabad_Mirana_AssemblyLine_002_614.mp4,478754605,2026-06-13 17:44:01
visionlab/visionlab/outbound/India_Ahmedabad_Mirana_AssemblyLine_002_615.mp4,s3://humyn-data-partners-prod/visionlab/visionlab/outbound/India_Ahmedabad_Mirana_AssemblyLine_002_615.mp4,523778412,2026-06-13 17:44:01
visionlab/visionlab/outbound/India_Ahmedabad_Mirana_AssemblyLine_002_616.mp4,s3://humyn-data-partners-prod/visionlab/visionlab/outbound/India_Ahmedabad_Mirana_AssemblyLine_002_616.mp4,1001484850,2026-06-13 17:44:02
visionlab/visionlab/outbound/India_Ahmedabad_Mirana_AssemblyLine_002_617.mp4,s3://humyn-data-partners-prod/visionlab/visionlab/outbound/India_Ahmedabad_Mirana_AssemblyLine_002_617.mp4,505114988,2026-06-13 17:44:02
visionlab/visionlab/outbound/India_Ahmedabad_Mirana_AssemblyLine_002_618.mp4,s3://humyn-data-partners-prod/visionlab/visionlab/outbound/India_Ahmedabad_Mirana_AssemblyLine_002_618.mp4,226945964,2026-06-13 17:44:02
visionlab/visionlab/outbound/India_Ahmedabad_Mirana_AssemblyLine_002_619.mp4,s3://humyn-data-partners-prod/visionlab/visionlab/outbound/India_Ahmedabad_Mirana_AssemblyLine_002_619.mp4,604963544,2026-06-13 17:44:02
visionlab/visionlab/outbound/India_Ahmedabad_Mirana_AssemblyLine_002_620.mp4,s3://humyn-data-partners-prod/visionlab/visionlab/outbound/India_Ahmedabad_Mirana_AssemblyLine_002_620.mp4,563743146,2026-06-13 17:44:02
visionlab/visionlab/outbound/India_Ahmedabad_Mirana_AssemblyLine_002_621.mp4,s3://humyn-data-partners-prod/visionlab/visionlab/outbound/India_Ahmedabad_Mirana_AssemblyLine_002_621.mp4,659827452,2026-06-13 17:44:03
visionlab/visionlab/outbound/India_Ahmedabad_Mirana_AssemblyLine_002_622.mp4,s3://humyn-data-partners-prod/visionlab/visionlab/outbound/India_Ahmedabad_Mirana_AssemblyLine_002_622.mp4,486282219,2026-06-13 17:44:03
visionlab/visionlab/outbound/India_Ahmedabad_Mirana_AssemblyLine_002_623.mp4,s3://humyn-data-partners-prod/visionlab/visionlab/outbound/India_Ahmedabad_Mirana_AssemblyLine_002_623.mp4,518070751,2026-06-13 17:44:03
visionlab/visionlab/outbound/India_Ahmedabad_Mirana_AssemblyLine_002_624.mp4,s3://humyn-data-partners-prod/visionlab/visionlab/outbound/India_Ahmedabad_Mirana_AssemblyLine_002_624.mp4,520014508,2026-06-13 17:44:03
visionlab/visionlab/outbound/India_Ahmedabad_Mirana_AssemblyLine_002_625.mp4,s3://humyn-data-partners-prod/visionlab/visionlab/outbound/India_Ahmedabad_Mirana_AssemblyLine_002_625.mp4,558506642,2026-06-13 17:44:04
visionlab/visionlab/outbound/India_Ahmedabad_Mirana_AssemblyLine_002_626.mp4,s3://humyn-data-partners-prod/visionlab/visionlab/outbound/India_Ahmedabad_Mirana_AssemblyLine_002_626.mp4,708659644,2026-06-13 17:44:04
visionlab/visionlab/outbound/India_Ahmedabad_Mirana_AssemblyLine_002_627.mp4,s3://humyn-data-partners-prod/visionlab/visionlab/outbound/India_Ahmedabad_Mirana_AssemblyLine_002_627.mp4,671476679,2026-06-13 17:44:04
visionlab/visionlab/outbound/India_Ahmedabad_Mirana_AssemblyLine_002_628.mp4,s3://humyn-data-partners-prod/visionlab/visionlab/outbound/India_Ahmedabad_Mirana_AssemblyLine_002_628.mp4,632101983,2026-06-13 17:44:04
visionlab/visionlab/outbound/India_Ahmedabad_Mirana_AssemblyLine_002_629.mp4,s3://humyn-data-partners-prod/visionlab/visionlab/outbound/India_Ahmedabad_Mirana_AssemblyLine_002_629.mp4,268630289,2026-06-13 17:44:05
visionlab/visionlab/outbound/India_Ahmedabad_Mirana_AssemblyLine_002_630.mp4,s3://humyn-data-partners-prod/visionlab/visionlab/outbound/India_Ahmedabad_Mirana_AssemblyLine_002_630.mp4,840974257,2026-06-13 17:44:05
visionlab/visionlab/outbound/India_Ahmedabad_Mirana_AssemblyLine_002_631.mp4,s3://humyn-data-partners-prod/visionlab/visionlab/outbound/India_Ahmedabad_Mirana_AssemblyLine_002_631.mp4,668295524,2026-06-13 17:44:05
visionlab/visionlab/outbound/India_Ahmedabad_Mirana_AssemblyLine_002_632.mp4,s3://humyn-data-partners-prod/visionlab/visionlab/outbound/India_Ahmedabad_Mirana_AssemblyLine_002_632.mp4,624499610,2026-06-13 17:44:05
visionlab/visionlab/outbound/India_Ahmedabad_Mirana_AssemblyLine_002_633.mp4,s3://humyn-data-partners-prod/visionlab/visionlab/outbound/India_Ahmedabad_Mirana_AssemblyLine_002_633.mp4,517675232,2026-06-13 17:44:05
visionlab/visionlab/outbound/India_Ahmedabad_Mirana_AssemblyLine_002_634.mp4,s3://humyn-data-partners-prod/visionlab/visionlab/outbound/India_Ahmedabad_Mirana_AssemblyLine_002_634.mp4,489742190,2026-06-13 17:44:05
visionlab/visionlab/outbound/India_Ahmedabad_Mirana_AssemblyLine_002_635.mp4,s3://humyn-data-partners-prod/visionlab/visionlab/outbound/India_Ahmedabad_Mirana_AssemblyLine_002_635.mp4,512510864,2026-06-13 17:44:05
visionlab/visionlab/outbound/India_Ahmedabad_Mirana_AssemblyLine_002_636.mp4,s3://humyn-data-partners-prod/visionlab/visionlab/outbound/India_Ahmedabad_Mirana_AssemblyLine_002_636.mp4,466183155,2026-06-13 17:44:06
visionlab/visionlab/outbound/India_Ahmedabad_Mirana_AssemblyLine_002_637.mp4,s3://humyn-data-partners-prod/visionlab/visionlab/outbound/India_Ahmedabad_Mirana_AssemblyLine_002_637.mp4,542599204,2026-06-13 17:44:06
visionlab/visionlab/outbound/India_Ahmedabad_Mirana_AssemblyLine_002_638.mp4,s3://humyn-data-partners-prod/visionlab/visionlab/outbound/India_Ahmedabad_Mirana_AssemblyLine_002_638.mp4,554413820,2026-06-13 17:44:07
visionlab/visionlab/outbound/India_Ahmedabad_Mirana_AssemblyLine_002_639.mp4,s3://humyn-data-partners-prod/visionlab/visionlab/outbound/India_Ahmedabad_Mirana_AssemblyLine_002_639.mp4,496253128,2026-06-13 17:44:07
visionlab/visionlab/outbound/India_Ahmedabad_Mirana_AssemblyLine_002_640.mp4,s3://humyn-data-partners-prod/visionlab/visionlab/outbound/India_Ahmedabad_Mirana_AssemblyLine_002_640.mp4,537255514,2026-06-13 17:44:10
visionlab/visionlab/outbound/India_Ahmedabad_Mirana_AssemblyLine_002_641.mp4,s3://humyn-data-partners-prod/visionlab/visionlab/outbound/India_Ahmedabad_Mirana_AssemblyLine_002_641.mp4,515061763,2026-06-13 17:44:10
visionlab/visionlab/outbound/India_Ahmedabad_Mirana_AssemblyLine_002_642.mp4,s3://humyn-data-partners-prod/visionlab/visionlab/outbound/India_Ahmedabad_Mirana_AssemblyLine_002_642.mp4,619540301,2026-06-13 17:44:10
visionlab/visionlab/outbound/India_Ahmedabad_Mirana_AssemblyLine_002_643.mp4,s3://humyn-data-partners-prod/visionlab/visionlab/outbound/India_Ahmedabad_Mirana_AssemblyLine_002_643.mp4,492078257,2026-06-13 17:44:10
visionlab/visionlab/outbound/India_Ahmedabad_Mirana_AssemblyLine_002_644.mp4,s3://humyn-data-partners-prod/visionlab/visionlab/outbound/India_Ahmedabad_Mirana_AssemblyLine_002_644.mp4,463708165,2026-06-13 17:44:11
visionlab/visionlab/outbound/India_Ahmedabad_Mirana_AssemblyLine_002_645.mp4,s3://humyn-data-partners-prod/visionlab/visionlab/outbound/India_Ahmedabad_Mirana_AssemblyLine_002_645.mp4,521829563,2026-06-13 17:44:11
visionlab/visionlab/outbound/India_Ahmedabad_Mirana_AssemblyLine_002_646.mp4,s3://humyn-data-partners-prod/visionlab/visionlab/outbound/India_Ahmedabad_Mirana_AssemblyLine_002_646.mp4,367627079,2026-06-13 17:44:11
visionlab/visionlab/outbound/India_Ahmedabad_Mirana_AssemblyLine_002_647.mp4,s3://humyn-data-partners-prod/visionlab/visionlab/outbound/India_Ahmedabad_Mirana_AssemblyLine_002_647.mp4,479970879,2026-06-13 17:44:11
visionlab/visionlab/outbound/India_Ahmedabad_Mirana_AssemblyLine_002_648.mp4,s3://humyn-data-partners-prod/visionlab/visionlab/outbound/India_Ahmedabad_Mirana_AssemblyLine_002_648.mp4,457880950,2026-06-13 17:44:11
visionlab/visionlab/outbound/India_Ahmedabad_Mirana_AssemblyLine_002_649.mp4,s3://humyn-data-partners-prod/visionlab/visionlab/outbound/India_Ahmedabad_Mirana_AssemblyLine_002_649.mp4,578670031,2026-06-13 17:44:12
visionlab/visionlab/outbound/India_Ahmedabad_Mirana_AssemblyLine_002_650.mp4,s3://humyn-data-partners-prod/visionlab/visionlab/outbound/India_Ahmedabad_Mirana_AssemblyLine_002_650.mp4,664716823,2026-06-13 17:44:12
visionlab/visionlab/outbound/India_Ahmedabad_Mirana_AssemblyLine_002_651.mp4,s3://humyn-data-partners-prod/visionlab/visionlab/outbound/India_Ahmedabad_Mirana_AssemblyLine_002_651.mp4,663177284,2026-06-13 17:44:12
visionlab/visionlab/outbound/India_Ahmedabad_Mirana_AssemblyLine_002_652.mp4,s3://humyn-data-partners-prod/visionlab/visionlab/outbound/India_Ahmedabad_Mirana_AssemblyLine_002_652.mp4,505927724,2026-06-13 17:44:12
visionlab/visionlab/outbound/India_Ahmedabad_Mirana_AssemblyLine_002_653.mp4,s3://humyn-data-partners-prod/visionlab/visionlab/outbound/India_Ahmedabad_Mirana_AssemblyLine_002_653.mp4,516973945,2026-06-13 17:44:12
visionlab/visionlab/outbound/India_Ahmedabad_Mirana_AssemblyLine_002_654.mp4,s3://humyn-data-partners-prod/visionlab/visionlab/outbound/India_Ahmedabad_Mirana_AssemblyLine_002_654.mp4,521286511,2026-06-13 17:44:13
visionlab/visionlab/outbound/India_Ahmedabad_Mirana_AssemblyLine_002_655.mp4,s3://humyn-data-partners-prod/visionlab/visionlab/outbound/India_Ahmedabad_Mirana_AssemblyLine_002_655.mp4,451814047,2026-06-13 17:44:13
visionlab/visionlab/outbound/India_Ahmedabad_Mirana_AssemblyLine_002_656.mp4,s3://humyn-data-partners-prod/visionlab/visionlab/outbound/India_Ahmedabad_Mirana_AssemblyLine_002_656.mp4,476629259,2026-06-13 17:44:14
visionlab/visionlab/outbound/India_Ahmedabad_Mirana_AssemblyLine_002_657.mp4,s3://humyn-data-partners-prod/visionlab/visionlab/outbound/India_Ahmedabad_Mirana_AssemblyLine_002_657.mp4,576571022,2026-06-13 17:44:15
visionlab/visionlab/outbound/India_Ahmedabad_Mirana_AssemblyLine_002_658.mp4,s3://humyn-data-partners-prod/visionlab/visionlab/outbound/India_Ahmedabad_Mirana_AssemblyLine_002_658.mp4,575402919,2026-06-13 17:44:16
visionlab/visionlab/outbound/India_Ahmedabad_Mirana_AssemblyLine_002_659.mp4,s3://humyn-data-partners-prod/visionlab/visionlab/outbound/India_Ahmedabad_Mirana_AssemblyLine_002_659.mp4,603605666,2026-06-13 17:44:16
visionlab/visionlab/outbound/India_Ahmedabad_Mirana_AssemblyLine_002_660.mp4,s3://humyn-data-partners-prod/visionlab/visionlab/outbound/India_Ahmedabad_Mirana_AssemblyLine_002_660.mp4,506925184,2026-06-13 17:44:16
visionlab/visionlab/outbound/India_Ahmedabad_Mirana_AssemblyLine_002_661.mp4,s3://humyn-data-partners-prod/visionlab/visionlab/outbound/India_Ahmedabad_Mirana_AssemblyLine_002_661.mp4,529655355,2026-06-13 17:44:16
visionlab/visionlab/outbound/India_Ahmedabad_Mirana_AssemblyLine_002_662.mp4,s3://humyn-data-partners-prod/visionlab/visionlab/outbound/India_Ahmedabad_Mirana_AssemblyLine_002_662.mp4,644592701,2026-06-13 17:44:16
visionlab/visionlab/outbound/India_Ahmedabad_Mirana_AssemblyLine_002_663.mp4,s3://humyn-data-partners-prod/visionlab/visionlab/outbound/India_Ahmedabad_Mirana_AssemblyLine_002_663.mp4,569748831,2026-06-13 17:44:16
visionlab/visionlab/outbound/India_Ahmedabad_Mirana_AssemblyLine_002_664.mp4,s3://humyn-data-partners-prod/visionlab/visionlab/outbound/India_Ahmedabad_Mirana_AssemblyLine_002_664.mp4,622317073,2026-06-13 17:44:17
visionlab/visionlab/outbound/India_Ahmedabad_Mirana_AssemblyLine_002_665.mp4,s3://humyn-data-partners-prod/visionlab/visionlab/outbound/India_Ahmedabad_Mirana_AssemblyLine_002_665.mp4,531639896,2026-06-13 17:44:18
visionlab/visionlab/outbound/India_Ahmedabad_Mirana_AssemblyLine_002_666.mp4,s3://humyn-data-partners-prod/visionlab/visionlab/outbound/India_Ahmedabad_Mirana_AssemblyLine_002_666.mp4,470332454,2026-06-13 17:44:18
visionlab/visionlab/outbound/India_Ahmedabad_Mirana_AssemblyLine_002_667.mp4,s3://humyn-data-partners-prod/visionlab/visionlab/outbound/India_Ahmedabad_Mirana_AssemblyLine_002_667.mp4,562873917,2026-06-13 17:44:18
visionlab/visionlab/outbound/India_Ahmedabad_Mirana_AssemblyLine_002_668.mp4,s3://humyn-data-partners-prod/visionlab/visionlab/outbound/India_Ahmedabad_Mirana_AssemblyLine_002_668.mp4,477875922,2026-06-13 17:44:18
visionlab/visionlab/outbound/India_Ahmedabad_Mirana_AssemblyLine_002_669.mp4,s3://humyn-data-partners-prod/visionlab/visionlab/outbound/India_Ahmedabad_Mirana_AssemblyLine_002_669.mp4,561594170,2026-06-13 17:44:19
visionlab/visionlab/outbound/India_Ahmedabad_Mirana_AssemblyLine_002_670.mp4,s3://humyn-data-partners-prod/visionlab/visionlab/outbound/India_Ahmedabad_Mirana_AssemblyLine_002_670.mp4,459208292,2026-06-13 17:44:19
visionlab/visionlab/outbound/India_Ahmedabad_Mirana_AssemblyLine_002_671.mp4,s3://humyn-data-partners-prod/visionlab/visionlab/outbound/India_Ahmedabad_Mirana_AssemblyLine_002_671.mp4,719853340,2026-06-13 17:44:19
visionlab/visionlab/outbound/India_Ahmedabad_Mirana_AssemblyLine_002_672.mp4,s3://humyn-data-partners-prod/visionlab/visionlab/outbound/India_Ahmedabad_Mirana_AssemblyLine_002_672.mp4,500310207,2026-06-13 17:44:19
visionlab/visionlab/outbound/India_Ahmedabad_Mirana_AssemblyLine_002_673.mp4,s3://humyn-data-partners-prod/visionlab/visionlab/outbound/India_Ahmedabad_Mirana_AssemblyLine_002_673.mp4,885759997,2026-06-13 17:44:19
visionlab/visionlab/outbound/India_Ahmedabad_Mirana_AssemblyLine_002_674.mp4,s3://humyn-data-partners-prod/visionlab/visionlab/outbound/India_Ahmedabad_Mirana_AssemblyLine_002_674.mp4,622023600,2026-06-13 17:44:20
visionlab/visionlab/outbound/India_Ahmedabad_Mirana_AssemblyLine_002_675.mp4,s3://humyn-data-partners-prod/visionlab/visionlab/outbound/India_Ahmedabad_Mirana_AssemblyLine_002_675.mp4,422557279,2026-06-13 17:44:20
visionlab/visionlab/outbound/India_Ahmedabad_Mirana_AssemblyLine_002_676.mp4,s3://humyn-data-partners-prod/visionlab/visionlab/outbound/India_Ahmedabad_Mirana_AssemblyLine_002_676.mp4,655348818,2026-06-13 17:44:20
visionlab/visionlab/outbound/India_Ahmedabad_Mirana_AssemblyLine_002_677.mp4,s3://humyn-data-partners-prod/visionlab/visionlab/outbound/India_Ahmedabad_Mirana_AssemblyLine_002_677.mp4,707668706,2026-06-13 17:44:20
visionlab/visionlab/outbound/India_Ahmedabad_Mirana_AssemblyLine_002_678.mp4,s3://humyn-data-partners-prod/visionlab/visionlab/outbound/India_Ahmedabad_Mirana_AssemblyLine_002_678.mp4,579944262,2026-06-13 17:44:20
visionlab/visionlab/outbound/India_Ahmedabad_Mirana_AssemblyLine_002_679.mp4,s3://humyn-data-partners-prod/visionlab/visionlab/outbound/India_Ahmedabad_Mirana_AssemblyLine_002_679.mp4,450978307,2026-06-13 17:44:21
visionlab/visionlab/outbound/India_Ahmedabad_Mirana_AssemblyLine_002_680.mp4,s3://humyn-data-partners-prod/visionlab/visionlab/outbound/India_Ahmedabad_Mirana_AssemblyLine_002_680.mp4,630490884,2026-06-13 17:44:22
visionlab/visionlab/outbound/India_Ahmedabad_Mirana_AssemblyLine_002_681.mp4,s3://humyn-data-partners-prod/visionlab/visionlab/outbound/India_Ahmedabad_Mirana_AssemblyLine_002_681.mp4,545148332,2026-06-13 17:44:22
visionlab/visionlab/outbound/India_Ahmedabad_Mirana_AssemblyLine_002_682.mp4,s3://humyn-data-partners-prod/visionlab/visionlab/outbound/India_Ahmedabad_Mirana_AssemblyLine_002_682.mp4,586884706,2026-06-13 17:44:22
visionlab/visionlab/outbound/India_Ahmedabad_Mirana_AssemblyLine_002_683.mp4,s3://humyn-data-partners-prod/visionlab/visionlab/outbound/India_Ahmedabad_Mirana_AssemblyLine_002_683.mp4,742109982,2026-06-13 17:44:22
visionlab/visionlab/outbound/India_Ahmedabad_Mirana_AssemblyLine_002_684.mp4,s3://humyn-data-partners-prod/visionlab/visionlab/outbound/India_Ahmedabad_Mirana_AssemblyLine_002_684.mp4,948158422,2026-06-13 17:44:22
visionlab/visionlab/outbound/India_Ahmedabad_Mirana_AssemblyLine_002_685.mp4,s3://humyn-data-partners-prod/visionlab/visionlab/outbound/India_Ahmedabad_Mirana_AssemblyLine_002_685.mp4,614929687,2026-06-13 17:44:23
visionlab/visionlab/outbound/India_Ahmedabad_Mirana_AssemblyLine_002_686.mp4,s3://humyn-data-partners-prod/visionlab/visionlab/outbound/India_Ahmedabad_Mirana_AssemblyLine_002_686.mp4,341951187,2026-06-13 17:44:23
visionlab/visionlab/outbound/India_Ahmedabad_Mirana_AssemblyLine_002_687.mp4,s3://humyn-data-partners-prod/visionlab/visionlab/outbound/India_Ahmedabad_Mirana_AssemblyLine_002_687.mp4,422048672,2026-06-13 17:44:24
visionlab/visionlab/outbound/India_Ahmedabad_Mirana_AssemblyLine_002_688.mp4,s3://humyn-data-partners-prod/visionlab/visionlab/outbound/India_Ahmedabad_Mirana_AssemblyLine_002_688.mp4,628332480,2026-06-13 17:44:24
visionlab/visionlab/outbound/India_Ahmedabad_Mirana_AssemblyLine_002_689.mp4,s3://humyn-data-partners-prod/visionlab/visionlab/outbound/India_Ahmedabad_Mirana_AssemblyLine_002_689.mp4,556186788,2026-06-13 17:44:25
visionlab/visionlab/outbound/India_Ahmedabad_Mirana_AssemblyLine_002_690.mp4,s3://humyn-data-partners-prod/visionlab/visionlab/outbound/India_Ahmedabad_Mirana_AssemblyLine_002_690.mp4,629015768,2026-06-13 17:44:26
visionlab/visionlab/outbound/India_Ahmedabad_Mirana_AssemblyLine_002_691.mp4,s3://humyn-data-partners-prod/visionlab/visionlab/outbound/India_Ahmedabad_Mirana_AssemblyLine_002_691.mp4,379505128,2026-06-13 17:44:26
visionlab/visionlab/outbound/India_Ahmedabad_Mirana_AssemblyLine_002_692.mp4,s3://humyn-data-partners-prod/visionlab/visionlab/outbound/India_Ahmedabad_Mirana_AssemblyLine_002_692.mp4,689491441,2026-06-13 17:44:27
visionlab/visionlab/outbound/India_Ahmedabad_Mirana_AssemblyLine_002_693.mp4,s3://humyn-data-partners-prod/visionlab/visionlab/outbound/India_Ahmedabad_Mirana_AssemblyLine_002_693.mp4,586272585,2026-06-13 17:44:27
visionlab/visionlab/outbound/India_Ahmedabad_Mirana_AssemblyLine_002_694.mp4,s3://humyn-data-partners-prod/visionlab/visionlab/outbound/India_Ahmedabad_Mirana_AssemblyLine_002_694.mp4,476900111,2026-06-13 17:44:27
visionlab/visionlab/outbound/India_Ahmedabad_Mirana_AssemblyLine_002_695.mp4,s3://humyn-data-partners-prod/visionlab/visionlab/outbound/India_Ahmedabad_Mirana_AssemblyLine_002_695.mp4,543553825,2026-06-13 17:44:27
visionlab/visionlab/outbound/India_Ahmedabad_Mirana_AssemblyLine_002_696.mp4,s3://humyn-data-partners-prod/visionlab/visionlab/outbound/India_Ahmedabad_Mirana_AssemblyLine_002_696.mp4,584311286,2026-06-13 17:44:27
visionlab/visionlab/outbound/India_Ahmedabad_Mirana_AssemblyLine_002_697.mp4,s3://humyn-data-partners-prod/visionlab/visionlab/outbound/India_Ahmedabad_Mirana_AssemblyLine_002_697.mp4,379247583,2026-06-13 17:44:27
visionlab/visionlab/outbound/India_Ahmedabad_Mirana_AssemblyLine_002_698.mp4,s3://humyn-data-partners-prod/visionlab/visionlab/outbound/India_Ahmedabad_Mirana_AssemblyLine_002_698.mp4,447860735,2026-06-13 17:44:28
visionlab/visionlab/outbound/India_Ahmedabad_Mirana_AssemblyLine_002_699.mp4,s3://humyn-data-partners-prod/visionlab/visionlab/outbound/India_Ahmedabad_Mirana_AssemblyLine_002_699.mp4,601533006,2026-06-13 17:44:28
visionlab/visionlab/outbound/India_Ahmedabad_Mirana_AssemblyLine_002_700.mp4,s3://humyn-data-partners-prod/visionlab/visionlab/outbound/India_Ahmedabad_Mirana_AssemblyLine_002_700.mp4,647657327,2026-06-13 17:44:28
visionlab/visionlab/outbound/India_Ahmedabad_Mirana_AssemblyLine_002_701.mp4,s3://humyn-data-partners-prod/visionlab/visionlab/outbound/India_Ahmedabad_Mirana_AssemblyLine_002_701.mp4,581129074,2026-06-13 17:44:28
visionlab/visionlab/outbound/India_Ahmedabad_Mirana_AssemblyLine_002_702.mp4,s3://humyn-data-partners-prod/visionlab/visionlab/outbound/India_Ahmedabad_Mirana_AssemblyLine_002_702.mp4,543332592,2026-06-13 17:44:29
visionlab/visionlab/outbound/India_Ahmedabad_Mirana_AssemblyLine_002_703.mp4,s3://humyn-data-partners-prod/visionlab/visionlab/outbound/India_Ahmedabad_Mirana_AssemblyLine_002_703.mp4,477786840,2026-06-13 17:44:29
visionlab/visionlab/outbound/India_Ahmedabad_Mirana_AssemblyLine_002_704.mp4,s3://humyn-data-partners-prod/visionlab/visionlab/outbound/India_Ahmedabad_Mirana_AssemblyLine_002_704.mp4,571763735,2026-06-13 17:44:29
visionlab/visionlab/outbound/India_Ahmedabad_Mirana_AssemblyLine_002_705.mp4,s3://humyn-data-partners-prod/visionlab/visionlab/outbound/India_Ahmedabad_Mirana_AssemblyLine_002_705.mp4,426389657,2026-06-13 17:44:29
visionlab/visionlab/outbound/India_Ahmedabad_Mirana_AssemblyLine_002_706.mp4,s3://humyn-data-partners-prod/visionlab/visionlab/outbound/India_Ahmedabad_Mirana_AssemblyLine_002_706.mp4,496918069,2026-06-13 17:44:29
visionlab/visionlab/outbound/India_Ahmedabad_Mirana_AssemblyLine_002_707.mp4,s3://humyn-data-partners-prod/visionlab/visionlab/outbound/India_Ahmedabad_Mirana_AssemblyLine_002_707.mp4,475763812,2026-06-13 17:44:31
visionlab/visionlab/outbound/India_Ahmedabad_Mirana_AssemblyLine_002_708.mp4,s3://humyn-data-partners-prod/visionlab/visionlab/outbound/India_Ahmedabad_Mirana_AssemblyLine_002_708.mp4,720907065,2026-06-13 17:44:32
visionlab/visionlab/outbound/India_Ahmedabad_Mirana_AssemblyLine_002_709.mp4,s3://humyn-data-partners-prod/visionlab/visionlab/outbound/India_Ahmedabad_Mirana_AssemblyLine_002_709.mp4,445413469,2026-06-13 17:44:32
visionlab/visionlab/outbound/India_Ahmedabad_Mirana_AssemblyLine_002_710.mp4,s3://humyn-data-partners-prod/visionlab/visionlab/outbound/India_Ahmedabad_Mirana_AssemblyLine_002_710.mp4,945730635,2026-06-13 17:44:32
visionlab/visionlab/outbound/India_Ahmedabad_Mirana_AssemblyLine_002_711.mp4,s3://humyn-data-partners-prod/visionlab/visionlab/outbound/India_Ahmedabad_Mirana_AssemblyLine_002_711.mp4,386588615,2026-06-13 17:44:33
visionlab/visionlab/outbound/India_Ahmedabad_Mirana_AssemblyLine_002_712.mp4,s3://humyn-data-partners-prod/visionlab/visionlab/outbound/India_Ahmedabad_Mirana_AssemblyLine_002_712.mp4,378028572,2026-06-13 17:44:33
visionlab/visionlab/outbound/India_Ahmedabad_Mirana_AssemblyLine_002_713.mp4,s3://humyn-data-partners-prod/visionlab/visionlab/outbound/India_Ahmedabad_Mirana_AssemblyLine_002_713.mp4,529470117,2026-06-13 17:44:33
visionlab/visionlab/outbound/India_Ahmedabad_Mirana_AssemblyLine_002_714.mp4,s3://humyn-data-partners-prod/visionlab/visionlab/outbound/India_Ahmedabad_Mirana_AssemblyLine_002_714.mp4,548462890,2026-06-13 17:44:33
visionlab/visionlab/outbound/India_Ahmedabad_Mirana_AssemblyLine_002_715.mp4,s3://humyn-data-partners-prod/visionlab/visionlab/outbound/India_Ahmedabad_Mirana_AssemblyLine_002_715.mp4,436159137,2026-06-13 17:44:34
visionlab/visionlab/outbound/India_Ahmedabad_Mirana_AssemblyLine_002_716.mp4,s3://humyn-data-partners-prod/visionlab/visionlab/outbound/India_Ahmedabad_Mirana_AssemblyLine_002_716.mp4,555889537,2026-06-13 17:44:34
visionlab/visionlab/outbound/India_Ahmedabad_Mirana_AssemblyLine_002_717.mp4,s3://humyn-data-partners-prod/visionlab/visionlab/outbound/India_Ahmedabad_Mirana_AssemblyLine_002_717.mp4,527972567,2026-06-13 17:44:34
visionlab/visionlab/outbound/India_Ahmedabad_Mirana_AssemblyLine_002_718.mp4,s3://humyn-data-partners-prod/visionlab/visionlab/outbound/India_Ahmedabad_Mirana_AssemblyLine_002_718.mp4,455860771,2026-06-13 17:44:35
visionlab/visionlab/outbound/India_Ahmedabad_Mirana_AssemblyLine_002_719.mp4,s3://humyn-data-partners-prod/visionlab/visionlab/outbound/India_Ahmedabad_Mirana_AssemblyLine_002_719.mp4,465300453,2026-06-13 17:44:35
visionlab/visionlab/outbound/India_Ahmedabad_Mirana_AssemblyLine_002_720.mp4,s3://humyn-data-partners-prod/visionlab/visionlab/outbound/India_Ahmedabad_Mirana_AssemblyLine_002_720.mp4,604352387,2026-06-13 17:44:36
visionlab/visionlab/outbound/India_Ahmedabad_Mirana_AssemblyLine_002_721.mp4,s3://humyn-data-partners-prod/visionlab/visionlab/outbound/India_Ahmedabad_Mirana_AssemblyLine_002_721.mp4,570621042,2026-06-13 17:44:36
visionlab/visionlab/outbound/India_Ahmedabad_Mirana_AssemblyLine_002_722.mp4,s3://humyn-data-partners-prod/visionlab/visionlab/outbound/India_Ahmedabad_Mirana_AssemblyLine_002_722.mp4,459795984,2026-06-13 17:44:36
visionlab/visionlab/outbound/India_Ahmedabad_Mirana_AssemblyLine_002_723.mp4,s3://humyn-data-partners-prod/visionlab/visionlab/outbound/India_Ahmedabad_Mirana_AssemblyLine_002_723.mp4,603524016,2026-06-13 17:44:36
visionlab/visionlab/outbound/India_Ahmedabad_Mirana_AssemblyLine_002_724.mp4,s3://humyn-data-partners-prod/visionlab/visionlab/outbound/India_Ahmedabad_Mirana_AssemblyLine_002_724.mp4,529831684,2026-06-13 17:44:36
visionlab/visionlab/outbound/India_Ahmedabad_Mirana_AssemblyLine_002_725.mp4,s3://humyn-data-partners-prod/visionlab/visionlab/outbound/India_Ahmedabad_Mirana_AssemblyLine_002_725.mp4,638468196,2026-06-13 17:44:37
visionlab/visionlab/outbound/India_Ahmedabad_Mirana_AssemblyLine_002_726.mp4,s3://humyn-data-partners-prod/visionlab/visionlab/outbound/India_Ahmedabad_Mirana_AssemblyLine_002_726.mp4,552145495,2026-06-13 17:44:37
visionlab/visionlab/outbound/India_Ahmedabad_Mirana_AssemblyLine_002_727.mp4,s3://humyn-data-partners-prod/visionlab/visionlab/outbound/India_Ahmedabad_Mirana_AssemblyLine_002_727.mp4,551711439,2026-06-13 17:44:37
visionlab/visionlab/outbound/India_Ahmedabad_Mirana_AssemblyLine_002_728.mp4,s3://humyn-data-partners-prod/visionlab/visionlab/outbound/India_Ahmedabad_Mirana_AssemblyLine_002_728.mp4,554626914,2026-06-13 17:44:37
visionlab/visionlab/outbound/India_Ahmedabad_Mirana_AssemblyLine_002_729.mp4,s3://humyn-data-partners-prod/visionlab/visionlab/outbound/India_Ahmedabad_Mirana_AssemblyLine_002_729.mp4,539281910,2026-06-13 17:44:38
visionlab/visionlab/outbound/India_Ahmedabad_Mirana_AssemblyLine_003_001.mp4,s3://humyn-data-partners-prod/visionlab/visionlab/outbound/India_Ahmedabad_Mirana_AssemblyLine_003_001.mp4,562883901,2026-06-13 17:44:38
visionlab/visionlab/outbound/India_Ahmedabad_Mirana_AssemblyLine_003_002.mp4,s3://humyn-data-partners-prod/visionlab/visionlab/outbound/India_Ahmedabad_Mirana_AssemblyLine_003_002.mp4,591955272,2026-06-13 17:44:38
visionlab/visionlab/outbound/India_Ahmedabad_Mirana_AssemblyLine_003_003.mp4,s3://humyn-data-partners-prod/visionlab/visionlab/outbound/India_Ahmedabad_Mirana_AssemblyLine_003_003.mp4,430139493,2026-06-13 17:44:39
visionlab/visionlab/outbound/India_Ahmedabad_Mirana_AssemblyLine_003_004.mp4,s3://humyn-data-partners-prod/visionlab/visionlab/outbound/India_Ahmedabad_Mirana_AssemblyLine_003_004.mp4,482414482,2026-06-13 17:44:39
visionlab/visionlab/outbound/India_Ahmedabad_Mirana_AssemblyLine_003_005.mp4,s3://humyn-data-partners-prod/visionlab/visionlab/outbound/India_Ahmedabad_Mirana_AssemblyLine_003_005.mp4,648689492,2026-06-13 17:44:39
visionlab/visionlab/outbound/India_Ahmedabad_Mirana_AssemblyLine_003_006.mp4,s3://humyn-data-partners-prod/visionlab/visionlab/outbound/India_Ahmedabad_Mirana_AssemblyLine_003_006.mp4,537731123,2026-06-13 17:44:39
visionlab/visionlab/outbound/India_Ahmedabad_Mirana_AssemblyLine_003_007.mp4,s3://humyn-data-partners-prod/visionlab/visionlab/outbound/India_Ahmedabad_Mirana_AssemblyLine_003_007.mp4,453798701,2026-06-13 17:44:39
visionlab/visionlab/outbound/India_Ahmedabad_Mirana_AssemblyLine_003_008.mp4,s3://humyn-data-partners-prod/visionlab/visionlab/outbound/India_Ahmedabad_Mirana_AssemblyLine_003_008.mp4,675454553,2026-06-13 17:44:40
visionlab/visionlab/outbound/India_Ahmedabad_Mirana_AssemblyLine_003_009.mp4,s3://humyn-data-partners-prod/visionlab/visionlab/outbound/India_Ahmedabad_Mirana_AssemblyLine_003_009.mp4,593296901,2026-06-13 17:44:40
visionlab/visionlab/outbound/India_Ahmedabad_Mirana_AssemblyLine_003_010.mp4,s3://humyn-data-partners-prod/visionlab/visionlab/outbound/India_Ahmedabad_Mirana_AssemblyLine_003_010.mp4,474894285,2026-06-13 17:44:40
visionlab/visionlab/outbound/India_Ahmedabad_Mirana_AssemblyLine_003_011.mp4,s3://humyn-data-partners-prod/visionlab/visionlab/outbound/India_Ahmedabad_Mirana_AssemblyLine_003_011.mp4,584651524,2026-06-13 17:44:40
visionlab/visionlab/outbound/India_Ahmedabad_Mirana_AssemblyLine_003_012.mp4,s3://humyn-data-partners-prod/visionlab/visionlab/outbound/India_Ahmedabad_Mirana_AssemblyLine_003_012.mp4,559097761,2026-06-13 17:44:40
visionlab/visionlab/outbound/India_Ahmedabad_Mirana_AssemblyLine_003_013.mp4,s3://humyn-data-partners-prod/visionlab/visionlab/outbound/India_Ahmedabad_Mirana_AssemblyLine_003_013.mp4,460501005,2026-06-13 17:44:41
visionlab/visionlab/outbound/India_Ahmedabad_Mirana_AssemblyLine_003_014.mp4,s3://humyn-data-partners-prod/visionlab/visionlab/outbound/India_Ahmedabad_Mirana_AssemblyLine_003_014.mp4,416955481,2026-06-13 17:44:43
visionlab/visionlab/outbound/India_Ahmedabad_Mirana_AssemblyLine_003_015.mp4,s3://humyn-data-partners-prod/visionlab/visionlab/outbound/India_Ahmedabad_Mirana_AssemblyLine_003_015.mp4,617160850,2026-06-13 17:44:43
visionlab/visionlab/outbound/India_Ahmedabad_Mirana_AssemblyLine_003_016.mp4,s3://humyn-data-partners-prod/visionlab/visionlab/outbound/India_Ahmedabad_Mirana_AssemblyLine_003_016.mp4,537141528,2026-06-13 17:44:43
visionlab/visionlab/outbound/India_Ahmedabad_Mirana_AssemblyLine_003_017.mp4,s3://humyn-data-partners-prod/visionlab/visionlab/outbound/India_Ahmedabad_Mirana_AssemblyLine_003_017.mp4,520750704,2026-06-13 17:44:44
visionlab/visionlab/outbound/India_Ahmedabad_Mirana_AssemblyLine_003_018.mp4,s3://humyn-data-partners-prod/visionlab/visionlab/outbound/India_Ahmedabad_Mirana_AssemblyLine_003_018.mp4,661990672,2026-06-13 17:44:44
visionlab/visionlab/outbound/India_Ahmedabad_Mirana_AssemblyLine_003_019.mp4,s3://humyn-data-partners-prod/visionlab/visionlab/outbound/India_Ahmedabad_Mirana_AssemblyLine_003_019.mp4,588096622,2026-06-13 17:44:45
visionlab/visionlab/outbound/India_Ahmedabad_Mirana_AssemblyLine_003_020.mp4,s3://humyn-data-partners-prod/visionlab/visionlab/outbound/India_Ahmedabad_Mirana_AssemblyLine_003_020.mp4,632203748,2026-06-13 17:44:45
visionlab/visionlab/outbound/India_Ahmedabad_Mirana_AssemblyLine_003_021.mp4,s3://humyn-data-partners-prod/visionlab/visionlab/outbound/India_Ahmedabad_Mirana_AssemblyLine_003_021.mp4,489526543,2026-06-13 17:44:46
visionlab/visionlab/outbound/India_Ahmedabad_Mirana_AssemblyLine_003_022.mp4,s3://humyn-data-partners-prod/visionlab/visionlab/outbound/India_Ahmedabad_Mirana_AssemblyLine_003_022.mp4,537930327,2026-06-13 17:44:46
visionlab/visionlab/outbound/India_Ahmedabad_Mirana_AssemblyLine_003_023.mp4,s3://humyn-data-partners-prod/visionlab/visionlab/outbound/India_Ahmedabad_Mirana_AssemblyLine_003_023.mp4,597241142,2026-06-13 17:44:46
visionlab/visionlab/outbound/India_Ahmedabad_Mirana_AssemblyLine_003_024.mp4,s3://humyn-data-partners-prod/visionlab/visionlab/outbound/India_Ahmedabad_Mirana_AssemblyLine_003_024.mp4,560679260,2026-06-13 17:44:46
visionlab/visionlab/outbound/India_Ahmedabad_Mirana_AssemblyLine_003_025.mp4,s3://humyn-data-partners-prod/visionlab/visionlab/outbound/India_Ahmedabad_Mirana_AssemblyLine_003_025.mp4,489599059,2026-06-13 17:44:46
visionlab/visionlab/outbound/India_Ahmedabad_Mirana_AssemblyLine_003_026.mp4,s3://humyn-data-partners-prod/visionlab/visionlab/outbound/India_Ahmedabad_Mirana_AssemblyLine_003_026.mp4,548897355,2026-06-13 17:44:47
visionlab/visionlab/outbound/India_Ahmedabad_Mirana_AssemblyLine_003_027.mp4,s3://humyn-data-partners-prod/visionlab/visionlab/outbound/India_Ahmedabad_Mirana_AssemblyLine_003_027.mp4,401635345,2026-06-13 17:44:47
visionlab/visionlab/outbound/India_Ahmedabad_Mirana_AssemblyLine_003_028.mp4,s3://humyn-data-partners-prod/visionlab/visionlab/outbound/India_Ahmedabad_Mirana_AssemblyLine_003_028.mp4,966735982,2026-06-13 17:44:47
visionlab/visionlab/outbound/India_Ahmedabad_Mirana_AssemblyLine_003_029.mp4,s3://humyn-data-partners-prod/visionlab/visionlab/outbound/India_Ahmedabad_Mirana_AssemblyLine_003_029.mp4,660182859,2026-06-13 17:44:48
visionlab/visionlab/outbound/India_Ahmedabad_Mirana_AssemblyLine_003_030.mp4,s3://humyn-data-partners-prod/visionlab/visionlab/outbound/India_Ahmedabad_Mirana_AssemblyLine_003_030.mp4,674245301,2026-06-13 17:44:48
visionlab/visionlab/outbound/India_Ahmedabad_Mirana_AssemblyLine_003_031.mp4,s3://humyn-data-partners-prod/visionlab/visionlab/outbound/India_Ahmedabad_Mirana_AssemblyLine_003_031.mp4,560338347,2026-06-13 17:44:48
visionlab/visionlab/outbound/India_Ahmedabad_Mirana_AssemblyLine_003_032.mp4,s3://humyn-data-partners-prod/visionlab/visionlab/outbound/India_Ahmedabad_Mirana_AssemblyLine_003_032.mp4,627510300,2026-06-13 17:44:49
visionlab/visionlab/outbound/India_Ahmedabad_Mirana_AssemblyLine_003_033.mp4,s3://humyn-data-partners-prod/visionlab/visionlab/outbound/India_Ahmedabad_Mirana_AssemblyLine_003_033.mp4,523604248,2026-06-13 17:44:49
visionlab/visionlab/outbound/India_Ahmedabad_Mirana_AssemblyLine_003_034.mp4,s3://humyn-data-partners-prod/visionlab/visionlab/outbound/India_Ahmedabad_Mirana_AssemblyLine_003_034.mp4,646341521,2026-06-13 17:44:49
visionlab/visionlab/outbound/India_Ahmedabad_Mirana_AssemblyLine_003_035.mp4,s3://humyn-data-partners-prod/visionlab/visionlab/outbound/India_Ahmedabad_Mirana_AssemblyLine_003_035.mp4,701658703,2026-06-13 17:44:49
visionlab/visionlab/outbound/India_Ahmedabad_Mirana_AssemblyLine_003_036.mp4,s3://humyn-data-partners-prod/visionlab/visionlab/outbound/India_Ahmedabad_Mirana_AssemblyLine_003_036.mp4,599829038,2026-06-13 17:44:49
visionlab/visionlab/outbound/India_Ahmedabad_Mirana_AssemblyLine_003_037.mp4,s3://humyn-data-partners-prod/visionlab/visionlab/outbound/India_Ahmedabad_Mirana_AssemblyLine_003_037.mp4,602268108,2026-06-13 17:44:50
visionlab/visionlab/outbound/India_Ahmedabad_Mirana_AssemblyLine_003_038.mp4,s3://humyn-data-partners-prod/visionlab/visionlab/outbound/India_Ahmedabad_Mirana_AssemblyLine_003_038.mp4,523784341,2026-06-13 17:44:50
visionlab/visionlab/outbound/India_Ahmedabad_Mirana_AssemblyLine_003_039.mp4,s3://humyn-data-partners-prod/visionlab/visionlab/outbound/India_Ahmedabad_Mirana_AssemblyLine_003_039.mp4,675579163,2026-06-13 17:44:50
visionlab/visionlab/outbound/India_Ahmedabad_Mirana_AssemblyLine_003_040.mp4,s3://humyn-data-partners-prod/visionlab/visionlab/outbound/India_Ahmedabad_Mirana_AssemblyLine_003_040.mp4,539866129,2026-06-13 17:44:50
visionlab/visionlab/outbound/India_Ahmedabad_Mirana_AssemblyLine_003_041.mp4,s3://humyn-data-partners-prod/visionlab/visionlab/outbound/India_Ahmedabad_Mirana_AssemblyLine_003_041.mp4,491356453,2026-06-13 17:44:51
visionlab/visionlab/outbound/India_Ahmedabad_Mirana_AssemblyLine_003_042.mp4,s3://humyn-data-partners-prod/visionlab/visionlab/outbound/India_Ahmedabad_Mirana_AssemblyLine_003_042.mp4,1001875909,2026-06-13 17:44:51
visionlab/visionlab/outbound/India_Ahmedabad_Mirana_AssemblyLine_003_043.mp4,s3://humyn-data-partners-prod/visionlab/visionlab/outbound/India_Ahmedabad_Mirana_AssemblyLine_003_043.mp4,937695947,2026-06-13 17:44:51
visionlab/visionlab/outbound/India_Ahmedabad_Mirana_AssemblyLine_003_044.mp4,s3://humyn-data-partners-prod/visionlab/visionlab/outbound/India_Ahmedabad_Mirana_AssemblyLine_003_044.mp4,481314657,2026-06-13 17:44:51
visionlab/visionlab/outbound/India_Ahmedabad_Mirana_AssemblyLine_003_045.mp4,s3://humyn-data-partners-prod/visionlab/visionlab/outbound/India_Ahmedabad_Mirana_AssemblyLine_003_045.mp4,529186641,2026-06-13 17:44:51
visionlab/visionlab/outbound/India_Ahmedabad_Mirana_AssemblyLine_003_046.mp4,s3://humyn-data-partners-prod/visionlab/visionlab/outbound/India_Ahmedabad_Mirana_AssemblyLine_003_046.mp4,520832461,2026-06-13 17:44:52
visionlab/visionlab/outbound/India_Ahmedabad_Mirana_AssemblyLine_003_047.mp4,s3://humyn-data-partners-prod/visionlab/visionlab/outbound/India_Ahmedabad_Mirana_AssemblyLine_003_047.mp4,563150773,2026-06-13 17:44:54
visionlab/visionlab/outbound/India_Ahmedabad_Mirana_AssemblyLine_003_048.mp4,s3://humyn-data-partners-prod/visionlab/visionlab/outbound/India_Ahmedabad_Mirana_AssemblyLine_003_048.mp4,492090690,2026-06-13 17:44:54
visionlab/visionlab/outbound/India_Ahmedabad_Mirana_AssemblyLine_003_049.mp4,s3://humyn-data-partners-prod/visionlab/visionlab/outbound/India_Ahmedabad_Mirana_AssemblyLine_003_049.mp4,676499676,2026-06-13 17:44:54
visionlab/visionlab/outbound/India_Ahmedabad_Mirana_AssemblyLine_003_050.mp4,s3://humyn-data-partners-prod/visionlab/visionlab/outbound/India_Ahmedabad_Mirana_AssemblyLine_003_050.mp4,452651143,2026-06-13 17:44:55
visionlab/visionlab/outbound/India_Ahmedabad_Mirana_AssemblyLine_003_051.mp4,s3://humyn-data-partners-prod/visionlab/visionlab/outbound/India_Ahmedabad_Mirana_AssemblyLine_003_051.mp4,488494938,2026-06-13 17:44:55
visionlab/visionlab/outbound/India_Ahmedabad_Mirana_AssemblyLine_003_052.mp4,s3://humyn-data-partners-prod/visionlab/visionlab/outbound/India_Ahmedabad_Mirana_AssemblyLine_003_052.mp4,693950965,2026-06-13 17:44:55
visionlab/visionlab/outbound/India_Ahmedabad_Mirana_AssemblyLine_003_053.mp4,s3://humyn-data-partners-prod/visionlab/visionlab/outbound/India_Ahmedabad_Mirana_AssemblyLine_003_053.mp4,574477895,2026-06-13 17:44:56
visionlab/visionlab/outbound/India_Ahmedabad_Mirana_AssemblyLine_003_054.mp4,s3://humyn-data-partners-prod/visionlab/visionlab/outbound/India_Ahmedabad_Mirana_AssemblyLine_003_054.mp4,725166488,2026-06-13 17:44:56
visionlab/visionlab/outbound/India_Ahmedabad_Mirana_AssemblyLine_003_055.mp4,s3://humyn-data-partners-prod/visionlab/visionlab/outbound/India_Ahmedabad_Mirana_AssemblyLine_003_055.mp4,452526279,2026-06-13 17:44:56
visionlab/visionlab/outbound/India_Ahmedabad_Mirana_AssemblyLine_003_056.mp4,s3://humyn-data-partners-prod/visionlab/visionlab/outbound/India_Ahmedabad_Mirana_AssemblyLine_003_056.mp4,471612093,2026-06-13 17:44:56
visionlab/visionlab/outbound/India_Ahmedabad_Mirana_AssemblyLine_003_057.mp4,s3://humyn-data-partners-prod/visionlab/visionlab/outbound/India_Ahmedabad_Mirana_AssemblyLine_003_057.mp4,549653809,2026-06-13 17:44:56
visionlab/visionlab/outbound/India_Ahmedabad_Mirana_AssemblyLine_003_058.mp4,s3://humyn-data-partners-prod/visionlab/visionlab/outbound/India_Ahmedabad_Mirana_AssemblyLine_003_058.mp4,669529848,2026-06-13 17:44:56
visionlab/visionlab/outbound/India_Ahmedabad_Mirana_AssemblyLine_003_059.mp4,s3://humyn-data-partners-prod/visionlab/visionlab/outbound/India_Ahmedabad_Mirana_AssemblyLine_003_059.mp4,437820366,2026-06-13 17:44:57
visionlab/visionlab/outbound/India_Ahmedabad_Mirana_AssemblyLine_003_060.mp4,s3://humyn-data-partners-prod/visionlab/visionlab/outbound/India_Ahmedabad_Mirana_AssemblyLine_003_060.mp4,453364973,2026-06-13 17:44:58
visionlab/visionlab/outbound/India_Ahmedabad_Mirana_AssemblyLine_003_061.mp4,s3://humyn-data-partners-prod/visionlab/visionlab/outbound/India_Ahmedabad_Mirana_AssemblyLine_003_061.mp4,308171168,2026-06-13 17:44:59
visionlab/visionlab/outbound/India_Ahmedabad_Mirana_AssemblyLine_003_062.mp4,s3://humyn-data-partners-prod/visionlab/visionlab/outbound/India_Ahmedabad_Mirana_AssemblyLine_003_062.mp4,642382736,2026-06-13 17:44:59
visionlab/visionlab/outbound/India_Ahmedabad_Mirana_AssemblyLine_003_063.mp4,s3://humyn-data-partners-prod/visionlab/visionlab/outbound/India_Ahmedabad_Mirana_AssemblyLine_003_063.mp4,622513751,2026-06-13 17:44:59
visionlab/visionlab/outbound/India_Ahmedabad_Mirana_AssemblyLine_003_064.mp4,s3://humyn-data-partners-prod/visionlab/visionlab/outbound/India_Ahmedabad_Mirana_AssemblyLine_003_064.mp4,668327238,2026-06-13 17:45:00
visionlab/visionlab/outbound/India_Ahmedabad_Mirana_AssemblyLine_003_065.mp4,s3://humyn-data-partners-prod/visionlab/visionlab/outbound/India_Ahmedabad_Mirana_AssemblyLine_003_065.mp4,456357529,2026-06-13 17:45:00
visionlab/visionlab/outbound/India_Ahmedabad_Mirana_AssemblyLine_003_066.mp4,s3://humyn-data-partners-prod/visionlab/visionlab/outbound/India_Ahmedabad_Mirana_AssemblyLine_003_066.mp4,484209082,2026-06-13 17:45:00
visionlab/visionlab/outbound/India_Ahmedabad_Mirana_AssemblyLine_003_067.mp4,s3://humyn-data-partners-prod/visionlab/visionlab/outbound/India_Ahmedabad_Mirana_AssemblyLine_003_067.mp4,421513797,2026-06-13 17:45:00
visionlab/visionlab/outbound/India_Ahmedabad_Mirana_AssemblyLine_003_068.mp4,s3://humyn-data-partners-prod/visionlab/visionlab/outbound/India_Ahmedabad_Mirana_AssemblyLine_003_068.mp4,607679402,2026-06-13 17:45:00
visionlab/visionlab/outbound/India_Ahmedabad_Mirana_AssemblyLine_003_069.mp4,s3://humyn-data-partners-prod/visionlab/visionlab/outbound/India_Ahmedabad_Mirana_AssemblyLine_003_069.mp4,453624740,2026-06-13 17:45:01
visionlab/visionlab/outbound/India_Ahmedabad_Mirana_AssemblyLine_003_070.mp4,s3://humyn-data-partners-prod/visionlab/visionlab/outbound/India_Ahmedabad_Mirana_AssemblyLine_003_070.mp4,688436706,2026-06-13 17:45:01
visionlab/visionlab/outbound/India_Ahmedabad_Mirana_AssemblyLine_003_071.mp4,s3://humyn-data-partners-prod/visionlab/visionlab/outbound/India_Ahmedabad_Mirana_AssemblyLine_003_071.mp4,483591354,2026-06-13 17:45:02
visionlab/visionlab/outbound/India_Ahmedabad_Mirana_AssemblyLine_003_072.mp4,s3://humyn-data-partners-prod/visionlab/visionlab/outbound/India_Ahmedabad_Mirana_AssemblyLine_003_072.mp4,563585480,2026-06-13 17:45:02
visionlab/visionlab/outbound/India_Ahmedabad_Mirana_AssemblyLine_003_073.mp4,s3://humyn-data-partners-prod/visionlab/visionlab/outbound/India_Ahmedabad_Mirana_AssemblyLine_003_073.mp4,628751870,2026-06-13 17:45:02
visionlab/visionlab/outbound/India_Ahmedabad_Mirana_AssemblyLine_003_074.mp4,s3://humyn-data-partners-prod/visionlab/visionlab/outbound/India_Ahmedabad_Mirana_AssemblyLine_003_074.mp4,624985581,2026-06-13 17:45:02
visionlab/visionlab/outbound/India_Ahmedabad_Mirana_AssemblyLine_003_075.mp4,s3://humyn-data-partners-prod/visionlab/visionlab/outbound/India_Ahmedabad_Mirana_AssemblyLine_003_075.mp4,544911722,2026-06-13 17:45:04
visionlab/visionlab/outbound/India_Ahmedabad_Mirana_AssemblyLine_003_076.mp4,s3://humyn-data-partners-prod/visionlab/visionlab/outbound/India_Ahmedabad_Mirana_AssemblyLine_003_076.mp4,646390775,2026-06-13 17:45:04
visionlab/visionlab/outbound/India_Ahmedabad_Mirana_AssemblyLine_003_077.mp4,s3://humyn-data-partners-prod/visionlab/visionlab/outbound/India_Ahmedabad_Mirana_AssemblyLine_003_077.mp4,638075303,2026-06-13 17:45:04
visionlab/visionlab/outbound/India_Ahmedabad_Mirana_AssemblyLine_003_078.mp4,s3://humyn-data-partners-prod/visionlab/visionlab/outbound/India_Ahmedabad_Mirana_AssemblyLine_003_078.mp4,604990419,2026-06-13 17:45:04
visionlab/visionlab/outbound/India_Ahmedabad_Mirana_AssemblyLine_003_079.mp4,s3://humyn-data-partners-prod/visionlab/visionlab/outbound/India_Ahmedabad_Mirana_AssemblyLine_003_079.mp4,509763475,2026-06-13 17:45:04
visionlab/visionlab/outbound/India_Ahmedabad_Mirana_AssemblyLine_003_080.mp4,s3://humyn-data-partners-prod/visionlab/visionlab/outbound/India_Ahmedabad_Mirana_AssemblyLine_003_080.mp4,644891800,2026-06-13 17:45:05
visionlab/visionlab/outbound/India_Ahmedabad_Mirana_AssemblyLine_003_081.mp4,s3://humyn-data-partners-prod/visionlab/visionlab/outbound/India_Ahmedabad_Mirana_AssemblyLine_003_081.mp4,502150730,2026-06-13 17:45:05
visionlab/visionlab/outbound/India_Ahmedabad_Mirana_AssemblyLine_003_082.mp4,s3://humyn-data-partners-prod/visionlab/visionlab/outbound/India_Ahmedabad_Mirana_AssemblyLine_003_082.mp4,461759772,2026-06-13 17:45:05
visionlab/visionlab/outbound/India_Ahmedabad_Mirana_AssemblyLine_003_083.mp4,s3://humyn-data-partners-prod/visionlab/visionlab/outbound/India_Ahmedabad_Mirana_AssemblyLine_003_083.mp4,621184431,2026-06-13 17:45:05
visionlab/visionlab/outbound/India_Ahmedabad_Mirana_AssemblyLine_003_084.mp4,s3://humyn-data-partners-prod/visionlab/visionlab/outbound/India_Ahmedabad_Mirana_AssemblyLine_003_084.mp4,539142468,2026-06-13 17:45:05
visionlab/visionlab/outbound/India_Ahmedabad_Mirana_AssemblyLine_003_085.mp4,s3://humyn-data-partners-prod/visionlab/visionlab/outbound/India_Ahmedabad_Mirana_AssemblyLine_003_085.mp4,502434393,2026-06-13 17:45:07
visionlab/visionlab/outbound/India_Ahmedabad_Mirana_AssemblyLine_003_086.mp4,s3://humyn-data-partners-prod/visionlab/visionlab/outbound/India_Ahmedabad_Mirana_AssemblyLine_003_086.mp4,439942804,2026-06-13 17:45:07
visionlab/visionlab/outbound/India_Ahmedabad_Mirana_AssemblyLine_003_087.mp4,s3://humyn-data-partners-prod/visionlab/visionlab/outbound/India_Ahmedabad_Mirana_AssemblyLine_003_087.mp4,533805478,2026-06-13 17:45:07
visionlab/visionlab/outbound/India_Ahmedabad_Mirana_AssemblyLine_003_088.mp4,s3://humyn-data-partners-prod/visionlab/visionlab/outbound/India_Ahmedabad_Mirana_AssemblyLine_003_088.mp4,594340644,2026-06-13 17:45:08
visionlab/visionlab/outbound/India_Ahmedabad_Mirana_AssemblyLine_003_089.mp4,s3://humyn-data-partners-prod/visionlab/visionlab/outbound/India_Ahmedabad_Mirana_AssemblyLine_003_089.mp4,616476173,2026-06-13 17:45:08
visionlab/visionlab/outbound/India_Ahmedabad_Mirana_AssemblyLine_003_090.mp4,s3://humyn-data-partners-prod/visionlab/visionlab/outbound/India_Ahmedabad_Mirana_AssemblyLine_003_090.mp4,468935493,2026-06-13 17:45:08
visionlab/visionlab/outbound/India_Ahmedabad_Mirana_AssemblyLine_003_091.mp4,s3://humyn-data-partners-prod/visionlab/visionlab/outbound/India_Ahmedabad_Mirana_AssemblyLine_003_091.mp4,595188610,2026-06-13 17:45:08
visionlab/visionlab/outbound/India_Ahmedabad_Mirana_AssemblyLine_003_092.mp4,s3://humyn-data-partners-prod/visionlab/visionlab/outbound/India_Ahmedabad_Mirana_AssemblyLine_003_092.mp4,467255649,2026-06-13 17:45:09
visionlab/visionlab/outbound/India_Ahmedabad_Mirana_AssemblyLine_003_093.mp4,s3://humyn-data-partners-prod/visionlab/visionlab/outbound/India_Ahmedabad_Mirana_AssemblyLine_003_093.mp4,577775600,2026-06-13 17:45:09
visionlab/visionlab/outbound/India_Ahmedabad_Mirana_AssemblyLine_003_094.mp4,s3://humyn-data-partners-prod/visionlab/visionlab/outbound/India_Ahmedabad_Mirana_AssemblyLine_003_094.mp4,464476432,2026-06-13 17:45:09
visionlab/visionlab/outbound/India_Ahmedabad_Mirana_AssemblyLine_003_095.mp4,s3://humyn-data-partners-prod/visionlab/visionlab/outbound/India_Ahmedabad_Mirana_AssemblyLine_003_095.mp4,901276490,2026-06-13 17:45:10
visionlab/visionlab/outbound/India_Ahmedabad_Mirana_AssemblyLine_003_096.mp4,s3://humyn-data-partners-prod/visionlab/visionlab/outbound/India_Ahmedabad_Mirana_AssemblyLine_003_096.mp4,319271360,2026-06-13 17:45:10
visionlab/visionlab/outbound/India_Ahmedabad_Mirana_AssemblyLine_003_097.mp4,s3://humyn-data-partners-prod/visionlab/visionlab/outbound/India_Ahmedabad_Mirana_AssemblyLine_003_097.mp4,642936903,2026-06-13 17:45:10
visionlab/visionlab/outbound/India_Ahmedabad_Mirana_AssemblyLine_003_098.mp4,s3://humyn-data-partners-prod/visionlab/visionlab/outbound/India_Ahmedabad_Mirana_AssemblyLine_003_098.mp4,461210293,2026-06-13 17:45:11
visionlab/visionlab/outbound/India_Ahmedabad_Mirana_AssemblyLine_003_099.mp4,s3://humyn-data-partners-prod/visionlab/visionlab/outbound/India_Ahmedabad_Mirana_AssemblyLine_003_099.mp4,580221241,2026-06-13 17:45:11
visionlab/visionlab/outbound/India_Ahmedabad_Mirana_AssemblyLine_003_100.mp4,s3://humyn-data-partners-prod/visionlab/visionlab/outbound/India_Ahmedabad_Mirana_AssemblyLine_003_100.mp4,560735475,2026-06-13 17:45:12
visionlab/visionlab/outbound/India_Ahmedabad_Mirana_AssemblyLine_003_101.mp4,s3://humyn-data-partners-prod/visionlab/visionlab/outbound/India_Ahmedabad_Mirana_AssemblyLine_003_101.mp4,567247058,2026-06-13 17:45:12
visionlab/visionlab/outbound/India_Ahmedabad_Mirana_AssemblyLine_003_102.mp4,s3://humyn-data-partners-prod/visionlab/visionlab/outbound/India_Ahmedabad_Mirana_AssemblyLine_003_102.mp4,724464317,2026-06-13 17:45:12
visionlab/visionlab/outbound/India_Ahmedabad_Mirana_AssemblyLine_003_103.mp4,s3://humyn-data-partners-prod/visionlab/visionlab/outbound/India_Ahmedabad_Mirana_AssemblyLine_003_103.mp4,666120981,2026-06-13 17:45:13
visionlab/visionlab/outbound/India_Ahmedabad_Mirana_AssemblyLine_003_104.mp4,s3://humyn-data-partners-prod/visionlab/visionlab/outbound/India_Ahmedabad_Mirana_AssemblyLine_003_104.mp4,640077006,2026-06-13 17:45:13
visionlab/visionlab/outbound/India_Ahmedabad_Mirana_AssemblyLine_003_105.mp4,s3://humyn-data-partners-prod/visionlab/visionlab/outbound/India_Ahmedabad_Mirana_AssemblyLine_003_105.mp4,532525170,2026-06-13 17:45:13
visionlab/visionlab/outbound/India_Ahmedabad_Mirana_AssemblyLine_003_106.mp4,s3://humyn-data-partners-prod/visionlab/visionlab/outbound/India_Ahmedabad_Mirana_AssemblyLine_003_106.mp4,501923224,2026-06-13 17:45:13
visionlab/visionlab/outbound/India_Ahmedabad_Mirana_AssemblyLine_003_107.mp4,s3://humyn-data-partners-prod/visionlab/visionlab/outbound/India_Ahmedabad_Mirana_AssemblyLine_003_107.mp4,548189681,2026-06-13 17:45:14
visionlab/visionlab/outbound/India_Ahmedabad_Mirana_AssemblyLine_003_108.mp4,s3://humyn-data-partners-prod/visionlab/visionlab/outbound/India_Ahmedabad_Mirana_AssemblyLine_003_108.mp4,474070854,2026-06-13 17:45:14
visionlab/visionlab/outbound/India_Ahmedabad_Mirana_AssemblyLine_003_109.mp4,s3://humyn-data-partners-prod/visionlab/visionlab/outbound/India_Ahmedabad_Mirana_AssemblyLine_003_109.mp4,592920672,2026-06-13 17:45:15
visionlab/visionlab/outbound/India_Ahmedabad_Mirana_AssemblyLine_003_110.mp4,s3://humyn-data-partners-prod/visionlab/visionlab/outbound/India_Ahmedabad_Mirana_AssemblyLine_003_110.mp4,644383447,2026-06-13 17:45:15
visionlab/visionlab/outbound/India_Ahmedabad_Mirana_AssemblyLine_003_111.mp4,s3://humyn-data-partners-prod/visionlab/visionlab/outbound/India_Ahmedabad_Mirana_AssemblyLine_003_111.mp4,588483419,2026-06-13 17:45:15
visionlab/visionlab/outbound/India_Ahmedabad_Mirana_AssemblyLine_003_112.mp4,s3://humyn-data-partners-prod/visionlab/visionlab/outbound/India_Ahmedabad_Mirana_AssemblyLine_003_112.mp4,639508898,2026-06-13 17:45:15
visionlab/visionlab/outbound/India_Ahmedabad_Mirana_AssemblyLine_003_113.mp4,s3://humyn-data-partners-prod/visionlab/visionlab/outbound/India_Ahmedabad_Mirana_AssemblyLine_003_113.mp4,973021085,2026-06-13 17:45:16
visionlab/visionlab/outbound/India_Ahmedabad_Mirana_AssemblyLine_003_114.mp4,s3://humyn-data-partners-prod/visionlab/visionlab/outbound/India_Ahmedabad_Mirana_AssemblyLine_003_114.mp4,572630561,2026-06-13 17:45:17
visionlab/visionlab/outbound/India_Ahmedabad_Mirana_AssemblyLine_003_115.mp4,s3://humyn-data-partners-prod/visionlab/visionlab/outbound/India_Ahmedabad_Mirana_AssemblyLine_003_115.mp4,683881731,2026-06-13 17:45:17
visionlab/visionlab/outbound/India_Ahmedabad_Mirana_AssemblyLine_003_116.mp4,s3://humyn-data-partners-prod/visionlab/visionlab/outbound/India_Ahmedabad_Mirana_AssemblyLine_003_116.mp4,587667090,2026-06-13 17:45:17
visionlab/visionlab/outbound/India_Ahmedabad_Mirana_AssemblyLine_003_117.mp4,s3://humyn-data-partners-prod/visionlab/visionlab/outbound/India_Ahmedabad_Mirana_AssemblyLine_003_117.mp4,550380514,2026-06-13 17:45:17
visionlab/visionlab/outbound/India_Ahmedabad_Mirana_AssemblyLine_003_118.mp4,s3://humyn-data-partners-prod/visionlab/visionlab/outbound/India_Ahmedabad_Mirana_AssemblyLine_003_118.mp4,629867781,2026-06-13 17:45:17
visionlab/visionlab/outbound/India_Ahmedabad_Mirana_AssemblyLine_003_119.mp4,s3://humyn-data-partners-prod/visionlab/visionlab/outbound/India_Ahmedabad_Mirana_AssemblyLine_003_119.mp4,559501208,2026-06-13 17:45:17
visionlab/visionlab/outbound/India_Ahmedabad_Mirana_AssemblyLine_003_120.mp4,s3://humyn-data-partners-prod/visionlab/visionlab/outbound/India_Ahmedabad_Mirana_AssemblyLine_003_120.mp4,677089544,2026-06-13 17:45:18
visionlab/visionlab/outbound/India_Ahmedabad_Mirana_AssemblyLine_003_121.mp4,s3://humyn-data-partners-prod/visionlab/visionlab/outbound/India_Ahmedabad_Mirana_AssemblyLine_003_121.mp4,354933383,2026-06-13 17:45:18
visionlab/visionlab/outbound/India_Ahmedabad_Mirana_AssemblyLine_003_122.mp4,s3://humyn-data-partners-prod/visionlab/visionlab/outbound/India_Ahmedabad_Mirana_AssemblyLine_003_122.mp4,950429787,2026-06-13 17:45:18
visionlab/visionlab/outbound/India_Ahmedabad_Mirana_AssemblyLine_003_123.mp4,s3://humyn-data-partners-prod/visionlab/visionlab/outbound/India_Ahmedabad_Mirana_AssemblyLine_003_123.mp4,518822854,2026-06-13 17:45:19
visionlab/visionlab/outbound/India_Ahmedabad_Mirana_AssemblyLine_003_124.mp4,s3://humyn-data-partners-prod/visionlab/visionlab/outbound/India_Ahmedabad_Mirana_AssemblyLine_003_124.mp4,277806387,2026-06-13 17:45:19
visionlab/visionlab/outbound/India_Ahmedabad_Mirana_AssemblyLine_003_125.mp4,s3://humyn-data-partners-prod/visionlab/visionlab/outbound/India_Ahmedabad_Mirana_AssemblyLine_003_125.mp4,628594783,2026-06-13 17:45:19
visionlab/visionlab/outbound/India_Ahmedabad_Mirana_AssemblyLine_003_126.mp4,s3://humyn-data-partners-prod/visionlab/visionlab/outbound/India_Ahmedabad_Mirana_AssemblyLine_003_126.mp4,523002011,2026-06-13 17:45:19
visionlab/visionlab/outbound/India_Ahmedabad_Mirana_AssemblyLine_003_127.mp4,s3://humyn-data-partners-prod/visionlab/visionlab/outbound/India_Ahmedabad_Mirana_AssemblyLine_003_127.mp4,573652311,2026-06-13 17:45:21
visionlab/visionlab/outbound/India_Ahmedabad_Mirana_AssemblyLine_003_128.mp4,s3://humyn-data-partners-prod/visionlab/visionlab/outbound/India_Ahmedabad_Mirana_AssemblyLine_003_128.mp4,567150423,2026-06-13 17:45:22
visionlab/visionlab/outbound/India_Ahmedabad_Mirana_AssemblyLine_003_129.mp4,s3://humyn-data-partners-prod/visionlab/visionlab/outbound/India_Ahmedabad_Mirana_AssemblyLine_003_129.mp4,634760520,2026-06-13 17:45:22
visionlab/visionlab/outbound/India_Ahmedabad_Mirana_AssemblyLine_003_130.mp4,s3://humyn-data-partners-prod/visionlab/visionlab/outbound/India_Ahmedabad_Mirana_AssemblyLine_003_130.mp4,448944134,2026-06-13 17:45:22
visionlab/visionlab/outbound/India_Ahmedabad_Mirana_AssemblyLine_003_131.mp4,s3://humyn-data-partners-prod/visionlab/visionlab/outbound/India_Ahmedabad_Mirana_AssemblyLine_003_131.mp4,632294679,2026-06-13 17:45:24
visionlab/visionlab/outbound/India_Ahmedabad_Mirana_AssemblyLine_003_132.mp4,s3://humyn-data-partners-prod/visionlab/visionlab/outbound/India_Ahmedabad_Mirana_AssemblyLine_003_132.mp4,599914424,2026-06-13 17:45:24
visionlab/visionlab/outbound/India_Ahmedabad_Mirana_AssemblyLine_003_133.mp4,s3://humyn-data-partners-prod/visionlab/visionlab/outbound/India_Ahmedabad_Mirana_AssemblyLine_003_133.mp4,958501537,2026-06-13 17:45:24
visionlab/visionlab/outbound/India_Ahmedabad_Mirana_AssemblyLine_003_134.mp4,s3://humyn-data-partners-prod/visionlab/visionlab/outbound/India_Ahmedabad_Mirana_AssemblyLine_003_134.mp4,206233631,2026-06-13 17:45:24
visionlab/visionlab/outbound/India_Ahmedabad_Mirana_AssemblyLine_003_135.mp4,s3://humyn-data-partners-prod/visionlab/visionlab/outbound/India_Ahmedabad_Mirana_AssemblyLine_003_135.mp4,957433453,2026-06-13 17:45:24
visionlab/visionlab/outbound/India_Ahmedabad_Mirana_AssemblyLine_003_136.mp4,s3://humyn-data-partners-prod/visionlab/visionlab/outbound/India_Ahmedabad_Mirana_AssemblyLine_003_136.mp4,474337278,2026-06-13 17:45:24
visionlab/visionlab/outbound/India_Ahmedabad_Mirana_AssemblyLine_003_137.mp4,s3://humyn-data-partners-prod/visionlab/visionlab/outbound/India_Ahmedabad_Mirana_AssemblyLine_003_137.mp4,476006491,2026-06-13 17:45:24
visionlab/visionlab/outbound/India_Ahmedabad_Mirana_AssemblyLine_003_138.mp4,s3://humyn-data-partners-prod/visionlab/visionlab/outbound/India_Ahmedabad_Mirana_AssemblyLine_003_138.mp4,645673736,2026-06-13 17:45:25
visionlab/visionlab/outbound/India_Ahmedabad_Mirana_AssemblyLine_003_139.mp4,s3://humyn-data-partners-prod/visionlab/visionlab/outbound/India_Ahmedabad_Mirana_AssemblyLine_003_139.mp4,507292424,2026-06-13 17:45:27
visionlab/visionlab/outbound/India_Ahmedabad_Mirana_AssemblyLine_003_140.mp4,s3://humyn-data-partners-prod/visionlab/visionlab/outbound/India_Ahmedabad_Mirana_AssemblyLine_003_140.mp4,904242418,2026-06-13 17:45:27
visionlab/visionlab/outbound/India_Ahmedabad_Mirana_AssemblyLine_003_141.mp4,s3://humyn-data-partners-prod/visionlab/visionlab/outbound/India_Ahmedabad_Mirana_AssemblyLine_003_141.mp4,966450416,2026-06-13 17:45:28
visionlab/visionlab/outbound/India_Ahmedabad_Mirana_AssemblyLine_003_142.mp4,s3://humyn-data-partners-prod/visionlab/visionlab/outbound/India_Ahmedabad_Mirana_AssemblyLine_003_142.mp4,470989797,2026-06-13 17:45:28
visionlab/visionlab/outbound/India_Ahmedabad_Mirana_AssemblyLine_003_143.mp4,s3://humyn-data-partners-prod/visionlab/visionlab/outbound/India_Ahmedabad_Mirana_AssemblyLine_003_143.mp4,732462075,2026-06-13 17:45:28
visionlab/visionlab/outbound/India_Ahmedabad_Mirana_AssemblyLine_003_144.mp4,s3://humyn-data-partners-prod/visionlab/visionlab/outbound/India_Ahmedabad_Mirana_AssemblyLine_003_144.mp4,535026945,2026-06-13 17:45:28
visionlab/visionlab/outbound/India_Ahmedabad_Mirana_AssemblyLine_003_145.mp4,s3://humyn-data-partners-prod/visionlab/visionlab/outbound/India_Ahmedabad_Mirana_AssemblyLine_003_145.mp4,440740714,2026-06-13 17:45:28
visionlab/visionlab/outbound/India_Ahmedabad_Mirana_AssemblyLine_003_146.mp4,s3://humyn-data-partners-prod/visionlab/visionlab/outbound/India_Ahmedabad_Mirana_AssemblyLine_003_146.mp4,494644845,2026-06-13 17:45:28
visionlab/visionlab/outbound/India_Ahmedabad_Mirana_AssemblyLine_003_147.mp4,s3://humyn-data-partners-prod/visionlab/visionlab/outbound/India_Ahmedabad_Mirana_AssemblyLine_003_147.mp4,492965848,2026-06-13 17:45:29
visionlab/visionlab/outbound/India_Ahmedabad_Mirana_AssemblyLine_003_148.mp4,s3://humyn-data-partners-prod/visionlab/visionlab/outbound/India_Ahmedabad_Mirana_AssemblyLine_003_148.mp4,479961145,2026-06-13 17:45:29
visionlab/visionlab/outbound/India_Ahmedabad_Mirana_AssemblyLine_003_149.mp4,s3://humyn-data-partners-prod/visionlab/visionlab/outbound/India_Ahmedabad_Mirana_AssemblyLine_003_149.mp4,593376796,2026-06-13 17:45:29
visionlab/visionlab/outbound/India_Ahmedabad_Mirana_AssemblyLine_003_150.mp4,s3://humyn-data-partners-prod/visionlab/visionlab/outbound/India_Ahmedabad_Mirana_AssemblyLine_003_150.mp4,598720247,2026-06-13 17:45:29
visionlab/visionlab/outbound/India_Ahmedabad_Mirana_AssemblyLine_003_151.mp4,s3://humyn-data-partners-prod/visionlab/visionlab/outbound/India_Ahmedabad_Mirana_AssemblyLine_003_151.mp4,430798316,2026-06-13 17:45:29
visionlab/visionlab/outbound/India_Ahmedabad_Mirana_AssemblyLine_003_152.mp4,s3://humyn-data-partners-prod/visionlab/visionlab/outbound/India_Ahmedabad_Mirana_AssemblyLine_003_152.mp4,593073052,2026-06-13 17:45:29
visionlab/visionlab/outbound/India_Ahmedabad_Mirana_AssemblyLine_003_153.mp4,s3://humyn-data-partners-prod/visionlab/visionlab/outbound/India_Ahmedabad_Mirana_AssemblyLine_003_153.mp4,362740127,2026-06-13 17:45:29
visionlab/visionlab/outbound/India_Ahmedabad_Mirana_AssemblyLine_003_154.mp4,s3://humyn-data-partners-prod/visionlab/visionlab/outbound/India_Ahmedabad_Mirana_AssemblyLine_003_154.mp4,878453933,2026-06-13 17:45:29
visionlab/visionlab/outbound/India_Ahmedabad_Mirana_AssemblyLine_003_155.mp4,s3://humyn-data-partners-prod/visionlab/visionlab/outbound/India_Ahmedabad_Mirana_AssemblyLine_003_155.mp4,691077209,2026-06-13 17:45:30
visionlab/visionlab/outbound/India_Ahmedabad_Mirana_AssemblyLine_003_156.mp4,s3://humyn-data-partners-prod/visionlab/visionlab/outbound/India_Ahmedabad_Mirana_AssemblyLine_003_156.mp4,595381172,2026-06-13 17:45:31
visionlab/visionlab/outbound/India_Ahmedabad_Mirana_AssemblyLine_003_157.mp4,s3://humyn-data-partners-prod/visionlab/visionlab/outbound/India_Ahmedabad_Mirana_AssemblyLine_003_157.mp4,657958730,2026-06-13 17:45:31
visionlab/visionlab/outbound/India_Ahmedabad_Mirana_AssemblyLine_003_158.mp4,s3://humyn-data-partners-prod/visionlab/visionlab/outbound/India_Ahmedabad_Mirana_AssemblyLine_003_158.mp4,502301711,2026-06-13 17:45:31
visionlab/visionlab/outbound/India_Ahmedabad_Mirana_AssemblyLine_003_159.mp4,s3://humyn-data-partners-prod/visionlab/visionlab/outbound/India_Ahmedabad_Mirana_AssemblyLine_003_159.mp4,524565641,2026-06-13 17:45:32
visionlab/visionlab/outbound/India_Ahmedabad_Mirana_AssemblyLine_003_160.mp4,s3://humyn-data-partners-prod/visionlab/visionlab/outbound/India_Ahmedabad_Mirana_AssemblyLine_003_160.mp4,610815907,2026-06-13 17:45:32
visionlab/visionlab/outbound/India_Ahmedabad_Mirana_AssemblyLine_003_161.mp4,s3://humyn-data-partners-prod/visionlab/visionlab/outbound/India_Ahmedabad_Mirana_AssemblyLine_003_161.mp4,586905874,2026-06-13 17:45:33
visionlab/visionlab/outbound/India_Ahmedabad_Mirana_AssemblyLine_003_162.mp4,s3://humyn-data-partners-prod/visionlab/visionlab/outbound/India_Ahmedabad_Mirana_AssemblyLine_003_162.mp4,600404013,2026-06-13 17:45:33
visionlab/visionlab/outbound/India_Ahmedabad_Mirana_AssemblyLine_003_163.mp4,s3://humyn-data-partners-prod/visionlab/visionlab/outbound/India_Ahmedabad_Mirana_AssemblyLine_003_163.mp4,483974678,2026-06-13 17:45:34
visionlab/visionlab/outbound/India_Ahmedabad_Mirana_AssemblyLine_003_164.mp4,s3://humyn-data-partners-prod/visionlab/visionlab/outbound/India_Ahmedabad_Mirana_AssemblyLine_003_164.mp4,522776003,2026-06-13 17:45:35
visionlab/visionlab/outbound/India_Ahmedabad_Mirana_AssemblyLine_003_165.mp4,s3://humyn-data-partners-prod/visionlab/visionlab/outbound/India_Ahmedabad_Mirana_AssemblyLine_003_165.mp4,554129453,2026-06-13 17:45:35
visionlab/visionlab/outbound/India_Ahmedabad_Mirana_AssemblyLine_003_166.mp4,s3://humyn-data-partners-prod/visionlab/visionlab/outbound/India_Ahmedabad_Mirana_AssemblyLine_003_166.mp4,493258724,2026-06-13 17:45:36
visionlab/visionlab/outbound/India_Ahmedabad_Mirana_AssemblyLine_003_167.mp4,s3://humyn-data-partners-prod/visionlab/visionlab/outbound/India_Ahmedabad_Mirana_AssemblyLine_003_167.mp4,640530878,2026-06-13 17:45:36
visionlab/visionlab/outbound/India_Ahmedabad_Mirana_AssemblyLine_003_168.mp4,s3://humyn-data-partners-prod/visionlab/visionlab/outbound/India_Ahmedabad_Mirana_AssemblyLine_003_168.mp4,535556285,2026-06-13 17:45:36
visionlab/visionlab/outbound/India_Ahmedabad_Mirana_AssemblyLine_003_169.mp4,s3://humyn-data-partners-prod/visionlab/visionlab/outbound/India_Ahmedabad_Mirana_AssemblyLine_003_169.mp4,738960705,2026-06-13 17:45:36
visionlab/visionlab/outbound/India_Ahmedabad_Mirana_AssemblyLine_003_170.mp4,s3://humyn-data-partners-prod/visionlab/visionlab/outbound/India_Ahmedabad_Mirana_AssemblyLine_003_170.mp4,536928638,2026-06-13 17:45:37
visionlab/visionlab/outbound/India_Ahmedabad_Mirana_AssemblyLine_003_171.mp4,s3://humyn-data-partners-prod/visionlab/visionlab/outbound/India_Ahmedabad_Mirana_AssemblyLine_003_171.mp4,564385024,2026-06-13 17:45:37
visionlab/visionlab/outbound/India_Ahmedabad_Mirana_AssemblyLine_003_172.mp4,s3://humyn-data-partners-prod/visionlab/visionlab/outbound/India_Ahmedabad_Mirana_AssemblyLine_003_172.mp4,535541470,2026-06-13 17:45:37
visionlab/visionlab/outbound/India_Ahmedabad_Mirana_AssemblyLine_003_173.mp4,s3://humyn-data-partners-prod/visionlab/visionlab/outbound/India_Ahmedabad_Mirana_AssemblyLine_003_173.mp4,480199374,2026-06-13 17:45:38
visionlab/visionlab/outbound/India_Ahmedabad_Mirana_AssemblyLine_003_174.mp4,s3://humyn-data-partners-prod/visionlab/visionlab/outbound/India_Ahmedabad_Mirana_AssemblyLine_003_174.mp4,1014455117,2026-06-13 17:45:39
visionlab/visionlab/outbound/India_Ahmedabad_Mirana_AssemblyLine_003_175.mp4,s3://humyn-data-partners-prod/visionlab/visionlab/outbound/India_Ahmedabad_Mirana_AssemblyLine_003_175.mp4,264101787,2026-06-13 17:45:39
visionlab/visionlab/outbound/India_Ahmedabad_Mirana_AssemblyLine_003_176.mp4,s3://humyn-data-partners-prod/visionlab/visionlab/outbound/India_Ahmedabad_Mirana_AssemblyLine_003_176.mp4,571723537,2026-06-13 17:45:39
visionlab/visionlab/outbound/India_Ahmedabad_Mirana_AssemblyLine_003_177.mp4,s3://humyn-data-partners-prod/visionlab/visionlab/outbound/India_Ahmedabad_Mirana_AssemblyLine_003_177.mp4,662763100,2026-06-13 17:45:39
visionlab/visionlab/outbound/India_Ahmedabad_Mirana_AssemblyLine_003_178.mp4,s3://humyn-data-partners-prod/visionlab/visionlab/outbound/India_Ahmedabad_Mirana_AssemblyLine_003_178.mp4,736231642,2026-06-13 17:45:40
visionlab/visionlab/outbound/India_Ahmedabad_Mirana_AssemblyLine_003_179.mp4,s3://humyn-data-partners-prod/visionlab/visionlab/outbound/India_Ahmedabad_Mirana_AssemblyLine_003_179.mp4,544514360,2026-06-13 17:45:41
visionlab/visionlab/outbound/India_Ahmedabad_Mirana_AssemblyLine_003_180.mp4,s3://humyn-data-partners-prod/visionlab/visionlab/outbound/India_Ahmedabad_Mirana_AssemblyLine_003_180.mp4,564960321,2026-06-13 17:45:41
visionlab/visionlab/outbound/India_Ahmedabad_Mirana_AssemblyLine_003_181.mp4,s3://humyn-data-partners-prod/visionlab/visionlab/outbound/India_Ahmedabad_Mirana_AssemblyLine_003_181.mp4,469040354,2026-06-13 17:45:41
visionlab/visionlab/outbound/India_Ahmedabad_Mirana_AssemblyLine_003_182.mp4,s3://humyn-data-partners-prod/visionlab/visionlab/outbound/India_Ahmedabad_Mirana_AssemblyLine_003_182.mp4,604618005,2026-06-13 17:45:42
visionlab/visionlab/outbound/India_Ahmedabad_Mirana_AssemblyLine_003_183.mp4,s3://humyn-data-partners-prod/visionlab/visionlab/outbound/India_Ahmedabad_Mirana_AssemblyLine_003_183.mp4,593785274,2026-06-13 17:45:42
visionlab/visionlab/outbound/India_Ahmedabad_Mirana_AssemblyLine_003_184.mp4,s3://humyn-data-partners-prod/visionlab/visionlab/outbound/India_Ahmedabad_Mirana_AssemblyLine_003_184.mp4,762570979,2026-06-13 17:45:43
visionlab/visionlab/outbound/India_Ahmedabad_Mirana_AssemblyLine_003_185.mp4,s3://humyn-data-partners-prod/visionlab/visionlab/outbound/India_Ahmedabad_Mirana_AssemblyLine_003_185.mp4,417905519,2026-06-13 17:45:43
visionlab/visionlab/outbound/India_Ahmedabad_Mirana_AssemblyLine_003_186.mp4,s3://humyn-data-partners-prod/visionlab/visionlab/outbound/India_Ahmedabad_Mirana_AssemblyLine_003_186.mp4,552095929,2026-06-13 17:45:43
visionlab/visionlab/outbound/India_Ahmedabad_Mirana_AssemblyLine_003_187.mp4,s3://humyn-data-partners-prod/visionlab/visionlab/outbound/India_Ahmedabad_Mirana_AssemblyLine_003_187.mp4,541248090,2026-06-13 17:45:43
visionlab/visionlab/outbound/India_Ahmedabad_Mirana_AssemblyLine_003_188.mp4,s3://humyn-data-partners-prod/visionlab/visionlab/outbound/India_Ahmedabad_Mirana_AssemblyLine_003_188.mp4,618157865,2026-06-13 17:45:43
visionlab/visionlab/outbound/India_Ahmedabad_Mirana_AssemblyLine_003_189.mp4,s3://humyn-data-partners-prod/visionlab/visionlab/outbound/India_Ahmedabad_Mirana_AssemblyLine_003_189.mp4,532194799,2026-06-13 17:45:44
visionlab/visionlab/outbound/India_Ahmedabad_Mirana_AssemblyLine_003_190.mp4,s3://humyn-data-partners-prod/visionlab/visionlab/outbound/India_Ahmedabad_Mirana_AssemblyLine_003_190.mp4,592402667,2026-06-13 17:45:45
visionlab/visionlab/outbound/India_Ahmedabad_Mirana_AssemblyLine_003_191.mp4,s3://humyn-data-partners-prod/visionlab/visionlab/outbound/India_Ahmedabad_Mirana_AssemblyLine_003_191.mp4,577245118,2026-06-13 17:45:45
visionlab/visionlab/outbound/India_Ahmedabad_Mirana_AssemblyLine_003_192.mp4,s3://humyn-data-partners-prod/visionlab/visionlab/outbound/India_Ahmedabad_Mirana_AssemblyLine_003_192.mp4,517258090,2026-06-13 17:45:45
visionlab/visionlab/outbound/India_Ahmedabad_Mirana_AssemblyLine_003_193.mp4,s3://humyn-data-partners-prod/visionlab/visionlab/outbound/India_Ahmedabad_Mirana_AssemblyLine_003_193.mp4,548890240,2026-06-13 17:45:45
visionlab/visionlab/outbound/India_Ahmedabad_Mirana_AssemblyLine_003_194.mp4,s3://humyn-data-partners-prod/visionlab/visionlab/outbound/India_Ahmedabad_Mirana_AssemblyLine_003_194.mp4,370101911,2026-06-13 17:45:45
visionlab/visionlab/outbound/India_Ahmedabad_Mirana_AssemblyLine_003_195.mp4,s3://humyn-data-partners-prod/visionlab/visionlab/outbound/India_Ahmedabad_Mirana_AssemblyLine_003_195.mp4,613629398,2026-06-13 17:45:46
visionlab/visionlab/outbound/India_Ahmedabad_Mirana_AssemblyLine_003_196.mp4,s3://humyn-data-partners-prod/visionlab/visionlab/outbound/India_Ahmedabad_Mirana_AssemblyLine_003_196.mp4,460489484,2026-06-13 17:45:46
visionlab/visionlab/outbound/India_Ahmedabad_Mirana_AssemblyLine_003_197.mp4,s3://humyn-data-partners-prod/visionlab/visionlab/outbound/India_Ahmedabad_Mirana_AssemblyLine_003_197.mp4,594403791,2026-06-13 17:45:46
visionlab/visionlab/outbound/India_Ahmedabad_Mirana_AssemblyLine_003_198.mp4,s3://humyn-data-partners-prod/visionlab/visionlab/outbound/India_Ahmedabad_Mirana_AssemblyLine_003_198.mp4,585637652,2026-06-13 17:45:46
visionlab/visionlab/outbound/India_Ahmedabad_Mirana_AssemblyLine_003_199.mp4,s3://humyn-data-partners-prod/visionlab/visionlab/outbound/India_Ahmedabad_Mirana_AssemblyLine_003_199.mp4,474405269,2026-06-13 17:45:47
visionlab/visionlab/outbound/India_Ahmedabad_Mirana_AssemblyLine_003_200.mp4,s3://humyn-data-partners-prod/visionlab/visionlab/outbound/India_Ahmedabad_Mirana_AssemblyLine_003_200.mp4,479665476,2026-06-13 17:45:48
visionlab/visionlab/outbound/India_Ahmedabad_Mirana_AssemblyLine_003_201.mp4,s3://humyn-data-partners-prod/visionlab/visionlab/outbound/India_Ahmedabad_Mirana_AssemblyLine_003_201.mp4,680766177,2026-06-13 17:45:48
visionlab/visionlab/outbound/India_Ahmedabad_Mirana_AssemblyLine_003_202.mp4,s3://humyn-data-partners-prod/visionlab/visionlab/outbound/India_Ahmedabad_Mirana_AssemblyLine_003_202.mp4,583368843,2026-06-13 17:45:49
visionlab/visionlab/outbound/India_Ahmedabad_Mirana_AssemblyLine_003_203.mp4,s3://humyn-data-partners-prod/visionlab/visionlab/outbound/India_Ahmedabad_Mirana_AssemblyLine_003_203.mp4,625289692,2026-06-13 17:45:49
visionlab/visionlab/outbound/India_Ahmedabad_Mirana_AssemblyLine_003_204.mp4,s3://humyn-data-partners-prod/visionlab/visionlab/outbound/India_Ahmedabad_Mirana_AssemblyLine_003_204.mp4,621591884,2026-06-13 17:45:49
visionlab/visionlab/outbound/India_Ahmedabad_Mirana_AssemblyLine_003_205.mp4,s3://humyn-data-partners-prod/visionlab/visionlab/outbound/India_Ahmedabad_Mirana_AssemblyLine_003_205.mp4,650654401,2026-06-13 17:45:49
visionlab/visionlab/outbound/India_Ahmedabad_Mirana_AssemblyLine_003_206.mp4,s3://humyn-data-partners-prod/visionlab/visionlab/outbound/India_Ahmedabad_Mirana_AssemblyLine_003_206.mp4,556710221,2026-06-13 17:45:50
visionlab/visionlab/outbound/India_Ahmedabad_Mirana_AssemblyLine_003_207.mp4,s3://humyn-data-partners-prod/visionlab/visionlab/outbound/India_Ahmedabad_Mirana_AssemblyLine_003_207.mp4,583218385,2026-06-13 17:45:51
visionlab/visionlab/outbound/India_Ahmedabad_Mirana_AssemblyLine_003_208.mp4,s3://humyn-data-partners-prod/visionlab/visionlab/outbound/India_Ahmedabad_Mirana_AssemblyLine_003_208.mp4,599544765,2026-06-13 17:45:52
visionlab/visionlab/outbound/India_Ahmedabad_Mirana_AssemblyLine_003_209.mp4,s3://humyn-data-partners-prod/visionlab/visionlab/outbound/India_Ahmedabad_Mirana_AssemblyLine_003_209.mp4,649489742,2026-06-13 17:45:52
visionlab/visionlab/outbound/India_Ahmedabad_Mirana_AssemblyLine_003_210.mp4,s3://humyn-data-partners-prod/visionlab/visionlab/outbound/India_Ahmedabad_Mirana_AssemblyLine_003_210.mp4,650690983,2026-06-13 17:45:52
visionlab/visionlab/outbound/India_Ahmedabad_Mirana_AssemblyLine_003_211.mp4,s3://humyn-data-partners-prod/visionlab/visionlab/outbound/India_Ahmedabad_Mirana_AssemblyLine_003_211.mp4,627552613,2026-06-13 17:45:53
visionlab/visionlab/outbound/India_Ahmedabad_Mirana_AssemblyLine_003_212.mp4,s3://humyn-data-partners-prod/visionlab/visionlab/outbound/India_Ahmedabad_Mirana_AssemblyLine_003_212.mp4,274092905,2026-06-13 17:45:53
visionlab/visionlab/outbound/India_Ahmedabad_Mirana_AssemblyLine_003_213.mp4,s3://humyn-data-partners-prod/visionlab/visionlab/outbound/India_Ahmedabad_Mirana_AssemblyLine_003_213.mp4,349314877,2026-06-13 17:45:53
visionlab/visionlab/outbound/India_Ahmedabad_Mirana_AssemblyLine_003_214.mp4,s3://humyn-data-partners-prod/visionlab/visionlab/outbound/India_Ahmedabad_Mirana_AssemblyLine_003_214.mp4,852506798,2026-06-13 17:45:53
visionlab/visionlab/outbound/India_Ahmedabad_Mirana_AssemblyLine_003_215.mp4,s3://humyn-data-partners-prod/visionlab/visionlab/outbound/India_Ahmedabad_Mirana_AssemblyLine_003_215.mp4,458627073,2026-06-13 17:45:53
visionlab/visionlab/outbound/India_Ahmedabad_Mirana_AssemblyLine_003_216.mp4,s3://humyn-data-partners-prod/visionlab/visionlab/outbound/India_Ahmedabad_Mirana_AssemblyLine_003_216.mp4,583845825,2026-06-13 17:45:54
visionlab/visionlab/outbound/India_Ahmedabad_Mirana_AssemblyLine_003_217.mp4,s3://humyn-data-partners-prod/visionlab/visionlab/outbound/India_Ahmedabad_Mirana_AssemblyLine_003_217.mp4,698572437,2026-06-13 17:45:54
visionlab/visionlab/outbound/India_Ahmedabad_Mirana_AssemblyLine_003_218.mp4,s3://humyn-data-partners-prod/visionlab/visionlab/outbound/India_Ahmedabad_Mirana_AssemblyLine_003_218.mp4,647173800,2026-06-13 17:45:55
visionlab/visionlab/outbound/India_Ahmedabad_Mirana_AssemblyLine_003_219.mp4,s3://humyn-data-partners-prod/visionlab/visionlab/outbound/India_Ahmedabad_Mirana_AssemblyLine_003_219.mp4,567944907,2026-06-13 17:45:55
visionlab/visionlab/outbound/India_Ahmedabad_Mirana_AssemblyLine_003_220.mp4,s3://humyn-data-partners-prod/visionlab/visionlab/outbound/India_Ahmedabad_Mirana_AssemblyLine_003_220.mp4,630479895,2026-06-13 17:45:55
visionlab/visionlab/outbound/India_Ahmedabad_Mirana_AssemblyLine_003_221.mp4,s3://humyn-data-partners-prod/visionlab/visionlab/outbound/India_Ahmedabad_Mirana_AssemblyLine_003_221.mp4,576143971,2026-06-13 17:45:56
visionlab/visionlab/outbound/India_Ahmedabad_Mirana_AssemblyLine_003_222.mp4,s3://humyn-data-partners-prod/visionlab/visionlab/outbound/India_Ahmedabad_Mirana_AssemblyLine_003_222.mp4,587454707,2026-06-13 17:45:56
visionlab/visionlab/outbound/India_Ahmedabad_Mirana_AssemblyLine_003_223.mp4,s3://humyn-data-partners-prod/visionlab/visionlab/outbound/India_Ahmedabad_Mirana_AssemblyLine_003_223.mp4,558307615,2026-06-13 17:45:56
visionlab/visionlab/outbound/India_Ahmedabad_Mirana_AssemblyLine_003_224.mp4,s3://humyn-data-partners-prod/visionlab/visionlab/outbound/India_Ahmedabad_Mirana_AssemblyLine_003_224.mp4,200398164,2026-06-13 17:45:56
visionlab/visionlab/outbound/India_Ahmedabad_Mirana_AssemblyLine_003_225.mp4,s3://humyn-data-partners-prod/visionlab/visionlab/outbound/India_Ahmedabad_Mirana_AssemblyLine_003_225.mp4,503897630,2026-06-13 17:45:57
visionlab/visionlab/outbound/India_Ahmedabad_Mirana_AssemblyLine_003_226.mp4,s3://humyn-data-partners-prod/visionlab/visionlab/outbound/India_Ahmedabad_Mirana_AssemblyLine_003_226.mp4,638446765,2026-06-13 17:45:57
visionlab/visionlab/outbound/India_Ahmedabad_Mirana_AssemblyLine_003_227.mp4,s3://humyn-data-partners-prod/visionlab/visionlab/outbound/India_Ahmedabad_Mirana_AssemblyLine_003_227.mp4,615040805,2026-06-13 17:45:57
visionlab/visionlab/outbound/India_Ahmedabad_Mirana_AssemblyLine_003_228.mp4,s3://humyn-data-partners-prod/visionlab/visionlab/outbound/India_Ahmedabad_Mirana_AssemblyLine_003_228.mp4,541105415,2026-06-13 17:45:58
visionlab/visionlab/outbound/India_Ahmedabad_Mirana_AssemblyLine_003_229.mp4,s3://humyn-data-partners-prod/visionlab/visionlab/outbound/India_Ahmedabad_Mirana_AssemblyLine_003_229.mp4,558248880,2026-06-13 17:45:58
visionlab/visionlab/outbound/India_Ahmedabad_Mirana_AssemblyLine_003_230.mp4,s3://humyn-data-partners-prod/visionlab/visionlab/outbound/India_Ahmedabad_Mirana_AssemblyLine_003_230.mp4,196585063,2026-06-13 17:45:59
visionlab/visionlab/outbound/India_Ahmedabad_Mirana_AssemblyLine_003_231.mp4,s3://humyn-data-partners-prod/visionlab/visionlab/outbound/India_Ahmedabad_Mirana_AssemblyLine_003_231.mp4,484940322,2026-06-13 17:45:59
visionlab/visionlab/outbound/India_Ahmedabad_Mirana_AssemblyLine_003_232.mp4,s3://humyn-data-partners-prod/visionlab/visionlab/outbound/India_Ahmedabad_Mirana_AssemblyLine_003_232.mp4,609141717,2026-06-13 17:45:59
visionlab/visionlab/outbound/India_Ahmedabad_Mirana_AssemblyLine_003_233.mp4,s3://humyn-data-partners-prod/visionlab/visionlab/outbound/India_Ahmedabad_Mirana_AssemblyLine_003_233.mp4,534977742,2026-06-13 17:45:59
visionlab/visionlab/outbound/India_Ahmedabad_Mirana_AssemblyLine_003_234.mp4,s3://humyn-data-partners-prod/visionlab/visionlab/outbound/India_Ahmedabad_Mirana_AssemblyLine_003_234.mp4,245079541,2026-06-13 17:45:59
visionlab/visionlab/outbound/India_Ahmedabad_Mirana_AssemblyLine_003_235.mp4,s3://humyn-data-partners-prod/visionlab/visionlab/outbound/India_Ahmedabad_Mirana_AssemblyLine_003_235.mp4,579394682,2026-06-13 17:46:00
visionlab/visionlab/outbound/India_Ahmedabad_Mirana_AssemblyLine_003_236.mp4,s3://humyn-data-partners-prod/visionlab/visionlab/outbound/India_Ahmedabad_Mirana_AssemblyLine_003_236.mp4,463934540,2026-06-13 17:46:00
visionlab/visionlab/outbound/India_Ahmedabad_Mirana_AssemblyLine_003_237.mp4,s3://humyn-data-partners-prod/visionlab/visionlab/outbound/India_Ahmedabad_Mirana_AssemblyLine_003_237.mp4,536145022,2026-06-13 17:46:00
visionlab/visionlab/outbound/India_Ahmedabad_Mirana_AssemblyLine_003_238.mp4,s3://humyn-data-partners-prod/visionlab/visionlab/outbound/India_Ahmedabad_Mirana_AssemblyLine_003_238.mp4,515377153,2026-06-13 17:46:00
visionlab/visionlab/outbound/India_Ahmedabad_Mirana_AssemblyLine_003_239.mp4,s3://humyn-data-partners-prod/visionlab/visionlab/outbound/India_Ahmedabad_Mirana_AssemblyLine_003_239.mp4,552855406,2026-06-13 17:46:00
visionlab/visionlab/outbound/India_Ahmedabad_Mirana_AssemblyLine_003_240.mp4,s3://humyn-data-partners-prod/visionlab/visionlab/outbound/India_Ahmedabad_Mirana_AssemblyLine_003_240.mp4,538008145,2026-06-13 17:46:00
visionlab/visionlab/outbound/India_Ahmedabad_Mirana_AssemblyLine_003_241.mp4,s3://humyn-data-partners-prod/visionlab/visionlab/outbound/India_Ahmedabad_Mirana_AssemblyLine_003_241.mp4,549460915,2026-06-13 17:46:01
visionlab/visionlab/outbound/India_Ahmedabad_Mirana_AssemblyLine_003_242.mp4,s3://humyn-data-partners-prod/visionlab/visionlab/outbound/India_Ahmedabad_Mirana_AssemblyLine_003_242.mp4,656036813,2026-06-13 17:46:01
visionlab/visionlab/outbound/India_Ahmedabad_Mirana_AssemblyLine_003_243.mp4,s3://humyn-data-partners-prod/visionlab/visionlab/outbound/India_Ahmedabad_Mirana_AssemblyLine_003_243.mp4,492925713,2026-06-13 17:46:02
visionlab/visionlab/outbound/India_Ahmedabad_Mirana_AssemblyLine_003_244.mp4,s3://humyn-data-partners-prod/visionlab/visionlab/outbound/India_Ahmedabad_Mirana_AssemblyLine_003_244.mp4,518619847,2026-06-13 17:46:03
visionlab/visionlab/outbound/India_Ahmedabad_Mirana_AssemblyLine_003_245.mp4,s3://humyn-data-partners-prod/visionlab/visionlab/outbound/India_Ahmedabad_Mirana_AssemblyLine_003_245.mp4,671410756,2026-06-13 17:46:04
visionlab/visionlab/outbound/India_Ahmedabad_Mirana_AssemblyLine_003_246.mp4,s3://humyn-data-partners-prod/visionlab/visionlab/outbound/India_Ahmedabad_Mirana_AssemblyLine_003_246.mp4,642343966,2026-06-13 17:46:04
visionlab/visionlab/outbound/India_Ahmedabad_Mirana_AssemblyLine_003_247.mp4,s3://humyn-data-partners-prod/visionlab/visionlab/outbound/India_Ahmedabad_Mirana_AssemblyLine_003_247.mp4,486645777,2026-06-13 17:46:05
visionlab/visionlab/outbound/India_Ahmedabad_Mirana_AssemblyLine_003_248.mp4,s3://humyn-data-partners-prod/visionlab/visionlab/outbound/India_Ahmedabad_Mirana_AssemblyLine_003_248.mp4,442055557,2026-06-13 17:46:06
visionlab/visionlab/outbound/India_Ahmedabad_Mirana_AssemblyLine_003_249.mp4,s3://humyn-data-partners-prod/visionlab/visionlab/outbound/India_Ahmedabad_Mirana_AssemblyLine_003_249.mp4,509896220,2026-06-13 17:46:06
visionlab/visionlab/outbound/India_Ahmedabad_Mirana_AssemblyLine_003_250.mp4,s3://humyn-data-partners-prod/visionlab/visionlab/outbound/India_Ahmedabad_Mirana_AssemblyLine_003_250.mp4,567860583,2026-06-13 17:46:06
visionlab/visionlab/outbound/India_Ahmedabad_Mirana_AssemblyLine_003_251.mp4,s3://humyn-data-partners-prod/visionlab/visionlab/outbound/India_Ahmedabad_Mirana_AssemblyLine_003_251.mp4,500247098,2026-06-13 17:46:06
visionlab/visionlab/outbound/India_Ahmedabad_Mirana_AssemblyLine_003_252.mp4,s3://humyn-data-partners-prod/visionlab/visionlab/outbound/India_Ahmedabad_Mirana_AssemblyLine_003_252.mp4,578110842,2026-06-13 17:46:06
visionlab/visionlab/outbound/India_Ahmedabad_Mirana_AssemblyLine_003_253.mp4,s3://humyn-data-partners-prod/visionlab/visionlab/outbound/India_Ahmedabad_Mirana_AssemblyLine_003_253.mp4,623382139,2026-06-13 17:46:06
visionlab/visionlab/outbound/India_Ahmedabad_Mirana_AssemblyLine_003_254.mp4,s3://humyn-data-partners-prod/visionlab/visionlab/outbound/India_Ahmedabad_Mirana_AssemblyLine_003_254.mp4,447845743,2026-06-13 17:46:06
visionlab/visionlab/outbound/India_Ahmedabad_Mirana_AssemblyLine_003_255.mp4,s3://humyn-data-partners-prod/visionlab/visionlab/outbound/India_Ahmedabad_Mirana_AssemblyLine_003_255.mp4,610068078,2026-06-13 17:46:06
visionlab/visionlab/outbound/India_Ahmedabad_Mirana_AssemblyLine_003_256.mp4,s3://humyn-data-partners-prod/visionlab/visionlab/outbound/India_Ahmedabad_Mirana_AssemblyLine_003_256.mp4,601898514,2026-06-13 17:46:06
visionlab/visionlab/outbound/India_Ahmedabad_Mirana_AssemblyLine_003_257.mp4,s3://humyn-data-partners-prod/visionlab/visionlab/outbound/India_Ahmedabad_Mirana_AssemblyLine_003_257.mp4,514103043,2026-06-13 17:46:07
visionlab/visionlab/outbound/India_Ahmedabad_Mirana_AssemblyLine_003_258.mp4,s3://humyn-data-partners-prod/visionlab/visionlab/outbound/India_Ahmedabad_Mirana_AssemblyLine_003_258.mp4,651012685,2026-06-13 17:46:07
visionlab/visionlab/outbound/India_Ahmedabad_Mirana_AssemblyLine_003_259.mp4,s3://humyn-data-partners-prod/visionlab/visionlab/outbound/India_Ahmedabad_Mirana_AssemblyLine_003_259.mp4,582490843,2026-06-13 17:46:08
visionlab/visionlab/outbound/India_Ahmedabad_Mirana_AssemblyLine_003_260.mp4,s3://humyn-data-partners-prod/visionlab/visionlab/outbound/India_Ahmedabad_Mirana_AssemblyLine_003_260.mp4,637607316,2026-06-13 17:46:08
visionlab/visionlab/outbound/India_Ahmedabad_Mirana_AssemblyLine_003_261.mp4,s3://humyn-data-partners-prod/visionlab/visionlab/outbound/India_Ahmedabad_Mirana_AssemblyLine_003_261.mp4,501510752,2026-06-13 17:46:08
visionlab/visionlab/outbound/India_Ahmedabad_Mirana_AssemblyLine_003_262.mp4,s3://humyn-data-partners-prod/visionlab/visionlab/outbound/India_Ahmedabad_Mirana_AssemblyLine_003_262.mp4,654469823,2026-06-13 17:46:08
visionlab/visionlab/outbound/India_Ahmedabad_Mirana_AssemblyLine_003_263.mp4,s3://humyn-data-partners-prod/visionlab/visionlab/outbound/India_Ahmedabad_Mirana_AssemblyLine_003_263.mp4,546916042,2026-06-13 17:46:08
visionlab/visionlab/outbound/India_Ahmedabad_Mirana_AssemblyLine_003_264.mp4,s3://humyn-data-partners-prod/visionlab/visionlab/outbound/India_Ahmedabad_Mirana_AssemblyLine_003_264.mp4,502662186,2026-06-13 17:46:08
visionlab/visionlab/outbound/India_Ahmedabad_Mirana_AssemblyLine_003_265.mp4,s3://humyn-data-partners-prod/visionlab/visionlab/outbound/India_Ahmedabad_Mirana_AssemblyLine_003_265.mp4,476101601,2026-06-13 17:46:09
visionlab/visionlab/outbound/India_Ahmedabad_Mirana_AssemblyLine_003_266.mp4,s3://humyn-data-partners-prod/visionlab/visionlab/outbound/India_Ahmedabad_Mirana_AssemblyLine_003_266.mp4,628647716,2026-06-13 17:46:10
visionlab/visionlab/outbound/India_Ahmedabad_Mirana_AssemblyLine_003_267.mp4,s3://humyn-data-partners-prod/visionlab/visionlab/outbound/India_Ahmedabad_Mirana_AssemblyLine_003_267.mp4,897091411,2026-06-13 17:46:10
visionlab/visionlab/outbound/India_Ahmedabad_Mirana_AssemblyLine_003_268.mp4,s3://humyn-data-partners-prod/visionlab/visionlab/outbound/India_Ahmedabad_Mirana_AssemblyLine_003_268.mp4,425572260,2026-06-13 17:46:10
visionlab/visionlab/outbound/India_Ahmedabad_Mirana_AssemblyLine_003_269.mp4,s3://humyn-data-partners-prod/visionlab/visionlab/outbound/India_Ahmedabad_Mirana_AssemblyLine_003_269.mp4,488849313,2026-06-13 17:46:10
visionlab/visionlab/outbound/India_Ahmedabad_Mirana_AssemblyLine_003_270.mp4,s3://humyn-data-partners-prod/visionlab/visionlab/outbound/India_Ahmedabad_Mirana_AssemblyLine_003_270.mp4,445564567,2026-06-13 17:46:10
visionlab/visionlab/outbound/India_Ahmedabad_Mirana_AssemblyLine_003_271.mp4,s3://humyn-data-partners-prod/visionlab/visionlab/outbound/India_Ahmedabad_Mirana_AssemblyLine_003_271.mp4,406127546,2026-06-13 17:46:10
visionlab/visionlab/outbound/India_Ahmedabad_Mirana_AssemblyLine_003_272.mp4,s3://humyn-data-partners-prod/visionlab/visionlab/outbound/India_Ahmedabad_Mirana_AssemblyLine_003_272.mp4,584014317,2026-06-13 17:46:10
visionlab/visionlab/outbound/India_Ahmedabad_Mirana_AssemblyLine_003_273.mp4,s3://humyn-data-partners-prod/visionlab/visionlab/outbound/India_Ahmedabad_Mirana_AssemblyLine_003_273.mp4,448889350,2026-06-13 17:46:11
visionlab/visionlab/outbound/India_Ahmedabad_Mirana_AssemblyLine_003_274.mp4,s3://humyn-data-partners-prod/visionlab/visionlab/outbound/India_Ahmedabad_Mirana_AssemblyLine_003_274.mp4,539258468,2026-06-13 17:46:11
visionlab/visionlab/outbound/India_Ahmedabad_Mirana_AssemblyLine_003_275.mp4,s3://humyn-data-partners-prod/visionlab/visionlab/outbound/India_Ahmedabad_Mirana_AssemblyLine_003_275.mp4,643542964,2026-06-13 17:46:13
visionlab/visionlab/outbound/India_Ahmedabad_Mirana_AssemblyLine_003_276.mp4,s3://humyn-data-partners-prod/visionlab/visionlab/outbound/India_Ahmedabad_Mirana_AssemblyLine_003_276.mp4,642015062,2026-06-13 17:46:13
visionlab/visionlab/outbound/India_Ahmedabad_Mirana_AssemblyLine_003_277.mp4,s3://humyn-data-partners-prod/visionlab/visionlab/outbound/India_Ahmedabad_Mirana_AssemblyLine_003_277.mp4,496986690,2026-06-13 17:46:14
visionlab/visionlab/outbound/India_Ahmedabad_Mirana_AssemblyLine_003_278.mp4,s3://humyn-data-partners-prod/visionlab/visionlab/outbound/India_Ahmedabad_Mirana_AssemblyLine_003_278.mp4,580145013,2026-06-13 17:46:14
visionlab/visionlab/outbound/India_Ahmedabad_Mirana_AssemblyLine_003_279.mp4,s3://humyn-data-partners-prod/visionlab/visionlab/outbound/India_Ahmedabad_Mirana_AssemblyLine_003_279.mp4,604141903,2026-06-13 17:46:16
visionlab/visionlab/outbound/India_Ahmedabad_Mirana_AssemblyLine_003_280.mp4,s3://humyn-data-partners-prod/visionlab/visionlab/outbound/India_Ahmedabad_Mirana_AssemblyLine_003_280.mp4,588003633,2026-06-13 17:46:15
visionlab/visionlab/outbound/India_Ahmedabad_Mirana_AssemblyLine_003_281.mp4,s3://humyn-data-partners-prod/visionlab/visionlab/outbound/India_Ahmedabad_Mirana_AssemblyLine_003_281.mp4,730651362,2026-06-13 17:46:16
visionlab/visionlab/outbound/India_Ahmedabad_Mirana_AssemblyLine_003_282.mp4,s3://humyn-data-partners-prod/visionlab/visionlab/outbound/India_Ahmedabad_Mirana_AssemblyLine_003_282.mp4,514672783,2026-06-13 17:46:16
visionlab/visionlab/outbound/India_Ahmedabad_Mirana_AssemblyLine_003_283.mp4,s3://humyn-data-partners-prod/visionlab/visionlab/outbound/India_Ahmedabad_Mirana_AssemblyLine_003_283.mp4,574803343,2026-06-13 17:46:16
visionlab/visionlab/outbound/India_Ahmedabad_Mirana_AssemblyLine_003_284.mp4,s3://humyn-data-partners-prod/visionlab/visionlab/outbound/India_Ahmedabad_Mirana_AssemblyLine_003_284.mp4,962652431,2026-06-13 17:46:16
visionlab/visionlab/outbound/India_Ahmedabad_Mirana_AssemblyLine_003_285.mp4,s3://humyn-data-partners-prod/visionlab/visionlab/outbound/India_Ahmedabad_Mirana_AssemblyLine_003_285.mp4,609496270,2026-06-13 17:46:17
visionlab/visionlab/outbound/India_Ahmedabad_Mirana_AssemblyLine_003_286.mp4,s3://humyn-data-partners-prod/visionlab/visionlab/outbound/India_Ahmedabad_Mirana_AssemblyLine_003_286.mp4,606738354,2026-06-13 17:46:17
visionlab/visionlab/outbound/India_Ahmedabad_Mirana_AssemblyLine_003_287.mp4,s3://humyn-data-partners-prod/visionlab/visionlab/outbound/India_Ahmedabad_Mirana_AssemblyLine_003_287.mp4,658208721,2026-06-13 17:46:17
visionlab/visionlab/outbound/India_Ahmedabad_Mirana_AssemblyLine_003_288.mp4,s3://humyn-data-partners-prod/visionlab/visionlab/outbound/India_Ahmedabad_Mirana_AssemblyLine_003_288.mp4,602621174,2026-06-13 17:46:18
visionlab/visionlab/outbound/India_Ahmedabad_Mirana_AssemblyLine_003_289.mp4,s3://humyn-data-partners-prod/visionlab/visionlab/outbound/India_Ahmedabad_Mirana_AssemblyLine_003_289.mp4,560537221,2026-06-13 17:46:18
visionlab/visionlab/outbound/India_Ahmedabad_Mirana_AssemblyLine_003_290.mp4,s3://humyn-data-partners-prod/visionlab/visionlab/outbound/India_Ahmedabad_Mirana_AssemblyLine_003_290.mp4,519634571,2026-06-13 17:46:18
visionlab/visionlab/outbound/India_Ahmedabad_Mirana_AssemblyLine_003_291.mp4,s3://humyn-data-partners-prod/visionlab/visionlab/outbound/India_Ahmedabad_Mirana_AssemblyLine_003_291.mp4,499245700,2026-06-13 17:46:19
visionlab/visionlab/outbound/India_Ahmedabad_Mirana_AssemblyLine_003_292.mp4,s3://humyn-data-partners-prod/visionlab/visionlab/outbound/India_Ahmedabad_Mirana_AssemblyLine_003_292.mp4,520788242,2026-06-13 17:46:19
visionlab/visionlab/outbound/India_Ahmedabad_Mirana_AssemblyLine_003_293.mp4,s3://humyn-data-partners-prod/visionlab/visionlab/outbound/India_Ahmedabad_Mirana_AssemblyLine_003_293.mp4,645315690,2026-06-13 17:46:19
visionlab/visionlab/outbound/India_Ahmedabad_Mirana_AssemblyLine_003_294.mp4,s3://humyn-data-partners-prod/visionlab/visionlab/outbound/India_Ahmedabad_Mirana_AssemblyLine_003_294.mp4,564621775,2026-06-13 17:46:19
visionlab/visionlab/outbound/India_Ahmedabad_Mirana_AssemblyLine_003_295.mp4,s3://humyn-data-partners-prod/visionlab/visionlab/outbound/India_Ahmedabad_Mirana_AssemblyLine_003_295.mp4,566113197,2026-06-13 17:46:19
visionlab/visionlab/outbound/India_Ahmedabad_Mirana_AssemblyLine_003_296.mp4,s3://humyn-data-partners-prod/visionlab/visionlab/outbound/India_Ahmedabad_Mirana_AssemblyLine_003_296.mp4,528024776,2026-06-13 17:46:19
visionlab/visionlab/outbound/India_Ahmedabad_Mirana_AssemblyLine_003_297.mp4,s3://humyn-data-partners-prod/visionlab/visionlab/outbound/India_Ahmedabad_Mirana_AssemblyLine_003_297.mp4,492976660,2026-06-13 17:46:19
visionlab/visionlab/outbound/India_Ahmedabad_Mirana_AssemblyLine_003_298.mp4,s3://humyn-data-partners-prod/visionlab/visionlab/outbound/India_Ahmedabad_Mirana_AssemblyLine_003_298.mp4,553308355,2026-06-13 17:46:19
visionlab/visionlab/outbound/India_Ahmedabad_Mirana_AssemblyLine_003_299.mp4,s3://humyn-data-partners-prod/visionlab/visionlab/outbound/India_Ahmedabad_Mirana_AssemblyLine_003_299.mp4,633993152,2026-06-13 17:46:19
visionlab/visionlab/outbound/India_Ahmedabad_Mirana_AssemblyLine_003_300.mp4,s3://humyn-data-partners-prod/visionlab/visionlab/outbound/India_Ahmedabad_Mirana_AssemblyLine_003_300.mp4,647597949,2026-06-13 17:46:19
visionlab/visionlab/outbound/India_Ahmedabad_Mirana_AssemblyLine_003_301.mp4,s3://humyn-data-partners-prod/visionlab/visionlab/outbound/India_Ahmedabad_Mirana_AssemblyLine_003_301.mp4,673854237,2026-06-13 17:46:20
visionlab/visionlab/outbound/India_Ahmedabad_Mirana_AssemblyLine_003_302.mp4,s3://humyn-data-partners-prod/visionlab/visionlab/outbound/India_Ahmedabad_Mirana_AssemblyLine_003_302.mp4,464977937,2026-06-13 17:46:20
visionlab/visionlab/outbound/India_Ahmedabad_Mirana_AssemblyLine_003_303.mp4,s3://humyn-data-partners-prod/visionlab/visionlab/outbound/India_Ahmedabad_Mirana_AssemblyLine_003_303.mp4,550667048,2026-06-13 17:46:20
visionlab/visionlab/outbound/India_Ahmedabad_Mirana_AssemblyLine_003_304.mp4,s3://humyn-data-partners-prod/visionlab/visionlab/outbound/India_Ahmedabad_Mirana_AssemblyLine_003_304.mp4,450197279,2026-06-13 17:46:22
visionlab/visionlab/outbound/India_Ahmedabad_Mirana_AssemblyLine_003_305.mp4,s3://humyn-data-partners-prod/visionlab/visionlab/outbound/India_Ahmedabad_Mirana_AssemblyLine_003_305.mp4,512698465,2026-06-13 17:46:23
visionlab/visionlab/outbound/India_Ahmedabad_Mirana_AssemblyLine_003_306.mp4,s3://humyn-data-partners-prod/visionlab/visionlab/outbound/India_Ahmedabad_Mirana_AssemblyLine_003_306.mp4,488575137,2026-06-13 17:46:23
visionlab/visionlab/outbound/India_Ahmedabad_Mirana_AssemblyLine_003_307.mp4,s3://humyn-data-partners-prod/visionlab/visionlab/outbound/India_Ahmedabad_Mirana_AssemblyLine_003_307.mp4,678065225,2026-06-13 17:46:24
visionlab/visionlab/outbound/India_Ahmedabad_Mirana_AssemblyLine_003_308.mp4,s3://humyn-data-partners-prod/visionlab/visionlab/outbound/India_Ahmedabad_Mirana_AssemblyLine_003_308.mp4,537319935,2026-06-13 17:46:24
visionlab/visionlab/outbound/India_Ahmedabad_Mirana_AssemblyLine_003_309.mp4,s3://humyn-data-partners-prod/visionlab/visionlab/outbound/India_Ahmedabad_Mirana_AssemblyLine_003_309.mp4,580054323,2026-06-13 17:46:24
visionlab/visionlab/outbound/India_Ahmedabad_Mirana_AssemblyLine_003_310.mp4,s3://humyn-data-partners-prod/visionlab/visionlab/outbound/India_Ahmedabad_Mirana_AssemblyLine_003_310.mp4,707260840,2026-06-13 17:46:25
visionlab/visionlab/outbound/India_Ahmedabad_Mirana_AssemblyLine_003_311.mp4,s3://humyn-data-partners-prod/visionlab/visionlab/outbound/India_Ahmedabad_Mirana_AssemblyLine_003_311.mp4,486809302,2026-06-13 17:46:26
visionlab/visionlab/outbound/India_Ahmedabad_Mirana_AssemblyLine_003_312.mp4,s3://humyn-data-partners-prod/visionlab/visionlab/outbound/India_Ahmedabad_Mirana_AssemblyLine_003_312.mp4,483820633,2026-06-13 17:46:26
visionlab/visionlab/outbound/India_Ahmedabad_Mirana_AssemblyLine_003_313.mp4,s3://humyn-data-partners-prod/visionlab/visionlab/outbound/India_Ahmedabad_Mirana_AssemblyLine_003_313.mp4,571058754,2026-06-13 17:46:27
visionlab/visionlab/outbound/India_Ahmedabad_Mirana_AssemblyLine_003_314.mp4,s3://humyn-data-partners-prod/visionlab/visionlab/outbound/India_Ahmedabad_Mirana_AssemblyLine_003_314.mp4,576826981,2026-06-13 17:46:29
visionlab/visionlab/outbound/India_Ahmedabad_Mirana_AssemblyLine_003_315.mp4,s3://humyn-data-partners-prod/visionlab/visionlab/outbound/India_Ahmedabad_Mirana_AssemblyLine_003_315.mp4,513194085,2026-06-13 17:46:29
visionlab/visionlab/outbound/India_Ahmedabad_Mirana_AssemblyLine_003_316.mp4,s3://humyn-data-partners-prod/visionlab/visionlab/outbound/India_Ahmedabad_Mirana_AssemblyLine_003_316.mp4,359333579,2026-06-13 17:46:29
visionlab/visionlab/outbound/India_Ahmedabad_Mirana_AssemblyLine_003_317.mp4,s3://humyn-data-partners-prod/visionlab/visionlab/outbound/India_Ahmedabad_Mirana_AssemblyLine_003_317.mp4,497588580,2026-06-13 17:46:29
visionlab/visionlab/outbound/India_Ahmedabad_Mirana_AssemblyLine_003_318.mp4,s3://humyn-data-partners-prod/visionlab/visionlab/outbound/India_Ahmedabad_Mirana_AssemblyLine_003_318.mp4,544315776,2026-06-13 17:46:29
visionlab/visionlab/outbound/India_Ahmedabad_Mirana_AssemblyLine_003_319.mp4,s3://humyn-data-partners-prod/visionlab/visionlab/outbound/India_Ahmedabad_Mirana_AssemblyLine_003_319.mp4,592620140,2026-06-13 17:46:30
visionlab/visionlab/outbound/India_Ahmedabad_Mirana_AssemblyLine_003_320.mp4,s3://humyn-data-partners-prod/visionlab/visionlab/outbound/India_Ahmedabad_Mirana_AssemblyLine_003_320.mp4,601430781,2026-06-13 17:46:30
visionlab/visionlab/outbound/India_Ahmedabad_Mirana_AssemblyLine_003_321.mp4,s3://humyn-data-partners-prod/visionlab/visionlab/outbound/India_Ahmedabad_Mirana_AssemblyLine_003_321.mp4,662737096,2026-06-13 17:46:30
visionlab/visionlab/outbound/India_Ahmedabad_Mirana_AssemblyLine_003_322.mp4,s3://humyn-data-partners-prod/visionlab/visionlab/outbound/India_Ahmedabad_Mirana_AssemblyLine_003_322.mp4,428208552,2026-06-13 17:46:30
visionlab/visionlab/outbound/India_Ahmedabad_Mirana_AssemblyLine_003_323.mp4,s3://humyn-data-partners-prod/visionlab/visionlab/outbound/India_Ahmedabad_Mirana_AssemblyLine_003_323.mp4,601604847,2026-06-13 17:46:30
visionlab/visionlab/outbound/India_Ahmedabad_Mirana_AssemblyLine_003_324.mp4,s3://humyn-data-partners-prod/visionlab/visionlab/outbound/India_Ahmedabad_Mirana_AssemblyLine_003_324.mp4,532084076,2026-06-13 17:46:30
visionlab/visionlab/outbound/India_Ahmedabad_Mirana_AssemblyLine_003_325.mp4,s3://humyn-data-partners-prod/visionlab/visionlab/outbound/India_Ahmedabad_Mirana_AssemblyLine_003_325.mp4,440278561,2026-06-13 17:46:31
visionlab/visionlab/outbound/India_Ahmedabad_Mirana_AssemblyLine_003_326.mp4,s3://humyn-data-partners-prod/visionlab/visionlab/outbound/India_Ahmedabad_Mirana_AssemblyLine_003_326.mp4,508280375,2026-06-13 17:46:31
visionlab/visionlab/outbound/India_Ahmedabad_Mirana_AssemblyLine_003_327.mp4,s3://humyn-data-partners-prod/visionlab/visionlab/outbound/India_Ahmedabad_Mirana_AssemblyLine_003_327.mp4,471428215,2026-06-13 17:46:31
visionlab/visionlab/outbound/India_Ahmedabad_Mirana_AssemblyLine_003_328.mp4,s3://humyn-data-partners-prod/visionlab/visionlab/outbound/India_Ahmedabad_Mirana_AssemblyLine_003_328.mp4,554129379,2026-06-13 17:46:31
visionlab/visionlab/outbound/India_Ahmedabad_Mirana_AssemblyLine_003_329.mp4,s3://humyn-data-partners-prod/visionlab/visionlab/outbound/India_Ahmedabad_Mirana_AssemblyLine_003_329.mp4,659547295,2026-06-13 17:46:31
visionlab/visionlab/outbound/India_Ahmedabad_Mirana_AssemblyLine_003_330.mp4,s3://humyn-data-partners-prod/visionlab/visionlab/outbound/India_Ahmedabad_Mirana_AssemblyLine_003_330.mp4,568248970,2026-06-13 17:46:31
visionlab/visionlab/outbound/India_Ahmedabad_Mirana_AssemblyLine_003_331.mp4,s3://humyn-data-partners-prod/visionlab/visionlab/outbound/India_Ahmedabad_Mirana_AssemblyLine_003_331.mp4,548042661,2026-06-13 17:46:31
visionlab/visionlab/outbound/India_Ahmedabad_Mirana_AssemblyLine_003_332.mp4,s3://humyn-data-partners-prod/visionlab/visionlab/outbound/India_Ahmedabad_Mirana_AssemblyLine_003_332.mp4,637078310,2026-06-13 17:46:31
visionlab/visionlab/outbound/India_Ahmedabad_Mirana_AssemblyLine_003_333.mp4,s3://humyn-data-partners-prod/visionlab/visionlab/outbound/India_Ahmedabad_Mirana_AssemblyLine_003_333.mp4,354584047,2026-06-13 17:46:32
visionlab/visionlab/outbound/India_Ahmedabad_Mirana_AssemblyLine_003_334.mp4,s3://humyn-data-partners-prod/visionlab/visionlab/outbound/India_Ahmedabad_Mirana_AssemblyLine_003_334.mp4,680221463,2026-06-13 17:46:32
visionlab/visionlab/outbound/India_Ahmedabad_Mirana_AssemblyLine_003_335.mp4,s3://humyn-data-partners-prod/visionlab/visionlab/outbound/India_Ahmedabad_Mirana_AssemblyLine_003_335.mp4,860209963,2026-06-13 17:46:32
visionlab/visionlab/outbound/India_Ahmedabad_Mirana_AssemblyLine_003_336.mp4,s3://humyn-data-partners-prod/visionlab/visionlab/outbound/India_Ahmedabad_Mirana_AssemblyLine_003_336.mp4,252789844,2026-06-13 17:46:33
visionlab/visionlab/outbound/India_Ahmedabad_Mirana_AssemblyLine_003_337.mp4,s3://humyn-data-partners-prod/visionlab/visionlab/outbound/India_Ahmedabad_Mirana_AssemblyLine_003_337.mp4,601588892,2026-06-13 17:46:33
visionlab/visionlab/outbound/India_Ahmedabad_Mirana_AssemblyLine_003_338.mp4,s3://humyn-data-partners-prod/visionlab/visionlab/outbound/India_Ahmedabad_Mirana_AssemblyLine_003_338.mp4,505930759,2026-06-13 17:46:33
visionlab/visionlab/outbound/India_Ahmedabad_Mirana_AssemblyLine_003_339.mp4,s3://humyn-data-partners-prod/visionlab/visionlab/outbound/India_Ahmedabad_Mirana_AssemblyLine_003_339.mp4,599224756,2026-06-13 17:46:34
visionlab/visionlab/outbound/India_Ahmedabad_Mirana_AssemblyLine_003_340.mp4,s3://humyn-data-partners-prod/visionlab/visionlab/outbound/India_Ahmedabad_Mirana_AssemblyLine_003_340.mp4,665940566,2026-06-13 17:46:35
visionlab/visionlab/outbound/India_Ahmedabad_Mirana_AssemblyLine_003_341.mp4,s3://humyn-data-partners-prod/visionlab/visionlab/outbound/India_Ahmedabad_Mirana_AssemblyLine_003_341.mp4,483687561,2026-06-13 17:46:35
visionlab/visionlab/outbound/India_Ahmedabad_Mirana_AssemblyLine_003_342.mp4,s3://humyn-data-partners-prod/visionlab/visionlab/outbound/India_Ahmedabad_Mirana_AssemblyLine_003_342.mp4,938242742,2026-06-13 17:46:35
visionlab/visionlab/outbound/India_Ahmedabad_Mirana_AssemblyLine_003_343.mp4,s3://humyn-data-partners-prod/visionlab/visionlab/outbound/India_Ahmedabad_Mirana_AssemblyLine_003_343.mp4,418989567,2026-06-13 17:46:35
visionlab/visionlab/outbound/India_Ahmedabad_Mirana_AssemblyLine_003_344.mp4,s3://humyn-data-partners-prod/visionlab/visionlab/outbound/India_Ahmedabad_Mirana_AssemblyLine_003_344.mp4,531182607,2026-06-13 17:46:36
visionlab/visionlab/outbound/India_Ahmedabad_Mirana_AssemblyLine_003_345.mp4,s3://humyn-data-partners-prod/visionlab/visionlab/outbound/India_Ahmedabad_Mirana_AssemblyLine_003_345.mp4,604753099,2026-06-13 17:46:37
visionlab/visionlab/outbound/India_Ahmedabad_Mirana_AssemblyLine_003_346.mp4,s3://humyn-data-partners-prod/visionlab/visionlab/outbound/India_Ahmedabad_Mirana_AssemblyLine_003_346.mp4,696472844,2026-06-13 17:46:38
visionlab/visionlab/outbound/India_Ahmedabad_Mirana_AssemblyLine_003_347.mp4,s3://humyn-data-partners-prod/visionlab/visionlab/outbound/India_Ahmedabad_Mirana_AssemblyLine_003_347.mp4,517665755,2026-06-13 17:46:38
visionlab/visionlab/outbound/India_Ahmedabad_Mirana_AssemblyLine_003_348.mp4,s3://humyn-data-partners-prod/visionlab/visionlab/outbound/India_Ahmedabad_Mirana_AssemblyLine_003_348.mp4,613170981,2026-06-13 17:46:38
visionlab/visionlab/outbound/India_Ahmedabad_Mirana_AssemblyLine_003_349.mp4,s3://humyn-data-partners-prod/visionlab/visionlab/outbound/India_Ahmedabad_Mirana_AssemblyLine_003_349.mp4,492199052,2026-06-13 17:46:38
visionlab/visionlab/outbound/India_Ahmedabad_Mirana_AssemblyLine_003_350.mp4,s3://humyn-data-partners-prod/visionlab/visionlab/outbound/India_Ahmedabad_Mirana_AssemblyLine_003_350.mp4,597185778,2026-06-13 17:46:39
visionlab/visionlab/outbound/India_Ahmedabad_Mirana_AssemblyLine_003_351.mp4,s3://humyn-data-partners-prod/visionlab/visionlab/outbound/India_Ahmedabad_Mirana_AssemblyLine_003_351.mp4,532728825,2026-06-13 17:46:39
visionlab/visionlab/outbound/India_Ahmedabad_Mirana_AssemblyLine_003_352.mp4,s3://humyn-data-partners-prod/visionlab/visionlab/outbound/India_Ahmedabad_Mirana_AssemblyLine_003_352.mp4,601572339,2026-06-13 17:46:39
visionlab/visionlab/outbound/India_Ahmedabad_Mirana_AssemblyLine_003_353.mp4,s3://humyn-data-partners-prod/visionlab/visionlab/outbound/India_Ahmedabad_Mirana_AssemblyLine_003_353.mp4,527288628,2026-06-13 17:46:39
visionlab/visionlab/outbound/India_Ahmedabad_Mirana_AssemblyLine_003_354.mp4,s3://humyn-data-partners-prod/visionlab/visionlab/outbound/India_Ahmedabad_Mirana_AssemblyLine_003_354.mp4,641098338,2026-06-13 17:46:39
visionlab/visionlab/outbound/India_Ahmedabad_Mirana_AssemblyLine_003_355.mp4,s3://humyn-data-partners-prod/visionlab/visionlab/outbound/India_Ahmedabad_Mirana_AssemblyLine_003_355.mp4,564235847,2026-06-13 17:46:40
visionlab/visionlab/outbound/India_Ahmedabad_Mirana_AssemblyLine_003_356.mp4,s3://humyn-data-partners-prod/visionlab/visionlab/outbound/India_Ahmedabad_Mirana_AssemblyLine_003_356.mp4,619551877,2026-06-13 17:46:40
visionlab/visionlab/outbound/India_Ahmedabad_Mirana_AssemblyLine_003_357.mp4,s3://humyn-data-partners-prod/visionlab/visionlab/outbound/India_Ahmedabad_Mirana_AssemblyLine_003_357.mp4,516562136,2026-06-13 17:46:40
visionlab/visionlab/outbound/India_Ahmedabad_Mirana_AssemblyLine_003_358.mp4,s3://humyn-data-partners-prod/visionlab/visionlab/outbound/India_Ahmedabad_Mirana_AssemblyLine_003_358.mp4,447814440,2026-06-13 17:46:41
visionlab/visionlab/outbound/India_Ahmedabad_Mirana_AssemblyLine_003_359.mp4,s3://humyn-data-partners-prod/visionlab/visionlab/outbound/India_Ahmedabad_Mirana_AssemblyLine_003_359.mp4,574724304,2026-06-13 17:46:41
visionlab/visionlab/outbound/India_Ahmedabad_Mirana_AssemblyLine_003_360.mp4,s3://humyn-data-partners-prod/visionlab/visionlab/outbound/India_Ahmedabad_Mirana_AssemblyLine_003_360.mp4,618631509,2026-06-13 17:46:42
visionlab/visionlab/outbound/India_Ahmedabad_Mirana_AssemblyLine_003_361.mp4,s3://humyn-data-partners-prod/visionlab/visionlab/outbound/India_Ahmedabad_Mirana_AssemblyLine_003_361.mp4,646834364,2026-06-13 17:46:42
visionlab/visionlab/outbound/India_Ahmedabad_Mirana_AssemblyLine_003_362.mp4,s3://humyn-data-partners-prod/visionlab/visionlab/outbound/India_Ahmedabad_Mirana_AssemblyLine_003_362.mp4,574437990,2026-06-13 17:46:43
visionlab/visionlab/outbound/India_Ahmedabad_Mirana_AssemblyLine_003_363.mp4,s3://humyn-data-partners-prod/visionlab/visionlab/outbound/India_Ahmedabad_Mirana_AssemblyLine_003_363.mp4,561946373,2026-06-13 17:46:43
visionlab/visionlab/outbound/India_Ahmedabad_Mirana_AssemblyLine_003_364.mp4,s3://humyn-data-partners-prod/visionlab/visionlab/outbound/India_Ahmedabad_Mirana_AssemblyLine_003_364.mp4,536381500,2026-06-13 17:46:43
visionlab/visionlab/outbound/India_Ahmedabad_Mirana_AssemblyLine_003_365.mp4,s3://humyn-data-partners-prod/visionlab/visionlab/outbound/India_Ahmedabad_Mirana_AssemblyLine_003_365.mp4,444798725,2026-06-13 17:46:43
visionlab/visionlab/outbound/India_Ahmedabad_Mirana_AssemblyLine_003_366.mp4,s3://humyn-data-partners-prod/visionlab/visionlab/outbound/India_Ahmedabad_Mirana_AssemblyLine_003_366.mp4,490703170,2026-06-13 17:46:44
visionlab/visionlab/outbound/India_Ahmedabad_Mirana_AssemblyLine_003_367.mp4,s3://humyn-data-partners-prod/visionlab/visionlab/outbound/India_Ahmedabad_Mirana_AssemblyLine_003_367.mp4,524457127,2026-06-13 17:46:44
visionlab/visionlab/outbound/India_Ahmedabad_Mirana_AssemblyLine_003_368.mp4,s3://humyn-data-partners-prod/visionlab/visionlab/outbound/India_Ahmedabad_Mirana_AssemblyLine_003_368.mp4,870564601,2026-06-13 17:46:44
visionlab/visionlab/outbound/India_Ahmedabad_Mirana_AssemblyLine_003_369.mp4,s3://humyn-data-partners-prod/visionlab/visionlab/outbound/India_Ahmedabad_Mirana_AssemblyLine_003_369.mp4,578465432,2026-06-13 17:46:45
visionlab/visionlab/outbound/India_Ahmedabad_Mirana_AssemblyLine_003_370.mp4,s3://humyn-data-partners-prod/visionlab/visionlab/outbound/India_Ahmedabad_Mirana_AssemblyLine_003_370.mp4,825207551,2026-06-13 17:46:44
visionlab/visionlab/outbound/India_Ahmedabad_Mirana_AssemblyLine_003_371.mp4,s3://humyn-data-partners-prod/visionlab/visionlab/outbound/India_Ahmedabad_Mirana_AssemblyLine_003_371.mp4,528770310,2026-06-13 17:46:46
visionlab/visionlab/outbound/India_Ahmedabad_Mirana_AssemblyLine_003_372.mp4,s3://humyn-data-partners-prod/visionlab/visionlab/outbound/India_Ahmedabad_Mirana_AssemblyLine_003_372.mp4,526354599,2026-06-13 17:46:46
visionlab/visionlab/outbound/India_Ahmedabad_Mirana_AssemblyLine_003_373.mp4,s3://humyn-data-partners-prod/visionlab/visionlab/outbound/India_Ahmedabad_Mirana_AssemblyLine_003_373.mp4,549267759,2026-06-13 17:46:46
visionlab/visionlab/outbound/India_Ahmedabad_Mirana_AssemblyLine_003_374.mp4,s3://humyn-data-partners-prod/visionlab/visionlab/outbound/India_Ahmedabad_Mirana_AssemblyLine_003_374.mp4,677618414,2026-06-13 17:46:47
visionlab/visionlab/outbound/India_Ahmedabad_Mirana_AssemblyLine_003_375.mp4,s3://humyn-data-partners-prod/visionlab/visionlab/outbound/India_Ahmedabad_Mirana_AssemblyLine_003_375.mp4,581259811,2026-06-13 17:46:48
visionlab/visionlab/outbound/India_Ahmedabad_Mirana_AssemblyLine_003_376.mp4,s3://humyn-data-partners-prod/visionlab/visionlab/outbound/India_Ahmedabad_Mirana_AssemblyLine_003_376.mp4,555313538,2026-06-13 17:46:48
visionlab/visionlab/outbound/India_Ahmedabad_Mirana_AssemblyLine_003_377.mp4,s3://humyn-data-partners-prod/visionlab/visionlab/outbound/India_Ahmedabad_Mirana_AssemblyLine_003_377.mp4,710164295,2026-06-13 17:46:49
visionlab/visionlab/outbound/India_Ahmedabad_Mirana_AssemblyLine_003_378.mp4,s3://humyn-data-partners-prod/visionlab/visionlab/outbound/India_Ahmedabad_Mirana_AssemblyLine_003_378.mp4,492969704,2026-06-13 17:46:50
visionlab/visionlab/outbound/India_Ahmedabad_Mirana_AssemblyLine_003_379.mp4,s3://humyn-data-partners-prod/visionlab/visionlab/outbound/India_Ahmedabad_Mirana_AssemblyLine_003_379.mp4,958128748,2026-06-13 17:46:50
visionlab/visionlab/outbound/India_Ahmedabad_Mirana_AssemblyLine_003_380.mp4,s3://humyn-data-partners-prod/visionlab/visionlab/outbound/India_Ahmedabad_Mirana_AssemblyLine_003_380.mp4,532557216,2026-06-13 17:46:50
visionlab/visionlab/outbound/India_Ahmedabad_Mirana_AssemblyLine_003_381.mp4,s3://humyn-data-partners-prod/visionlab/visionlab/outbound/India_Ahmedabad_Mirana_AssemblyLine_003_381.mp4,511548480,2026-06-13 17:46:50
visionlab/visionlab/outbound/India_Ahmedabad_Mirana_AssemblyLine_003_382.mp4,s3://humyn-data-partners-prod/visionlab/visionlab/outbound/India_Ahmedabad_Mirana_AssemblyLine_003_382.mp4,612392522,2026-06-13 17:46:51
visionlab/visionlab/outbound/India_Ahmedabad_Mirana_AssemblyLine_003_383.mp4,s3://humyn-data-partners-prod/visionlab/visionlab/outbound/India_Ahmedabad_Mirana_AssemblyLine_003_383.mp4,631781723,2026-06-13 17:46:51
visionlab/visionlab/outbound/India_Ahmedabad_Mirana_AssemblyLine_003_384.mp4,s3://humyn-data-partners-prod/visionlab/visionlab/outbound/India_Ahmedabad_Mirana_AssemblyLine_003_384.mp4,566482355,2026-06-13 17:46:51
visionlab/visionlab/outbound/India_Ahmedabad_Mirana_AssemblyLine_003_385.mp4,s3://humyn-data-partners-prod/visionlab/visionlab/outbound/India_Ahmedabad_Mirana_AssemblyLine_003_385.mp4,875641127,2026-06-13 17:46:51
visionlab/visionlab/outbound/India_Ahmedabad_Mirana_AssemblyLine_003_386.mp4,s3://humyn-data-partners-prod/visionlab/visionlab/outbound/India_Ahmedabad_Mirana_AssemblyLine_003_386.mp4,975723503,2026-06-13 17:46:51
visionlab/visionlab/outbound/India_Ahmedabad_Mirana_AssemblyLine_003_387.mp4,s3://humyn-data-partners-prod/visionlab/visionlab/outbound/India_Ahmedabad_Mirana_AssemblyLine_003_387.mp4,596612814,2026-06-13 17:46:52
visionlab/visionlab/outbound/India_Ahmedabad_Mirana_AssemblyLine_003_388.mp4,s3://humyn-data-partners-prod/visionlab/visionlab/outbound/India_Ahmedabad_Mirana_AssemblyLine_003_388.mp4,450150564,2026-06-13 17:46:52
visionlab/visionlab/outbound/India_Ahmedabad_Mirana_AssemblyLine_003_389.mp4,s3://humyn-data-partners-prod/visionlab/visionlab/outbound/India_Ahmedabad_Mirana_AssemblyLine_003_389.mp4,566635838,2026-06-13 17:46:52
visionlab/visionlab/outbound/India_Ahmedabad_Mirana_AssemblyLine_003_390.mp4,s3://humyn-data-partners-prod/visionlab/visionlab/outbound/India_Ahmedabad_Mirana_AssemblyLine_003_390.mp4,663378350,2026-06-13 17:46:52
visionlab/visionlab/outbound/India_Ahmedabad_Mirana_AssemblyLine_003_391.mp4,s3://humyn-data-partners-prod/visionlab/visionlab/outbound/India_Ahmedabad_Mirana_AssemblyLine_003_391.mp4,734614410,2026-06-13 17:46:53
visionlab/visionlab/outbound/India_Ahmedabad_Mirana_AssemblyLine_003_392.mp4,s3://humyn-data-partners-prod/visionlab/visionlab/outbound/India_Ahmedabad_Mirana_AssemblyLine_003_392.mp4,574728747,2026-06-13 17:46:53
visionlab/visionlab/outbound/India_Ahmedabad_Mirana_AssemblyLine_003_393.mp4,s3://humyn-data-partners-prod/visionlab/visionlab/outbound/India_Ahmedabad_Mirana_AssemblyLine_003_393.mp4,826140056,2026-06-13 17:46:53
visionlab/visionlab/outbound/India_Ahmedabad_Mirana_AssemblyLine_003_394.mp4,s3://humyn-data-partners-prod/visionlab/visionlab/outbound/India_Ahmedabad_Mirana_AssemblyLine_003_394.mp4,569196560,2026-06-13 17:46:53
visionlab/visionlab/outbound/India_Ahmedabad_Mirana_AssemblyLine_003_395.mp4,s3://humyn-data-partners-prod/visionlab/visionlab/outbound/India_Ahmedabad_Mirana_AssemblyLine_003_395.mp4,624856861,2026-06-13 17:46:53
visionlab/visionlab/outbound/India_Ahmedabad_Mirana_AssemblyLine_003_396.mp4,s3://humyn-data-partners-prod/visionlab/visionlab/outbound/India_Ahmedabad_Mirana_AssemblyLine_003_396.mp4,473143770,2026-06-13 17:46:53
visionlab/visionlab/outbound/India_Ahmedabad_Mirana_AssemblyLine_003_397.mp4,s3://humyn-data-partners-prod/visionlab/visionlab/outbound/India_Ahmedabad_Mirana_AssemblyLine_003_397.mp4,695564425,2026-06-13 17:46:55
visionlab/visionlab/outbound/India_Ahmedabad_Mirana_AssemblyLine_003_398.mp4,s3://humyn-data-partners-prod/visionlab/visionlab/outbound/India_Ahmedabad_Mirana_AssemblyLine_003_398.mp4,544678447,2026-06-13 17:46:55
visionlab/visionlab/outbound/India_Ahmedabad_Mirana_AssemblyLine_003_399.mp4,s3://humyn-data-partners-prod/visionlab/visionlab/outbound/India_Ahmedabad_Mirana_AssemblyLine_003_399.mp4,537879704,2026-06-13 17:46:55
visionlab/visionlab/outbound/India_Ahmedabad_Mirana_AssemblyLine_003_400.mp4,s3://humyn-data-partners-prod/visionlab/visionlab/outbound/India_Ahmedabad_Mirana_AssemblyLine_003_400.mp4,675024784,2026-06-13 17:46:56
visionlab/visionlab/outbound/India_Ahmedabad_Mirana_AssemblyLine_003_401.mp4,s3://humyn-data-partners-prod/visionlab/visionlab/outbound/India_Ahmedabad_Mirana_AssemblyLine_003_401.mp4,401010717,2026-06-13 17:46:57
visionlab/visionlab/outbound/India_Ahmedabad_Mirana_AssemblyLine_003_402.mp4,s3://humyn-data-partners-prod/visionlab/visionlab/outbound/India_Ahmedabad_Mirana_AssemblyLine_003_402.mp4,938690211,2026-06-13 17:46:58
visionlab/visionlab/outbound/India_Ahmedabad_Mirana_AssemblyLine_003_403.mp4,s3://humyn-data-partners-prod/visionlab/visionlab/outbound/India_Ahmedabad_Mirana_AssemblyLine_003_403.mp4,574274255,2026-06-13 17:46:58
visionlab/visionlab/outbound/India_Ahmedabad_Mirana_AssemblyLine_003_404.mp4,s3://humyn-data-partners-prod/visionlab/visionlab/outbound/India_Ahmedabad_Mirana_AssemblyLine_003_404.mp4,586815791,2026-06-13 17:46:58
visionlab/visionlab/outbound/India_Ahmedabad_Mirana_AssemblyLine_003_405.mp4,s3://humyn-data-partners-prod/visionlab/visionlab/outbound/India_Ahmedabad_Mirana_AssemblyLine_003_405.mp4,978794264,2026-06-13 17:46:58
visionlab/visionlab/outbound/India_Ahmedabad_Mirana_AssemblyLine_003_406.mp4,s3://humyn-data-partners-prod/visionlab/visionlab/outbound/India_Ahmedabad_Mirana_AssemblyLine_003_406.mp4,563318745,2026-06-13 17:46:58
visionlab/visionlab/outbound/India_Ahmedabad_Mirana_AssemblyLine_003_407.mp4,s3://humyn-data-partners-prod/visionlab/visionlab/outbound/India_Ahmedabad_Mirana_AssemblyLine_003_407.mp4,415343166,2026-06-13 17:46:59
visionlab/visionlab/outbound/India_Ahmedabad_Mirana_AssemblyLine_003_408.mp4,s3://humyn-data-partners-prod/visionlab/visionlab/outbound/India_Ahmedabad_Mirana_AssemblyLine_003_408.mp4,584548575,2026-06-13 17:46:59
visionlab/visionlab/outbound/India_Ahmedabad_Mirana_AssemblyLine_003_409.mp4,s3://humyn-data-partners-prod/visionlab/visionlab/outbound/India_Ahmedabad_Mirana_AssemblyLine_003_409.mp4,559325807,2026-06-13 17:46:59
visionlab/visionlab/outbound/India_Ahmedabad_Mirana_AssemblyLine_003_410.mp4,s3://humyn-data-partners-prod/visionlab/visionlab/outbound/India_Ahmedabad_Mirana_AssemblyLine_003_410.mp4,468530443,2026-06-13 17:46:59
visionlab/visionlab/outbound/India_Ahmedabad_Mirana_AssemblyLine_003_411.mp4,s3://humyn-data-partners-prod/visionlab/visionlab/outbound/India_Ahmedabad_Mirana_AssemblyLine_003_411.mp4,650142018,2026-06-13 17:47:00
visionlab/visionlab/outbound/India_Ahmedabad_Mirana_AssemblyLine_003_412.mp4,s3://humyn-data-partners-prod/visionlab/visionlab/outbound/India_Ahmedabad_Mirana_AssemblyLine_003_412.mp4,571028528,2026-06-13 17:47:00
visionlab/visionlab/outbound/India_Ahmedabad_Mirana_AssemblyLine_003_413.mp4,s3://humyn-data-partners-prod/visionlab/visionlab/outbound/India_Ahmedabad_Mirana_AssemblyLine_003_413.mp4,634358629,2026-06-13 17:47:01
visionlab/visionlab/outbound/India_Ahmedabad_Mirana_AssemblyLine_003_414.mp4,s3://humyn-data-partners-prod/visionlab/visionlab/outbound/India_Ahmedabad_Mirana_AssemblyLine_003_414.mp4,553884647,2026-06-13 17:47:01
visionlab/visionlab/outbound/India_Ahmedabad_Mirana_AssemblyLine_003_415.mp4,s3://humyn-data-partners-prod/visionlab/visionlab/outbound/India_Ahmedabad_Mirana_AssemblyLine_003_415.mp4,697803684,2026-06-13 17:47:01
visionlab/visionlab/outbound/India_Ahmedabad_Mirana_AssemblyLine_003_416.mp4,s3://humyn-data-partners-prod/visionlab/visionlab/outbound/India_Ahmedabad_Mirana_AssemblyLine_003_416.mp4,645043831,2026-06-13 17:47:02
visionlab/visionlab/outbound/India_Ahmedabad_Mirana_AssemblyLine_003_417.mp4,s3://humyn-data-partners-prod/visionlab/visionlab/outbound/India_Ahmedabad_Mirana_AssemblyLine_003_417.mp4,515477118,2026-06-13 17:47:02
visionlab/visionlab/outbound/India_Ahmedabad_Mirana_AssemblyLine_003_418.mp4,s3://humyn-data-partners-prod/visionlab/visionlab/outbound/India_Ahmedabad_Mirana_AssemblyLine_003_418.mp4,552451631,2026-06-13 17:47:02
visionlab/visionlab/outbound/India_Ahmedabad_Mirana_AssemblyLine_003_419.mp4,s3://humyn-data-partners-prod/visionlab/visionlab/outbound/India_Ahmedabad_Mirana_AssemblyLine_003_419.mp4,637813396,2026-06-13 17:47:02
visionlab/visionlab/outbound/India_Ahmedabad_Mirana_AssemblyLine_003_420.mp4,s3://humyn-data-partners-prod/visionlab/visionlab/outbound/India_Ahmedabad_Mirana_AssemblyLine_003_420.mp4,489575008,2026-06-13 17:47:03
visionlab/visionlab/outbound/India_Ahmedabad_Mirana_AssemblyLine_003_421.mp4,s3://humyn-data-partners-prod/visionlab/visionlab/outbound/India_Ahmedabad_Mirana_AssemblyLine_003_421.mp4,579765653,2026-06-13 17:47:04
visionlab/visionlab/outbound/India_Ahmedabad_Mirana_AssemblyLine_003_422.mp4,s3://humyn-data-partners-prod/visionlab/visionlab/outbound/India_Ahmedabad_Mirana_AssemblyLine_003_422.mp4,304075353,2026-06-13 17:47:04
visionlab/visionlab/outbound/India_Ahmedabad_Mirana_AssemblyLine_003_423.mp4,s3://humyn-data-partners-prod/visionlab/visionlab/outbound/India_Ahmedabad_Mirana_AssemblyLine_003_423.mp4,658730487,2026-06-13 17:47:04
visionlab/visionlab/outbound/India_Ahmedabad_Mirana_AssemblyLine_003_424.mp4,s3://humyn-data-partners-prod/visionlab/visionlab/outbound/India_Ahmedabad_Mirana_AssemblyLine_003_424.mp4,484190301,2026-06-13 17:47:04
visionlab/visionlab/outbound/India_Ahmedabad_Mirana_AssemblyLine_003_425.mp4,s3://humyn-data-partners-prod/visionlab/visionlab/outbound/India_Ahmedabad_Mirana_AssemblyLine_003_425.mp4,582803973,2026-06-13 17:47:05
visionlab/visionlab/outbound/India_Ahmedabad_Mirana_AssemblyLine_003_426.mp4,s3://humyn-data-partners-prod/visionlab/visionlab/outbound/India_Ahmedabad_Mirana_AssemblyLine_003_426.mp4,537151090,2026-06-13 17:47:05
visionlab/visionlab/outbound/India_Ahmedabad_Mirana_AssemblyLine_003_427.mp4,s3://humyn-data-partners-prod/visionlab/visionlab/outbound/India_Ahmedabad_Mirana_AssemblyLine_003_427.mp4,564653096,2026-06-13 17:47:06
visionlab/visionlab/outbound/India_Ahmedabad_Mirana_AssemblyLine_003_428.mp4,s3://humyn-data-partners-prod/visionlab/visionlab/outbound/India_Ahmedabad_Mirana_AssemblyLine_003_428.mp4,533603800,2026-06-13 17:47:06
visionlab/visionlab/outbound/India_Ahmedabad_Mirana_AssemblyLine_003_429.mp4,s3://humyn-data-partners-prod/visionlab/visionlab/outbound/India_Ahmedabad_Mirana_AssemblyLine_003_429.mp4,611663648,2026-06-13 17:47:06
visionlab/visionlab/outbound/India_Ahmedabad_Mirana_AssemblyLine_003_430.mp4,s3://humyn-data-partners-prod/visionlab/visionlab/outbound/India_Ahmedabad_Mirana_AssemblyLine_003_430.mp4,645471067,2026-06-13 17:47:07
visionlab/visionlab/outbound/India_Ahmedabad_Mirana_AssemblyLine_003_431.mp4,s3://humyn-data-partners-prod/visionlab/visionlab/outbound/India_Ahmedabad_Mirana_AssemblyLine_003_431.mp4,680411314,2026-06-13 17:47:08
visionlab/visionlab/outbound/India_Ahmedabad_Mirana_AssemblyLine_003_432.mp4,s3://humyn-data-partners-prod/visionlab/visionlab/outbound/India_Ahmedabad_Mirana_AssemblyLine_003_432.mp4,647110250,2026-06-13 17:47:08
visionlab/visionlab/outbound/India_Ahmedabad_Mirana_AssemblyLine_003_433.mp4,s3://humyn-data-partners-prod/visionlab/visionlab/outbound/India_Ahmedabad_Mirana_AssemblyLine_003_433.mp4,619866932,2026-06-13 17:47:08
visionlab/visionlab/outbound/India_Ahmedabad_Mirana_AssemblyLine_003_434.mp4,s3://humyn-data-partners-prod/visionlab/visionlab/outbound/India_Ahmedabad_Mirana_AssemblyLine_003_434.mp4,613807393,2026-06-13 17:47:08
visionlab/visionlab/outbound/India_Ahmedabad_Mirana_AssemblyLine_003_435.mp4,s3://humyn-data-partners-prod/visionlab/visionlab/outbound/India_Ahmedabad_Mirana_AssemblyLine_003_435.mp4,374618387,2026-06-13 17:47:09
visionlab/visionlab/outbound/India_Ahmedabad_Mirana_AssemblyLine_003_436.mp4,s3://humyn-data-partners-prod/visionlab/visionlab/outbound/India_Ahmedabad_Mirana_AssemblyLine_003_436.mp4,692995121,2026-06-13 17:47:10
visionlab/visionlab/outbound/India_Ahmedabad_Mirana_AssemblyLine_003_437.mp4,s3://humyn-data-partners-prod/visionlab/visionlab/outbound/India_Ahmedabad_Mirana_AssemblyLine_003_437.mp4,609567456,2026-06-13 17:47:10
visionlab/visionlab/outbound/India_Ahmedabad_Mirana_AssemblyLine_003_438.mp4,s3://humyn-data-partners-prod/visionlab/visionlab/outbound/India_Ahmedabad_Mirana_AssemblyLine_003_438.mp4,540033923,2026-06-13 17:47:11
visionlab/visionlab/outbound/India_Ahmedabad_Mirana_AssemblyLine_003_439.mp4,s3://humyn-data-partners-prod/visionlab/visionlab/outbound/India_Ahmedabad_Mirana_AssemblyLine_003_439.mp4,614320783,2026-06-13 17:47:11
visionlab/visionlab/outbound/India_Ahmedabad_Mirana_AssemblyLine_003_440.mp4,s3://humyn-data-partners-prod/visionlab/visionlab/outbound/India_Ahmedabad_Mirana_AssemblyLine_003_440.mp4,675518989,2026-06-13 17:47:11
visionlab/visionlab/outbound/India_Ahmedabad_Mirana_AssemblyLine_003_441.mp4,s3://humyn-data-partners-prod/visionlab/visionlab/outbound/India_Ahmedabad_Mirana_AssemblyLine_003_441.mp4,507368572,2026-06-13 17:47:11
visionlab/visionlab/outbound/India_Ahmedabad_Mirana_AssemblyLine_003_442.mp4,s3://humyn-data-partners-prod/visionlab/visionlab/outbound/India_Ahmedabad_Mirana_AssemblyLine_003_442.mp4,472993642,2026-06-13 17:47:13
visionlab/visionlab/outbound/India_Ahmedabad_Mirana_AssemblyLine_003_443.mp4,s3://humyn-data-partners-prod/visionlab/visionlab/outbound/India_Ahmedabad_Mirana_AssemblyLine_003_443.mp4,526022837,2026-06-13 17:47:13
visionlab/visionlab/outbound/India_Ahmedabad_Mirana_AssemblyLine_003_444.mp4,s3://humyn-data-partners-prod/visionlab/visionlab/outbound/India_Ahmedabad_Mirana_AssemblyLine_003_444.mp4,927299935,2026-06-13 17:47:13
visionlab/visionlab/outbound/India_Ahmedabad_Mirana_AssemblyLine_003_445.mp4,s3://humyn-data-partners-prod/visionlab/visionlab/outbound/India_Ahmedabad_Mirana_AssemblyLine_003_445.mp4,972879624,2026-06-13 17:47:13
visionlab/visionlab/outbound/India_Ahmedabad_Mirana_AssemblyLine_003_446.mp4,s3://humyn-data-partners-prod/visionlab/visionlab/outbound/India_Ahmedabad_Mirana_AssemblyLine_003_446.mp4,569341055,2026-06-13 17:47:14
visionlab/visionlab/outbound/India_Ahmedabad_Mirana_AssemblyLine_003_447.mp4,s3://humyn-data-partners-prod/visionlab/visionlab/outbound/India_Ahmedabad_Mirana_AssemblyLine_003_447.mp4,663785636,2026-06-13 17:47:14
visionlab/visionlab/outbound/India_Ahmedabad_Mirana_AssemblyLine_003_448.mp4,s3://humyn-data-partners-prod/visionlab/visionlab/outbound/India_Ahmedabad_Mirana_AssemblyLine_003_448.mp4,444349347,2026-06-13 17:47:14
visionlab/visionlab/outbound/India_Ahmedabad_Mirana_AssemblyLine_003_449.mp4,s3://humyn-data-partners-prod/visionlab/visionlab/outbound/India_Ahmedabad_Mirana_AssemblyLine_003_449.mp4,648094197,2026-06-13 17:47:14
visionlab/visionlab/outbound/India_Ahmedabad_Mirana_AssemblyLine_003_450.mp4,s3://humyn-data-partners-prod/visionlab/visionlab/outbound/India_Ahmedabad_Mirana_AssemblyLine_003_450.mp4,336573989,2026-06-13 17:47:14
visionlab/visionlab/outbound/India_Ahmedabad_Mirana_AssemblyLine_003_451.mp4,s3://humyn-data-partners-prod/visionlab/visionlab/outbound/India_Ahmedabad_Mirana_AssemblyLine_003_451.mp4,247434555,2026-06-13 17:47:15
visionlab/visionlab/outbound/India_Ahmedabad_Mirana_AssemblyLine_003_452.mp4,s3://humyn-data-partners-prod/visionlab/visionlab/outbound/India_Ahmedabad_Mirana_AssemblyLine_003_452.mp4,458676722,2026-06-13 17:47:15
visionlab/visionlab/outbound/India_Ahmedabad_Mirana_AssemblyLine_003_453.mp4,s3://humyn-data-partners-prod/visionlab/visionlab/outbound/India_Ahmedabad_Mirana_AssemblyLine_003_453.mp4,640120033,2026-06-13 17:47:15
visionlab/visionlab/outbound/India_Ahmedabad_Mirana_AssemblyLine_003_454.mp4,s3://humyn-data-partners-prod/visionlab/visionlab/outbound/India_Ahmedabad_Mirana_AssemblyLine_003_454.mp4,462645994,2026-06-13 17:47:15
visionlab/visionlab/outbound/India_Ahmedabad_Mirana_AssemblyLine_003_455.mp4,s3://humyn-data-partners-prod/visionlab/visionlab/outbound/India_Ahmedabad_Mirana_AssemblyLine_003_455.mp4,565589249,2026-06-13 17:47:16
visionlab/visionlab/outbound/India_Ahmedabad_Mirana_AssemblyLine_003_456.mp4,s3://humyn-data-partners-prod/visionlab/visionlab/outbound/India_Ahmedabad_Mirana_AssemblyLine_003_456.mp4,422319183,2026-06-13 17:47:16
visionlab/visionlab/outbound/India_Ahmedabad_Mirana_AssemblyLine_003_457.mp4,s3://humyn-data-partners-prod/visionlab/visionlab/outbound/India_Ahmedabad_Mirana_AssemblyLine_003_457.mp4,563109617,2026-06-13 17:47:16
visionlab/visionlab/outbound/India_Ahmedabad_Mirana_AssemblyLine_003_458.mp4,s3://humyn-data-partners-prod/visionlab/visionlab/outbound/India_Ahmedabad_Mirana_AssemblyLine_003_458.mp4,551006290,2026-06-13 17:47:18
visionlab/visionlab/outbound/India_Ahmedabad_Mirana_AssemblyLine_003_459.mp4,s3://humyn-data-partners-prod/visionlab/visionlab/outbound/India_Ahmedabad_Mirana_AssemblyLine_003_459.mp4,521354717,2026-06-13 17:47:18
visionlab/visionlab/outbound/India_Ahmedabad_Mirana_AssemblyLine_003_460.mp4,s3://humyn-data-partners-prod/visionlab/visionlab/outbound/India_Ahmedabad_Mirana_AssemblyLine_003_460.mp4,715940202,2026-06-13 17:47:18
visionlab/visionlab/outbound/India_Ahmedabad_Mirana_AssemblyLine_003_461.mp4,s3://humyn-data-partners-prod/visionlab/visionlab/outbound/India_Ahmedabad_Mirana_AssemblyLine_003_461.mp4,599257076,2026-06-13 17:47:19
visionlab/visionlab/outbound/India_Ahmedabad_Mirana_AssemblyLine_003_462.mp4,s3://humyn-data-partners-prod/visionlab/visionlab/outbound/India_Ahmedabad_Mirana_AssemblyLine_003_462.mp4,669083155,2026-06-13 17:47:19
visionlab/visionlab/outbound/India_Ahmedabad_Mirana_AssemblyLine_003_463.mp4,s3://humyn-data-partners-prod/visionlab/visionlab/outbound/India_Ahmedabad_Mirana_AssemblyLine_003_463.mp4,559197786,2026-06-13 17:47:20
visionlab/visionlab/outbound/India_Ahmedabad_Mirana_AssemblyLine_003_464.mp4,s3://humyn-data-partners-prod/visionlab/visionlab/outbound/India_Ahmedabad_Mirana_AssemblyLine_003_464.mp4,279761895,2026-06-13 17:47:21
visionlab/visionlab/outbound/India_Ahmedabad_Mirana_AssemblyLine_003_465.mp4,s3://humyn-data-partners-prod/visionlab/visionlab/outbound/India_Ahmedabad_Mirana_AssemblyLine_003_465.mp4,554396750,2026-06-13 17:47:21
visionlab/visionlab/outbound/India_Ahmedabad_Mirana_AssemblyLine_003_466.mp4,s3://humyn-data-partners-prod/visionlab/visionlab/outbound/India_Ahmedabad_Mirana_AssemblyLine_003_466.mp4,583942574,2026-06-13 17:47:21
visionlab/visionlab/outbound/India_Ahmedabad_Mirana_AssemblyLine_003_467.mp4,s3://humyn-data-partners-prod/visionlab/visionlab/outbound/India_Ahmedabad_Mirana_AssemblyLine_003_467.mp4,646899484,2026-06-13 17:47:22
visionlab/visionlab/outbound/India_Ahmedabad_Mirana_AssemblyLine_003_468.mp4,s3://humyn-data-partners-prod/visionlab/visionlab/outbound/India_Ahmedabad_Mirana_AssemblyLine_003_468.mp4,744516181,2026-06-13 17:47:22
visionlab/visionlab/outbound/India_Ahmedabad_Mirana_AssemblyLine_003_469.mp4,s3://humyn-data-partners-prod/visionlab/visionlab/outbound/India_Ahmedabad_Mirana_AssemblyLine_003_469.mp4,437353492,2026-06-13 17:47:22
visionlab/visionlab/outbound/India_Ahmedabad_Mirana_AssemblyLine_003_470.mp4,s3://humyn-data-partners-prod/visionlab/visionlab/outbound/India_Ahmedabad_Mirana_AssemblyLine_003_470.mp4,867907007,2026-06-13 17:47:22
visionlab/visionlab/outbound/India_Ahmedabad_Mirana_AssemblyLine_003_471.mp4,s3://humyn-data-partners-prod/visionlab/visionlab/outbound/India_Ahmedabad_Mirana_AssemblyLine_003_471.mp4,545821993,2026-06-13 17:47:22
visionlab/visionlab/outbound/India_Ahmedabad_Mirana_AssemblyLine_003_472.mp4,s3://humyn-data-partners-prod/visionlab/visionlab/outbound/India_Ahmedabad_Mirana_AssemblyLine_003_472.mp4,450380491,2026-06-13 17:47:23
visionlab/visionlab/outbound/India_Ahmedabad_Mirana_AssemblyLine_003_473.mp4,s3://humyn-data-partners-prod/visionlab/visionlab/outbound/India_Ahmedabad_Mirana_AssemblyLine_003_473.mp4,602670288,2026-06-13 17:47:23
visionlab/visionlab/outbound/India_Ahmedabad_Mirana_AssemblyLine_003_474.mp4,s3://humyn-data-partners-prod/visionlab/visionlab/outbound/India_Ahmedabad_Mirana_AssemblyLine_003_474.mp4,521371050,2026-06-13 17:47:23
visionlab/visionlab/outbound/India_Ahmedabad_Mirana_AssemblyLine_003_475.mp4,s3://humyn-data-partners-prod/visionlab/visionlab/outbound/India_Ahmedabad_Mirana_AssemblyLine_003_475.mp4,563803212,2026-06-13 17:47:23
visionlab/visionlab/outbound/India_Ahmedabad_Mirana_AssemblyLine_003_476.mp4,s3://humyn-data-partners-prod/visionlab/visionlab/outbound/India_Ahmedabad_Mirana_AssemblyLine_003_476.mp4,751284283,2026-06-13 17:47:24
visionlab/visionlab/outbound/India_Ahmedabad_Mirana_AssemblyLine_003_477.mp4,s3://humyn-data-partners-prod/visionlab/visionlab/outbound/India_Ahmedabad_Mirana_AssemblyLine_003_477.mp4,535075704,2026-06-13 17:47:24
visionlab/visionlab/outbound/India_Ahmedabad_Mirana_AssemblyLine_003_478.mp4,s3://humyn-data-partners-prod/visionlab/visionlab/outbound/India_Ahmedabad_Mirana_AssemblyLine_003_478.mp4,687473322,2026-06-13 17:47:24
visionlab/visionlab/outbound/India_Ahmedabad_Mirana_AssemblyLine_003_479.mp4,s3://humyn-data-partners-prod/visionlab/visionlab/outbound/India_Ahmedabad_Mirana_AssemblyLine_003_479.mp4,536299768,2026-06-13 17:47:25
visionlab/visionlab/outbound/India_Ahmedabad_Mirana_AssemblyLine_003_480.mp4,s3://humyn-data-partners-prod/visionlab/visionlab/outbound/India_Ahmedabad_Mirana_AssemblyLine_003_480.mp4,627180044,2026-06-13 17:47:25
visionlab/visionlab/outbound/India_Ahmedabad_Mirana_AssemblyLine_003_481.mp4,s3://humyn-data-partners-prod/visionlab/visionlab/outbound/India_Ahmedabad_Mirana_AssemblyLine_003_481.mp4,511235457,2026-06-13 17:47:25
visionlab/visionlab/outbound/India_Ahmedabad_Mirana_AssemblyLine_003_482.mp4,s3://humyn-data-partners-prod/visionlab/visionlab/outbound/India_Ahmedabad_Mirana_AssemblyLine_003_482.mp4,658209880,2026-06-13 17:47:25
visionlab/visionlab/outbound/India_Ahmedabad_Mirana_AssemblyLine_003_483.mp4,s3://humyn-data-partners-prod/visionlab/visionlab/outbound/India_Ahmedabad_Mirana_AssemblyLine_003_483.mp4,424457995,2026-06-13 17:47:26
visionlab/visionlab/outbound/India_Ahmedabad_Mirana_AssemblyLine_003_484.mp4,s3://humyn-data-partners-prod/visionlab/visionlab/outbound/India_Ahmedabad_Mirana_AssemblyLine_003_484.mp4,537857238,2026-06-13 17:47:26
visionlab/visionlab/outbound/India_Ahmedabad_Mirana_AssemblyLine_003_485.mp4,s3://humyn-data-partners-prod/visionlab/visionlab/outbound/India_Ahmedabad_Mirana_AssemblyLine_003_485.mp4,493811245,2026-06-13 17:47:26
visionlab/visionlab/outbound/India_Ahmedabad_Mirana_AssemblyLine_003_486.mp4,s3://humyn-data-partners-prod/visionlab/visionlab/outbound/India_Ahmedabad_Mirana_AssemblyLine_003_486.mp4,607416468,2026-06-13 17:47:29
visionlab/visionlab/outbound/India_Ahmedabad_Mirana_AssemblyLine_003_487.mp4,s3://humyn-data-partners-prod/visionlab/visionlab/outbound/India_Ahmedabad_Mirana_AssemblyLine_003_487.mp4,634457032,2026-06-13 17:47:28
visionlab/visionlab/outbound/India_Ahmedabad_Mirana_AssemblyLine_003_488.mp4,s3://humyn-data-partners-prod/visionlab/visionlab/outbound/India_Ahmedabad_Mirana_AssemblyLine_003_488.mp4,432405158,2026-06-13 17:47:29
visionlab/visionlab/outbound/India_Ahmedabad_Mirana_AssemblyLine_003_489.mp4,s3://humyn-data-partners-prod/visionlab/visionlab/outbound/India_Ahmedabad_Mirana_AssemblyLine_003_489.mp4,225024846,2026-06-13 17:47:29
visionlab/visionlab/outbound/India_Ahmedabad_Mirana_AssemblyLine_003_490.mp4,s3://humyn-data-partners-prod/visionlab/visionlab/outbound/India_Ahmedabad_Mirana_AssemblyLine_003_490.mp4,360982006,2026-06-13 17:47:29
visionlab/visionlab/outbound/India_Ahmedabad_Mirana_AssemblyLine_003_491.mp4,s3://humyn-data-partners-prod/visionlab/visionlab/outbound/India_Ahmedabad_Mirana_AssemblyLine_003_491.mp4,607971532,2026-06-13 17:47:30
visionlab/visionlab/outbound/India_Ahmedabad_Mirana_AssemblyLine_003_492.mp4,s3://humyn-data-partners-prod/visionlab/visionlab/outbound/India_Ahmedabad_Mirana_AssemblyLine_003_492.mp4,713270846,2026-06-13 17:47:30
visionlab/visionlab/outbound/India_Ahmedabad_Mirana_AssemblyLine_003_493.mp4,s3://humyn-data-partners-prod/visionlab/visionlab/outbound/India_Ahmedabad_Mirana_AssemblyLine_003_493.mp4,570660861,2026-06-13 17:47:30
visionlab/visionlab/outbound/India_Ahmedabad_Mirana_AssemblyLine_003_494.mp4,s3://humyn-data-partners-prod/visionlab/visionlab/outbound/India_Ahmedabad_Mirana_AssemblyLine_003_494.mp4,389099239,2026-06-13 17:47:30
visionlab/visionlab/outbound/India_Ahmedabad_Mirana_AssemblyLine_003_495.mp4,s3://humyn-data-partners-prod/visionlab/visionlab/outbound/India_Ahmedabad_Mirana_AssemblyLine_003_495.mp4,628681504,2026-06-13 17:47:30
visionlab/visionlab/outbound/India_Ahmedabad_Mirana_AssemblyLine_003_496.mp4,s3://humyn-data-partners-prod/visionlab/visionlab/outbound/India_Ahmedabad_Mirana_AssemblyLine_003_496.mp4,543182700,2026-06-13 17:47:30
visionlab/visionlab/outbound/India_Ahmedabad_Mirana_AssemblyLine_003_497.mp4,s3://humyn-data-partners-prod/visionlab/visionlab/outbound/India_Ahmedabad_Mirana_AssemblyLine_003_497.mp4,552990103,2026-06-13 17:47:31
visionlab/visionlab/outbound/India_Ahmedabad_Mirana_AssemblyLine_003_498.mp4,s3://humyn-data-partners-prod/visionlab/visionlab/outbound/India_Ahmedabad_Mirana_AssemblyLine_003_498.mp4,478420780,2026-06-13 17:47:32
visionlab/visionlab/outbound/India_Ahmedabad_Mirana_AssemblyLine_003_499.mp4,s3://humyn-data-partners-prod/visionlab/visionlab/outbound/India_Ahmedabad_Mirana_AssemblyLine_003_499.mp4,631344039,2026-06-13 17:47:32
visionlab/visionlab/outbound/India_Ahmedabad_Mirana_AssemblyLine_003_500.mp4,s3://humyn-data-partners-prod/visionlab/visionlab/outbound/India_Ahmedabad_Mirana_AssemblyLine_003_500.mp4,548827088,2026-06-13 17:47:32
visionlab/visionlab/outbound/India_Ahmedabad_Mirana_AssemblyLine_003_501.mp4,s3://humyn-data-partners-prod/visionlab/visionlab/outbound/India_Ahmedabad_Mirana_AssemblyLine_003_501.mp4,666988203,2026-06-13 17:47:32
visionlab/visionlab/outbound/India_Ahmedabad_Mirana_AssemblyLine_003_502.mp4,s3://humyn-data-partners-prod/visionlab/visionlab/outbound/India_Ahmedabad_Mirana_AssemblyLine_003_502.mp4,631873503,2026-06-13 17:47:33
visionlab/visionlab/outbound/India_Ahmedabad_Mirana_AssemblyLine_003_503.mp4,s3://humyn-data-partners-prod/visionlab/visionlab/outbound/India_Ahmedabad_Mirana_AssemblyLine_003_503.mp4,622144193,2026-06-13 17:47:33
visionlab/visionlab/outbound/India_Ahmedabad_Mirana_AssemblyLine_003_504.mp4,s3://humyn-data-partners-prod/visionlab/visionlab/outbound/India_Ahmedabad_Mirana_AssemblyLine_003_504.mp4,545522181,2026-06-13 17:47:33
visionlab/visionlab/outbound/India_Ahmedabad_Mirana_AssemblyLine_003_505.mp4,s3://humyn-data-partners-prod/visionlab/visionlab/outbound/India_Ahmedabad_Mirana_AssemblyLine_003_505.mp4,564975048,2026-06-13 17:47:33
visionlab/visionlab/outbound/India_Ahmedabad_Mirana_AssemblyLine_003_506.mp4,s3://humyn-data-partners-prod/visionlab/visionlab/outbound/India_Ahmedabad_Mirana_AssemblyLine_003_506.mp4,863732599,2026-06-13 17:47:34
visionlab/visionlab/outbound/India_Ahmedabad_Mirana_AssemblyLine_003_507.mp4,s3://humyn-data-partners-prod/visionlab/visionlab/outbound/India_Ahmedabad_Mirana_AssemblyLine_003_507.mp4,619412228,2026-06-13 17:47:34
visionlab/visionlab/outbound/India_Ahmedabad_Mirana_AssemblyLine_003_508.mp4,s3://humyn-data-partners-prod/visionlab/visionlab/outbound/India_Ahmedabad_Mirana_AssemblyLine_003_508.mp4,658538380,2026-06-13 17:47:34
visionlab/visionlab/outbound/India_Ahmedabad_Mirana_AssemblyLine_003_509.mp4,s3://humyn-data-partners-prod/visionlab/visionlab/outbound/India_Ahmedabad_Mirana_AssemblyLine_003_509.mp4,691563916,2026-06-13 17:47:35
visionlab/visionlab/outbound/India_Ahmedabad_Mirana_AssemblyLine_003_510.mp4,s3://humyn-data-partners-prod/visionlab/visionlab/outbound/India_Ahmedabad_Mirana_AssemblyLine_003_510.mp4,657291219,2026-06-13 17:47:35
visionlab/visionlab/outbound/India_Ahmedabad_Mirana_AssemblyLine_003_511.mp4,s3://humyn-data-partners-prod/visionlab/visionlab/outbound/India_Ahmedabad_Mirana_AssemblyLine_003_511.mp4,541976618,2026-06-13 17:47:35
visionlab/visionlab/outbound/India_Ahmedabad_Mirana_AssemblyLine_003_512.mp4,s3://humyn-data-partners-prod/visionlab/visionlab/outbound/India_Ahmedabad_Mirana_AssemblyLine_003_512.mp4,511223934,2026-06-13 17:47:35
visionlab/visionlab/outbound/India_Ahmedabad_Mirana_AssemblyLine_003_513.mp4,s3://humyn-data-partners-prod/visionlab/visionlab/outbound/India_Ahmedabad_Mirana_AssemblyLine_003_513.mp4,715354513,2026-06-13 17:47:36
visionlab/visionlab/outbound/India_Ahmedabad_Mirana_AssemblyLine_003_514.mp4,s3://humyn-data-partners-prod/visionlab/visionlab/outbound/India_Ahmedabad_Mirana_AssemblyLine_003_514.mp4,597042985,2026-06-13 17:47:36
visionlab/visionlab/outbound/India_Ahmedabad_Mirana_AssemblyLine_003_515.mp4,s3://humyn-data-partners-prod/visionlab/visionlab/outbound/India_Ahmedabad_Mirana_AssemblyLine_003_515.mp4,552482359,2026-06-13 17:47:36
visionlab/visionlab/outbound/India_Ahmedabad_Mirana_AssemblyLine_003_516.mp4,s3://humyn-data-partners-prod/visionlab/visionlab/outbound/India_Ahmedabad_Mirana_AssemblyLine_003_516.mp4,375341263,2026-06-13 17:47:37
visionlab/visionlab/outbound/India_Ahmedabad_Mirana_AssemblyLine_003_517.mp4,s3://humyn-data-partners-prod/visionlab/visionlab/outbound/India_Ahmedabad_Mirana_AssemblyLine_003_517.mp4,637501834,2026-06-13 17:47:37
visionlab/visionlab/outbound/India_Ahmedabad_Mirana_AssemblyLine_003_518.mp4,s3://humyn-data-partners-prod/visionlab/visionlab/outbound/India_Ahmedabad_Mirana_AssemblyLine_003_518.mp4,722564626,2026-06-13 17:47:37
visionlab/visionlab/outbound/India_Ahmedabad_Mirana_AssemblyLine_003_519.mp4,s3://humyn-data-partners-prod/visionlab/visionlab/outbound/India_Ahmedabad_Mirana_AssemblyLine_003_519.mp4,653320476,2026-06-13 17:47:38
visionlab/visionlab/outbound/India_Ahmedabad_Mirana_AssemblyLine_003_520.mp4,s3://humyn-data-partners-prod/visionlab/visionlab/outbound/India_Ahmedabad_Mirana_AssemblyLine_003_520.mp4,492392838,2026-06-13 17:47:38
visionlab/visionlab/outbound/India_Ahmedabad_Mirana_AssemblyLine_003_521.mp4,s3://humyn-data-partners-prod/visionlab/visionlab/outbound/India_Ahmedabad_Mirana_AssemblyLine_003_521.mp4,575117120,2026-06-13 17:47:39
visionlab/visionlab/outbound/India_Ahmedabad_Mirana_AssemblyLine_003_522.mp4,s3://humyn-data-partners-prod/visionlab/visionlab/outbound/India_Ahmedabad_Mirana_AssemblyLine_003_522.mp4,587189088,2026-06-13 17:47:40
visionlab/visionlab/outbound/India_Ahmedabad_Mirana_AssemblyLine_003_523.mp4,s3://humyn-data-partners-prod/visionlab/visionlab/outbound/India_Ahmedabad_Mirana_AssemblyLine_003_523.mp4,650877423,2026-06-13 17:47:40
visionlab/visionlab/outbound/India_Ahmedabad_Mirana_AssemblyLine_003_524.mp4,s3://humyn-data-partners-prod/visionlab/visionlab/outbound/India_Ahmedabad_Mirana_AssemblyLine_003_524.mp4,574398208,2026-06-13 17:47:40
visionlab/visionlab/outbound/India_Ahmedabad_Mirana_AssemblyLine_003_525.mp4,s3://humyn-data-partners-prod/visionlab/visionlab/outbound/India_Ahmedabad_Mirana_AssemblyLine_003_525.mp4,566999392,2026-06-13 17:47:41
visionlab/visionlab/outbound/India_Ahmedabad_Mirana_AssemblyLine_003_526.mp4,s3://humyn-data-partners-prod/visionlab/visionlab/outbound/India_Ahmedabad_Mirana_AssemblyLine_003_526.mp4,542120162,2026-06-13 17:47:42
visionlab/visionlab/outbound/India_Ahmedabad_Mirana_AssemblyLine_003_527.mp4,s3://humyn-data-partners-prod/visionlab/visionlab/outbound/India_Ahmedabad_Mirana_AssemblyLine_003_527.mp4,541921123,2026-06-13 17:47:42
visionlab/visionlab/outbound/India_Ahmedabad_Mirana_AssemblyLine_003_528.mp4,s3://humyn-data-partners-prod/visionlab/visionlab/outbound/India_Ahmedabad_Mirana_AssemblyLine_003_528.mp4,628915177,2026-06-13 17:47:42
visionlab/visionlab/outbound/India_Ahmedabad_Mirana_AssemblyLine_003_529.mp4,s3://humyn-data-partners-prod/visionlab/visionlab/outbound/India_Ahmedabad_Mirana_AssemblyLine_003_529.mp4,559727869,2026-06-13 17:47:43
visionlab/visionlab/outbound/India_Ahmedabad_Mirana_AssemblyLine_003_530.mp4,s3://humyn-data-partners-prod/visionlab/visionlab/outbound/India_Ahmedabad_Mirana_AssemblyLine_003_530.mp4,673721958,2026-06-13 17:47:43
visionlab/visionlab/outbound/India_Ahmedabad_Mirana_AssemblyLine_003_531.mp4,s3://humyn-data-partners-prod/visionlab/visionlab/outbound/India_Ahmedabad_Mirana_AssemblyLine_003_531.mp4,521973720,2026-06-13 17:47:43
visionlab/visionlab/outbound/India_Ahmedabad_Mirana_AssemblyLine_003_532.mp4,s3://humyn-data-partners-prod/visionlab/visionlab/outbound/India_Ahmedabad_Mirana_AssemblyLine_003_532.mp4,569538672,2026-06-13 17:47:43
visionlab/visionlab/outbound/India_Ahmedabad_Mirana_AssemblyLine_003_533.mp4,s3://humyn-data-partners-prod/visionlab/visionlab/outbound/India_Ahmedabad_Mirana_AssemblyLine_003_533.mp4,636613672,2026-06-13 17:47:44
visionlab/visionlab/outbound/India_Ahmedabad_Mirana_AssemblyLine_003_534.mp4,s3://humyn-data-partners-prod/visionlab/visionlab/outbound/India_Ahmedabad_Mirana_AssemblyLine_003_534.mp4,552647307,2026-06-13 17:47:44
visionlab/visionlab/outbound/India_Ahmedabad_Mirana_AssemblyLine_003_535.mp4,s3://humyn-data-partners-prod/visionlab/visionlab/outbound/India_Ahmedabad_Mirana_AssemblyLine_003_535.mp4,543902915,2026-06-13 17:47:44
visionlab/visionlab/outbound/India_Ahmedabad_Mirana_AssemblyLine_003_536.mp4,s3://humyn-data-partners-prod/visionlab/visionlab/outbound/India_Ahmedabad_Mirana_AssemblyLine_003_536.mp4,514653572,2026-06-13 17:47:44
visionlab/visionlab/outbound/India_Ahmedabad_Mirana_AssemblyLine_003_537.mp4,s3://humyn-data-partners-prod/visionlab/visionlab/outbound/India_Ahmedabad_Mirana_AssemblyLine_003_537.mp4,578915114,2026-06-13 17:47:45
visionlab/visionlab/outbound/India_Ahmedabad_Mirana_AssemblyLine_003_538.mp4,s3://humyn-data-partners-prod/visionlab/visionlab/outbound/India_Ahmedabad_Mirana_AssemblyLine_003_538.mp4,559554335,2026-06-13 17:47:45
visionlab/visionlab/outbound/India_Ahmedabad_Mirana_AssemblyLine_003_539.mp4,s3://humyn-data-partners-prod/visionlab/visionlab/outbound/India_Ahmedabad_Mirana_AssemblyLine_003_539.mp4,669152923,2026-06-13 17:47:46
visionlab/visionlab/outbound/India_Ahmedabad_Mirana_AssemblyLine_003_540.mp4,s3://humyn-data-partners-prod/visionlab/visionlab/outbound/India_Ahmedabad_Mirana_AssemblyLine_003_540.mp4,668887812,2026-06-13 17:47:46
visionlab/visionlab/outbound/India_Ahmedabad_Mirana_AssemblyLine_003_541.mp4,s3://humyn-data-partners-prod/visionlab/visionlab/outbound/India_Ahmedabad_Mirana_AssemblyLine_003_541.mp4,479689971,2026-06-13 17:47:47
visionlab/visionlab/outbound/India_Ahmedabad_Mirana_AssemblyLine_003_542.mp4,s3://humyn-data-partners-prod/visionlab/visionlab/outbound/India_Ahmedabad_Mirana_AssemblyLine_003_542.mp4,681393235,2026-06-13 17:47:47
visionlab/visionlab/outbound/India_Ahmedabad_Mirana_AssemblyLine_003_543.mp4,s3://humyn-data-partners-prod/visionlab/visionlab/outbound/India_Ahmedabad_Mirana_AssemblyLine_003_543.mp4,478775246,2026-06-13 17:47:47
visionlab/visionlab/outbound/India_Ahmedabad_Mirana_AssemblyLine_003_544.mp4,s3://humyn-data-partners-prod/visionlab/visionlab/outbound/India_Ahmedabad_Mirana_AssemblyLine_003_544.mp4,564572006,2026-06-13 17:47:47
visionlab/visionlab/outbound/India_Ahmedabad_Mirana_AssemblyLine_003_545.mp4,s3://humyn-data-partners-prod/visionlab/visionlab/outbound/India_Ahmedabad_Mirana_AssemblyLine_003_545.mp4,486235262,2026-06-13 17:47:48
visionlab/visionlab/outbound/India_Ahmedabad_Mirana_AssemblyLine_003_546.mp4,s3://humyn-data-partners-prod/visionlab/visionlab/outbound/India_Ahmedabad_Mirana_AssemblyLine_003_546.mp4,585497421,2026-06-13 17:47:48
visionlab/visionlab/outbound/India_Ahmedabad_Mirana_AssemblyLine_003_547.mp4,s3://humyn-data-partners-prod/visionlab/visionlab/outbound/India_Ahmedabad_Mirana_AssemblyLine_003_547.mp4,609957798,2026-06-13 17:47:49
visionlab/visionlab/outbound/India_Ahmedabad_Mirana_AssemblyLine_003_548.mp4,s3://humyn-data-partners-prod/visionlab/visionlab/outbound/India_Ahmedabad_Mirana_AssemblyLine_003_548.mp4,659674678,2026-06-13 17:47:49
visionlab/visionlab/outbound/India_Ahmedabad_Mirana_AssemblyLine_003_549.mp4,s3://humyn-data-partners-prod/visionlab/visionlab/outbound/India_Ahmedabad_Mirana_AssemblyLine_003_549.mp4,578669775,2026-06-13 17:47:49
visionlab/visionlab/outbound/India_Ahmedabad_Mirana_AssemblyLine_003_550.mp4,s3://humyn-data-partners-prod/visionlab/visionlab/outbound/India_Ahmedabad_Mirana_AssemblyLine_003_550.mp4,581349670,2026-06-13 17:47:49
visionlab/visionlab/outbound/India_Ahmedabad_Mirana_AssemblyLine_003_551.mp4,s3://humyn-data-partners-prod/visionlab/visionlab/outbound/India_Ahmedabad_Mirana_AssemblyLine_003_551.mp4,587272961,2026-06-13 17:47:49
visionlab/visionlab/outbound/India_Ahmedabad_Mirana_AssemblyLine_003_552.mp4,s3://humyn-data-partners-prod/visionlab/visionlab/outbound/India_Ahmedabad_Mirana_AssemblyLine_003_552.mp4,587257506,2026-06-13 17:47:49
visionlab/visionlab/outbound/India_Ahmedabad_Mirana_AssemblyLine_003_553.mp4,s3://humyn-data-partners-prod/visionlab/visionlab/outbound/India_Ahmedabad_Mirana_AssemblyLine_003_553.mp4,591658347,2026-06-13 17:47:50
visionlab/visionlab/outbound/India_Ahmedabad_Mirana_AssemblyLine_003_554.mp4,s3://humyn-data-partners-prod/visionlab/visionlab/outbound/India_Ahmedabad_Mirana_AssemblyLine_003_554.mp4,447746344,2026-06-13 17:47:50
visionlab/visionlab/outbound/India_Ahmedabad_Mirana_AssemblyLine_003_555.mp4,s3://humyn-data-partners-prod/visionlab/visionlab/outbound/India_Ahmedabad_Mirana_AssemblyLine_003_555.mp4,648289764,2026-06-13 17:47:51
visionlab/visionlab/outbound/India_Ahmedabad_Mirana_AssemblyLine_003_556.mp4,s3://humyn-data-partners-prod/visionlab/visionlab/outbound/India_Ahmedabad_Mirana_AssemblyLine_003_556.mp4,441904046,2026-06-13 17:47:51
visionlab/visionlab/outbound/India_Ahmedabad_Mirana_AssemblyLine_003_557.mp4,s3://humyn-data-partners-prod/visionlab/visionlab/outbound/India_Ahmedabad_Mirana_AssemblyLine_003_557.mp4,400632214,2026-06-13 17:47:52
visionlab/visionlab/outbound/India_Ahmedabad_Mirana_AssemblyLine_003_558.mp4,s3://humyn-data-partners-prod/visionlab/visionlab/outbound/India_Ahmedabad_Mirana_AssemblyLine_003_558.mp4,513717795,2026-06-13 17:47:52
visionlab/visionlab/outbound/India_Ahmedabad_Mirana_AssemblyLine_003_559.mp4,s3://humyn-data-partners-prod/visionlab/visionlab/outbound/India_Ahmedabad_Mirana_AssemblyLine_003_559.mp4,602035652,2026-06-13 17:47:52
visionlab/visionlab/outbound/India_Ahmedabad_Mirana_AssemblyLine_003_560.mp4,s3://humyn-data-partners-prod/visionlab/visionlab/outbound/India_Ahmedabad_Mirana_AssemblyLine_003_560.mp4,582344181,2026-06-13 17:47:53
visionlab/visionlab/outbound/India_Ahmedabad_Mirana_AssemblyLine_003_561.mp4,s3://humyn-data-partners-prod/visionlab/visionlab/outbound/India_Ahmedabad_Mirana_AssemblyLine_003_561.mp4,715658561,2026-06-13 17:47:53
visionlab/visionlab/outbound/India_Ahmedabad_Mirana_AssemblyLine_003_562.mp4,s3://humyn-data-partners-prod/visionlab/visionlab/outbound/India_Ahmedabad_Mirana_AssemblyLine_003_562.mp4,543557179,2026-06-13 17:47:54
visionlab/visionlab/outbound/India_Ahmedabad_Mirana_AssemblyLine_003_563.mp4,s3://humyn-data-partners-prod/visionlab/visionlab/outbound/India_Ahmedabad_Mirana_AssemblyLine_003_563.mp4,397228664,2026-06-13 17:47:55
visionlab/visionlab/outbound/India_Ahmedabad_Mirana_AssemblyLine_003_564.mp4,s3://humyn-data-partners-prod/visionlab/visionlab/outbound/India_Ahmedabad_Mirana_AssemblyLine_003_564.mp4,560090634,2026-06-13 17:47:55
visionlab/visionlab/outbound/India_Ahmedabad_Mirana_AssemblyLine_003_565.mp4,s3://humyn-data-partners-prod/visionlab/visionlab/outbound/India_Ahmedabad_Mirana_AssemblyLine_003_565.mp4,724134873,2026-06-13 17:47:56
visionlab/visionlab/outbound/India_Ahmedabad_Mirana_AssemblyLine_003_566.mp4,s3://humyn-data-partners-prod/visionlab/visionlab/outbound/India_Ahmedabad_Mirana_AssemblyLine_003_566.mp4,678447681,2026-06-13 17:47:56
visionlab/visionlab/outbound/India_Ahmedabad_Mirana_AssemblyLine_003_567.mp4,s3://humyn-data-partners-prod/visionlab/visionlab/outbound/India_Ahmedabad_Mirana_AssemblyLine_003_567.mp4,543801229,2026-06-13 17:47:56
visionlab/visionlab/outbound/India_Ahmedabad_Mirana_AssemblyLine_003_568.mp4,s3://humyn-data-partners-prod/visionlab/visionlab/outbound/India_Ahmedabad_Mirana_AssemblyLine_003_568.mp4,631758251,2026-06-13 17:47:57
visionlab/visionlab/outbound/India_Ahmedabad_Mirana_AssemblyLine_003_569.mp4,s3://humyn-data-partners-prod/visionlab/visionlab/outbound/India_Ahmedabad_Mirana_AssemblyLine_003_569.mp4,663994404,2026-06-13 17:47:57
visionlab/visionlab/outbound/India_Ahmedabad_Mirana_AssemblyLine_003_570.mp4,s3://humyn-data-partners-prod/visionlab/visionlab/outbound/India_Ahmedabad_Mirana_AssemblyLine_003_570.mp4,553035819,2026-06-13 17:47:57
visionlab/visionlab/outbound/India_Ahmedabad_Mirana_AssemblyLine_003_571.mp4,s3://humyn-data-partners-prod/visionlab/visionlab/outbound/India_Ahmedabad_Mirana_AssemblyLine_003_571.mp4,1011377659,2026-06-13 17:47:57
visionlab/visionlab/outbound/India_Ahmedabad_Mirana_AssemblyLine_003_572.mp4,s3://humyn-data-partners-prod/visionlab/visionlab/outbound/India_Ahmedabad_Mirana_AssemblyLine_003_572.mp4,675061405,2026-06-13 17:47:57
visionlab/visionlab/outbound/India_Ahmedabad_Mirana_AssemblyLine_003_573.mp4,s3://humyn-data-partners-prod/visionlab/visionlab/outbound/India_Ahmedabad_Mirana_AssemblyLine_003_573.mp4,678080151,2026-06-13 17:47:59
visionlab/visionlab/outbound/India_Ahmedabad_Mirana_AssemblyLine_003_574.mp4,s3://humyn-data-partners-prod/visionlab/visionlab/outbound/India_Ahmedabad_Mirana_AssemblyLine_003_574.mp4,605926155,2026-06-13 17:48:00
visionlab/visionlab/outbound/India_Ahmedabad_Mirana_AssemblyLine_003_575.mp4,s3://humyn-data-partners-prod/visionlab/visionlab/outbound/India_Ahmedabad_Mirana_AssemblyLine_003_575.mp4,480714226,2026-06-13 17:48:00
visionlab/visionlab/outbound/India_Ahmedabad_Mirana_AssemblyLine_003_576.mp4,s3://humyn-data-partners-prod/visionlab/visionlab/outbound/India_Ahmedabad_Mirana_AssemblyLine_003_576.mp4,487013628,2026-06-13 17:48:00
visionlab/visionlab/outbound/India_Ahmedabad_Mirana_AssemblyLine_003_577.mp4,s3://humyn-data-partners-prod/visionlab/visionlab/outbound/India_Ahmedabad_Mirana_AssemblyLine_003_577.mp4,663391413,2026-06-13 17:48:00
visionlab/visionlab/outbound/India_Ahmedabad_Mirana_AssemblyLine_003_578.mp4,s3://humyn-data-partners-prod/visionlab/visionlab/outbound/India_Ahmedabad_Mirana_AssemblyLine_003_578.mp4,460104253,2026-06-13 17:48:00
visionlab/visionlab/outbound/India_Ahmedabad_Mirana_AssemblyLine_003_579.mp4,s3://humyn-data-partners-prod/visionlab/visionlab/outbound/India_Ahmedabad_Mirana_AssemblyLine_003_579.mp4,619167354,2026-06-13 17:48:01
visionlab/visionlab/outbound/India_Ahmedabad_Mirana_AssemblyLine_003_580.mp4,s3://humyn-data-partners-prod/visionlab/visionlab/outbound/India_Ahmedabad_Mirana_AssemblyLine_003_580.mp4,544930082,2026-06-13 17:48:01
visionlab/visionlab/outbound/India_Ahmedabad_Mirana_AssemblyLine_003_581.mp4,s3://humyn-data-partners-prod/visionlab/visionlab/outbound/India_Ahmedabad_Mirana_AssemblyLine_003_581.mp4,397301394,2026-06-13 17:48:02
visionlab/visionlab/outbound/India_Ahmedabad_Mirana_AssemblyLine_003_582.mp4,s3://humyn-data-partners-prod/visionlab/visionlab/outbound/India_Ahmedabad_Mirana_AssemblyLine_003_582.mp4,576707527,2026-06-13 17:48:02
visionlab/visionlab/outbound/India_Ahmedabad_Mirana_AssemblyLine_003_583.mp4,s3://humyn-data-partners-prod/visionlab/visionlab/outbound/India_Ahmedabad_Mirana_AssemblyLine_003_583.mp4,771052207,2026-06-13 17:48:02
visionlab/visionlab/outbound/India_Ahmedabad_Mirana_AssemblyLine_003_584.mp4,s3://humyn-data-partners-prod/visionlab/visionlab/outbound/India_Ahmedabad_Mirana_AssemblyLine_003_584.mp4,647982175,2026-06-13 17:48:02
visionlab/visionlab/outbound/India_Ahmedabad_Mirana_AssemblyLine_003_585.mp4,s3://humyn-data-partners-prod/visionlab/visionlab/outbound/India_Ahmedabad_Mirana_AssemblyLine_003_585.mp4,489536122,2026-06-13 17:48:02
visionlab/visionlab/outbound/India_Ahmedabad_Mirana_AssemblyLine_003_586.mp4,s3://humyn-data-partners-prod/visionlab/visionlab/outbound/India_Ahmedabad_Mirana_AssemblyLine_003_586.mp4,585972209,2026-06-13 17:48:02
visionlab/visionlab/outbound/India_Ahmedabad_Mirana_AssemblyLine_003_587.mp4,s3://humyn-data-partners-prod/visionlab/visionlab/outbound/India_Ahmedabad_Mirana_AssemblyLine_003_587.mp4,897073812,2026-06-13 17:48:03
visionlab/visionlab/outbound/India_Ahmedabad_Mirana_AssemblyLine_003_588.mp4,s3://humyn-data-partners-prod/visionlab/visionlab/outbound/India_Ahmedabad_Mirana_AssemblyLine_003_588.mp4,499057002,2026-06-13 17:48:03
visionlab/visionlab/outbound/India_Ahmedabad_Mirana_AssemblyLine_003_589.mp4,s3://humyn-data-partners-prod/visionlab/visionlab/outbound/India_Ahmedabad_Mirana_AssemblyLine_003_589.mp4,569326278,2026-06-13 17:48:03
visionlab/visionlab/outbound/India_Ahmedabad_Mirana_AssemblyLine_003_590.mp4,s3://humyn-data-partners-prod/visionlab/visionlab/outbound/India_Ahmedabad_Mirana_AssemblyLine_003_590.mp4,616950850,2026-06-13 17:48:04
visionlab/visionlab/outbound/India_Ahmedabad_Mirana_AssemblyLine_003_591.mp4,s3://humyn-data-partners-prod/visionlab/visionlab/outbound/India_Ahmedabad_Mirana_AssemblyLine_003_591.mp4,612719698,2026-06-13 17:48:04
visionlab/visionlab/outbound/India_Ahmedabad_Mirana_AssemblyLine_003_592.mp4,s3://humyn-data-partners-prod/visionlab/visionlab/outbound/India_Ahmedabad_Mirana_AssemblyLine_003_592.mp4,616024821,2026-06-13 17:48:05
visionlab/visionlab/outbound/India_Ahmedabad_Mirana_AssemblyLine_003_593.mp4,s3://humyn-data-partners-prod/visionlab/visionlab/outbound/India_Ahmedabad_Mirana_AssemblyLine_003_593.mp4,567587625,2026-06-13 17:48:05
visionlab/visionlab/outbound/India_Ahmedabad_Mirana_AssemblyLine_003_594.mp4,s3://humyn-data-partners-prod/visionlab/visionlab/outbound/India_Ahmedabad_Mirana_AssemblyLine_003_594.mp4,466470122,2026-06-13 17:48:06
visionlab/visionlab/outbound/India_Ahmedabad_Mirana_AssemblyLine_003_595.mp4,s3://humyn-data-partners-prod/visionlab/visionlab/outbound/India_Ahmedabad_Mirana_AssemblyLine_003_595.mp4,985125929,2026-06-13 17:48:08
visionlab/visionlab/outbound/India_Ahmedabad_Mirana_AssemblyLine_003_596.mp4,s3://humyn-data-partners-prod/visionlab/visionlab/outbound/India_Ahmedabad_Mirana_AssemblyLine_003_596.mp4,640661218,2026-06-13 17:48:08
visionlab/visionlab/outbound/India_Ahmedabad_Mirana_AssemblyLine_003_597.mp4,s3://humyn-data-partners-prod/visionlab/visionlab/outbound/India_Ahmedabad_Mirana_AssemblyLine_003_597.mp4,653063460,2026-06-13 17:48:09
visionlab/visionlab/outbound/India_Ahmedabad_Mirana_AssemblyLine_003_598.mp4,s3://humyn-data-partners-prod/visionlab/visionlab/outbound/India_Ahmedabad_Mirana_AssemblyLine_003_598.mp4,524297502,2026-06-13 17:48:09
visionlab/visionlab/outbound/India_Ahmedabad_Mirana_AssemblyLine_003_599.mp4,s3://humyn-data-partners-prod/visionlab/visionlab/outbound/India_Ahmedabad_Mirana_AssemblyLine_003_599.mp4,598481853,2026-06-13 17:48:11
visionlab/visionlab/outbound/India_Ahmedabad_Mirana_AssemblyLine_003_600.mp4,s3://humyn-data-partners-prod/visionlab/visionlab/outbound/India_Ahmedabad_Mirana_AssemblyLine_003_600.mp4,537295847,2026-06-13 17:48:11
visionlab/visionlab/outbound/India_Ahmedabad_Mirana_AssemblyLine_003_601.mp4,s3://humyn-data-partners-prod/visionlab/visionlab/outbound/India_Ahmedabad_Mirana_AssemblyLine_003_601.mp4,406547401,2026-06-13 17:48:11
visionlab/visionlab/outbound/India_Ahmedabad_Mirana_AssemblyLine_003_602.mp4,s3://humyn-data-partners-prod/visionlab/visionlab/outbound/India_Ahmedabad_Mirana_AssemblyLine_003_602.mp4,544207987,2026-06-13 17:48:11
visionlab/visionlab/outbound/India_Ahmedabad_Mirana_AssemblyLine_003_603.mp4,s3://humyn-data-partners-prod/visionlab/visionlab/outbound/India_Ahmedabad_Mirana_AssemblyLine_003_603.mp4,658115596,2026-06-13 17:48:11
visionlab/visionlab/outbound/India_Ahmedabad_Mirana_AssemblyLine_003_604.mp4,s3://humyn-data-partners-prod/visionlab/visionlab/outbound/India_Ahmedabad_Mirana_AssemblyLine_003_604.mp4,633071083,2026-06-13 17:48:11
visionlab/visionlab/outbound/India_Ahmedabad_Mirana_AssemblyLine_003_605.mp4,s3://humyn-data-partners-prod/visionlab/visionlab/outbound/India_Ahmedabad_Mirana_AssemblyLine_003_605.mp4,564972619,2026-06-13 17:48:11
visionlab/visionlab/outbound/India_Ahmedabad_Mirana_AssemblyLine_003_606.mp4,s3://humyn-data-partners-prod/visionlab/visionlab/outbound/India_Ahmedabad_Mirana_AssemblyLine_003_606.mp4,516803304,2026-06-13 17:48:11
visionlab/visionlab/outbound/India_Ahmedabad_Mirana_AssemblyLine_003_607.mp4,s3://humyn-data-partners-prod/visionlab/visionlab/outbound/India_Ahmedabad_Mirana_AssemblyLine_003_607.mp4,312224327,2026-06-13 17:48:12
visionlab/visionlab/outbound/India_Ahmedabad_Mirana_AssemblyLine_003_608.mp4,s3://humyn-data-partners-prod/visionlab/visionlab/outbound/India_Ahmedabad_Mirana_AssemblyLine_003_608.mp4,646732983,2026-06-13 17:48:12
visionlab/visionlab/outbound/India_Ahmedabad_Mirana_AssemblyLine_003_609.mp4,s3://humyn-data-partners-prod/visionlab/visionlab/outbound/India_Ahmedabad_Mirana_AssemblyLine_003_609.mp4,628431499,2026-06-13 17:48:12
visionlab/visionlab/outbound/India_Ahmedabad_Mirana_AssemblyLine_003_610.mp4,s3://humyn-data-partners-prod/visionlab/visionlab/outbound/India_Ahmedabad_Mirana_AssemblyLine_003_610.mp4,723525441,2026-06-13 17:48:12
visionlab/visionlab/outbound/India_Ahmedabad_Mirana_AssemblyLine_003_611.mp4,s3://humyn-data-partners-prod/visionlab/visionlab/outbound/India_Ahmedabad_Mirana_AssemblyLine_003_611.mp4,663909469,2026-06-13 17:48:13
visionlab/visionlab/outbound/India_Ahmedabad_Mirana_AssemblyLine_003_612.mp4,s3://humyn-data-partners-prod/visionlab/visionlab/outbound/India_Ahmedabad_Mirana_AssemblyLine_003_612.mp4,548858900,2026-06-13 17:48:13
visionlab/visionlab/outbound/India_Ahmedabad_Mirana_AssemblyLine_003_613.mp4,s3://humyn-data-partners-prod/visionlab/visionlab/outbound/India_Ahmedabad_Mirana_AssemblyLine_003_613.mp4,652145649,2026-06-13 17:48:13
visionlab/visionlab/outbound/India_Ahmedabad_Mirana_AssemblyLine_003_614.mp4,s3://humyn-data-partners-prod/visionlab/visionlab/outbound/India_Ahmedabad_Mirana_AssemblyLine_003_614.mp4,424636562,2026-06-13 17:48:14
visionlab/visionlab/outbound/India_Ahmedabad_Mirana_AssemblyLine_003_615.mp4,s3://humyn-data-partners-prod/visionlab/visionlab/outbound/India_Ahmedabad_Mirana_AssemblyLine_003_615.mp4,410330085,2026-06-13 17:48:14
visionlab/visionlab/outbound/India_Ahmedabad_Mirana_AssemblyLine_003_616.mp4,s3://humyn-data-partners-prod/visionlab/visionlab/outbound/India_Ahmedabad_Mirana_AssemblyLine_003_616.mp4,571520806,2026-06-13 17:48:14
visionlab/visionlab/outbound/India_Ahmedabad_Mirana_AssemblyLine_003_617.mp4,s3://humyn-data-partners-prod/visionlab/visionlab/outbound/India_Ahmedabad_Mirana_AssemblyLine_003_617.mp4,657806351,2026-06-13 17:48:15
visionlab/visionlab/outbound/India_Ahmedabad_Mirana_AssemblyLine_003_618.mp4,s3://humyn-data-partners-prod/visionlab/visionlab/outbound/India_Ahmedabad_Mirana_AssemblyLine_003_618.mp4,627262116,2026-06-13 17:48:15
visionlab/visionlab/outbound/India_Ahmedabad_Mirana_AssemblyLine_003_619.mp4,s3://humyn-data-partners-prod/visionlab/visionlab/outbound/India_Ahmedabad_Mirana_AssemblyLine_003_619.mp4,721045615,2026-06-13 17:48:15
visionlab/visionlab/outbound/India_Ahmedabad_Mirana_AssemblyLine_003_620.mp4,s3://humyn-data-partners-prod/visionlab/visionlab/outbound/India_Ahmedabad_Mirana_AssemblyLine_003_620.mp4,653669231,2026-06-13 17:48:15
visionlab/visionlab/outbound/India_Ahmedabad_Mirana_AssemblyLine_003_621.mp4,s3://humyn-data-partners-prod/visionlab/visionlab/outbound/India_Ahmedabad_Mirana_AssemblyLine_003_621.mp4,486411601,2026-06-13 17:48:15
visionlab/visionlab/outbound/India_Ahmedabad_Mirana_AssemblyLine_003_622.mp4,s3://humyn-data-partners-prod/visionlab/visionlab/outbound/India_Ahmedabad_Mirana_AssemblyLine_003_622.mp4,998782052,2026-06-13 17:48:17
visionlab/visionlab/outbound/India_Ahmedabad_Mirana_AssemblyLine_003_623.mp4,s3://humyn-data-partners-prod/visionlab/visionlab/outbound/India_Ahmedabad_Mirana_AssemblyLine_003_623.mp4,580495242,2026-06-13 17:48:18
visionlab/visionlab/outbound/India_Ahmedabad_Mirana_AssemblyLine_003_624.mp4,s3://humyn-data-partners-prod/visionlab/visionlab/outbound/India_Ahmedabad_Mirana_AssemblyLine_003_624.mp4,597096920,2026-06-13 17:48:18
visionlab/visionlab/outbound/India_Ahmedabad_Mirana_AssemblyLine_003_625.mp4,s3://humyn-data-partners-prod/visionlab/visionlab/outbound/India_Ahmedabad_Mirana_AssemblyLine_003_625.mp4,580436210,2026-06-13 17:48:18
visionlab/visionlab/outbound/India_Ahmedabad_Mirana_AssemblyLine_003_626.mp4,s3://humyn-data-partners-prod/visionlab/visionlab/outbound/India_Ahmedabad_Mirana_AssemblyLine_003_626.mp4,589307309,2026-06-13 17:48:18
visionlab/visionlab/outbound/India_Ahmedabad_Mirana_AssemblyLine_003_627.mp4,s3://humyn-data-partners-prod/visionlab/visionlab/outbound/India_Ahmedabad_Mirana_AssemblyLine_003_627.mp4,468276343,2026-06-13 17:48:18
visionlab/visionlab/outbound/India_Ahmedabad_Mirana_AssemblyLine_003_628.mp4,s3://humyn-data-partners-prod/visionlab/visionlab/outbound/India_Ahmedabad_Mirana_AssemblyLine_003_628.mp4,635306797,2026-06-13 17:48:19
visionlab/visionlab/outbound/India_Ahmedabad_Mirana_AssemblyLine_003_629.mp4,s3://humyn-data-partners-prod/visionlab/visionlab/outbound/India_Ahmedabad_Mirana_AssemblyLine_003_629.mp4,608884522,2026-06-13 17:48:20
visionlab/visionlab/outbound/India_Ahmedabad_Mirana_AssemblyLine_003_630.mp4,s3://humyn-data-partners-prod/visionlab/visionlab/outbound/India_Ahmedabad_Mirana_AssemblyLine_003_630.mp4,648903646,2026-06-13 17:48:21
visionlab/visionlab/outbound/India_Ahmedabad_Mirana_AssemblyLine_003_631.mp4,s3://humyn-data-partners-prod/visionlab/visionlab/outbound/India_Ahmedabad_Mirana_AssemblyLine_003_631.mp4,475126882,2026-06-13 17:48:22
visionlab/visionlab/outbound/India_Ahmedabad_Mirana_AssemblyLine_003_632.mp4,s3://humyn-data-partners-prod/visionlab/visionlab/outbound/India_Ahmedabad_Mirana_AssemblyLine_003_632.mp4,445489343,2026-06-13 17:48:22
visionlab/visionlab/outbound/India_Ahmedabad_Mirana_AssemblyLine_003_633.mp4,s3://humyn-data-partners-prod/visionlab/visionlab/outbound/India_Ahmedabad_Mirana_AssemblyLine_003_633.mp4,590148074,2026-06-13 17:48:23
visionlab/visionlab/outbound/India_Ahmedabad_Mirana_AssemblyLine_003_634.mp4,s3://humyn-data-partners-prod/visionlab/visionlab/outbound/India_Ahmedabad_Mirana_AssemblyLine_003_634.mp4,552064756,2026-06-13 17:48:23
visionlab/visionlab/outbound/India_Ahmedabad_Mirana_AssemblyLine_003_635.mp4,s3://humyn-data-partners-prod/visionlab/visionlab/outbound/India_Ahmedabad_Mirana_AssemblyLine_003_635.mp4,715550509,2026-06-13 17:48:23
visionlab/visionlab/outbound/India_Ahmedabad_Mirana_AssemblyLine_003_636.mp4,s3://humyn-data-partners-prod/visionlab/visionlab/outbound/India_Ahmedabad_Mirana_AssemblyLine_003_636.mp4,629869298,2026-06-13 17:48:23
visionlab/visionlab/outbound/India_Ahmedabad_Mirana_AssemblyLine_003_637.mp4,s3://humyn-data-partners-prod/visionlab/visionlab/outbound/India_Ahmedabad_Mirana_AssemblyLine_003_637.mp4,677699000,2026-06-13 17:48:23
visionlab/visionlab/outbound/India_Ahmedabad_Mirana_AssemblyLine_003_638.mp4,s3://humyn-data-partners-prod/visionlab/visionlab/outbound/India_Ahmedabad_Mirana_AssemblyLine_003_638.mp4,622345365,2026-06-13 17:48:24
visionlab/visionlab/outbound/India_Ahmedabad_Mirana_AssemblyLine_003_639.mp4,s3://humyn-data-partners-prod/visionlab/visionlab/outbound/India_Ahmedabad_Mirana_AssemblyLine_003_639.mp4,666048660,2026-06-13 17:48:24
visionlab/visionlab/outbound/India_Ahmedabad_Mirana_AssemblyLine_003_640.mp4,s3://humyn-data-partners-prod/visionlab/visionlab/outbound/India_Ahmedabad_Mirana_AssemblyLine_003_640.mp4,622557594,2026-06-13 17:48:24
visionlab/visionlab/outbound/India_Ahmedabad_Mirana_AssemblyLine_003_641.mp4,s3://humyn-data-partners-prod/visionlab/visionlab/outbound/India_Ahmedabad_Mirana_AssemblyLine_003_641.mp4,531817047,2026-06-13 17:48:24
visionlab/visionlab/outbound/India_Ahmedabad_Mirana_AssemblyLine_003_642.mp4,s3://humyn-data-partners-prod/visionlab/visionlab/outbound/India_Ahmedabad_Mirana_AssemblyLine_003_642.mp4,719196806,2026-06-13 17:48:24
visionlab/visionlab/outbound/India_Ahmedabad_Mirana_AssemblyLine_003_643.mp4,s3://humyn-data-partners-prod/visionlab/visionlab/outbound/India_Ahmedabad_Mirana_AssemblyLine_003_643.mp4,503601380,2026-06-13 17:48:25
visionlab/visionlab/outbound/India_Ahmedabad_Mirana_AssemblyLine_003_644.mp4,s3://humyn-data-partners-prod/visionlab/visionlab/outbound/India_Ahmedabad_Mirana_AssemblyLine_003_644.mp4,277887750,2026-06-13 17:48:25
visionlab/visionlab/outbound/India_Ahmedabad_Mirana_AssemblyLine_003_645.mp4,s3://humyn-data-partners-prod/visionlab/visionlab/outbound/India_Ahmedabad_Mirana_AssemblyLine_003_645.mp4,370655922,2026-06-13 17:48:25
visionlab/visionlab/outbound/India_Ahmedabad_Mirana_AssemblyLine_003_646.mp4,s3://humyn-data-partners-prod/visionlab/visionlab/outbound/India_Ahmedabad_Mirana_AssemblyLine_003_646.mp4,637550293,2026-06-13 17:48:25
visionlab/visionlab/outbound/India_Ahmedabad_Mirana_AssemblyLine_003_647.mp4,s3://humyn-data-partners-prod/visionlab/visionlab/outbound/India_Ahmedabad_Mirana_AssemblyLine_003_647.mp4,450143294,2026-06-13 17:48:26
visionlab/visionlab/outbound/India_Ahmedabad_Mirana_AssemblyLine_003_648.mp4,s3://humyn-data-partners-prod/visionlab/visionlab/outbound/India_Ahmedabad_Mirana_AssemblyLine_003_648.mp4,461597728,2026-06-13 17:48:26
visionlab/visionlab/outbound/India_Ahmedabad_Mirana_AssemblyLine_003_649.mp4,s3://humyn-data-partners-prod/visionlab/visionlab/outbound/India_Ahmedabad_Mirana_AssemblyLine_003_649.mp4,662413406,2026-06-13 17:48:26
visionlab/visionlab/outbound/India_Ahmedabad_Mirana_AssemblyLine_003_650.mp4,s3://humyn-data-partners-prod/visionlab/visionlab/outbound/India_Ahmedabad_Mirana_AssemblyLine_003_650.mp4,459587987,2026-06-13 17:48:26
visionlab/visionlab/outbound/India_Ahmedabad_Mirana_AssemblyLine_003_651.mp4,s3://humyn-data-partners-prod/visionlab/visionlab/outbound/India_Ahmedabad_Mirana_AssemblyLine_003_651.mp4,503794700,2026-06-13 17:48:26
visionlab/visionlab/outbound/India_Ahmedabad_Mirana_AssemblyLine_003_652.mp4,s3://humyn-data-partners-prod/visionlab/visionlab/outbound/India_Ahmedabad_Mirana_AssemblyLine_003_652.mp4,573695474,2026-06-13 17:48:28
visionlab/visionlab/outbound/India_Ahmedabad_Mirana_AssemblyLine_003_653.mp4,s3://humyn-data-partners-prod/visionlab/visionlab/outbound/India_Ahmedabad_Mirana_AssemblyLine_003_653.mp4,502657321,2026-06-13 17:48:28
visionlab/visionlab/outbound/India_Ahmedabad_Mirana_AssemblyLine_003_654.mp4,s3://humyn-data-partners-prod/visionlab/visionlab/outbound/India_Ahmedabad_Mirana_AssemblyLine_003_654.mp4,575485588,2026-06-13 17:48:29
visionlab/visionlab/outbound/India_Ahmedabad_Mirana_AssemblyLine_003_655.mp4,s3://humyn-data-partners-prod/visionlab/visionlab/outbound/India_Ahmedabad_Mirana_AssemblyLine_003_655.mp4,475269351,2026-06-13 17:48:30
visionlab/visionlab/outbound/India_Ahmedabad_Mirana_AssemblyLine_003_656.mp4,s3://humyn-data-partners-prod/visionlab/visionlab/outbound/India_Ahmedabad_Mirana_AssemblyLine_003_656.mp4,731494437,2026-06-13 17:48:30
visionlab/visionlab/outbound/India_Ahmedabad_Mirana_AssemblyLine_003_657.mp4,s3://humyn-data-partners-prod/visionlab/visionlab/outbound/India_Ahmedabad_Mirana_AssemblyLine_003_657.mp4,591439311,2026-06-13 17:48:31
visionlab/visionlab/outbound/India_Ahmedabad_Mirana_AssemblyLine_003_658.mp4,s3://humyn-data-partners-prod/visionlab/visionlab/outbound/India_Ahmedabad_Mirana_AssemblyLine_003_658.mp4,653780839,2026-06-13 17:48:31
visionlab/visionlab/outbound/India_Ahmedabad_Mirana_AssemblyLine_003_659.mp4,s3://humyn-data-partners-prod/visionlab/visionlab/outbound/India_Ahmedabad_Mirana_AssemblyLine_003_659.mp4,976815726,2026-06-13 17:48:32
visionlab/visionlab/outbound/India_Ahmedabad_Mirana_AssemblyLine_003_660.mp4,s3://humyn-data-partners-prod/visionlab/visionlab/outbound/India_Ahmedabad_Mirana_AssemblyLine_003_660.mp4,1595805543,2026-06-13 17:48:32
visionlab/visionlab/outbound/India_Ahmedabad_Mirana_AssemblyLine_003_661.mp4,s3://humyn-data-partners-prod/visionlab/visionlab/outbound/India_Ahmedabad_Mirana_AssemblyLine_003_661.mp4,634256391,2026-06-13 17:48:33
visionlab/visionlab/outbound/India_Ahmedabad_Mirana_AssemblyLine_003_662.mp4,s3://humyn-data-partners-prod/visionlab/visionlab/outbound/India_Ahmedabad_Mirana_AssemblyLine_003_662.mp4,734943565,2026-06-13 17:48:33
visionlab/visionlab/outbound/India_Ahmedabad_Mirana_AssemblyLine_003_663.mp4,s3://humyn-data-partners-prod/visionlab/visionlab/outbound/India_Ahmedabad_Mirana_AssemblyLine_003_663.mp4,566190780,2026-06-13 17:48:34
visionlab/visionlab/outbound/India_Ahmedabad_Mirana_AssemblyLine_003_664.mp4,s3://humyn-data-partners-prod/visionlab/visionlab/outbound/India_Ahmedabad_Mirana_AssemblyLine_003_664.mp4,590894631,2026-06-13 17:48:34
visionlab/visionlab/outbound/India_Ahmedabad_Mirana_AssemblyLine_003_665.mp4,s3://humyn-data-partners-prod/visionlab/visionlab/outbound/India_Ahmedabad_Mirana_AssemblyLine_003_665.mp4,556001237,2026-06-13 17:48:34
visionlab/visionlab/outbound/India_Ahmedabad_Mirana_AssemblyLine_003_666.mp4,s3://humyn-data-partners-prod/visionlab/visionlab/outbound/India_Ahmedabad_Mirana_AssemblyLine_003_666.mp4,634914685,2026-06-13 17:48:34
visionlab/visionlab/outbound/India_Ahmedabad_Mirana_AssemblyLine_003_667.mp4,s3://humyn-data-partners-prod/visionlab/visionlab/outbound/India_Ahmedabad_Mirana_AssemblyLine_003_667.mp4,580551590,2026-06-13 17:48:35
visionlab/visionlab/outbound/India_Ahmedabad_Mirana_AssemblyLine_003_668.mp4,s3://humyn-data-partners-prod/visionlab/visionlab/outbound/India_Ahmedabad_Mirana_AssemblyLine_003_668.mp4,536936040,2026-06-13 17:48:35
visionlab/visionlab/outbound/India_Ahmedabad_Mirana_AssemblyLine_003_669.mp4,s3://humyn-data-partners-prod/visionlab/visionlab/outbound/India_Ahmedabad_Mirana_AssemblyLine_003_669.mp4,545838183,2026-06-13 17:48:35
visionlab/visionlab/outbound/India_Ahmedabad_Mirana_AssemblyLine_003_670.mp4,s3://humyn-data-partners-prod/visionlab/visionlab/outbound/India_Ahmedabad_Mirana_AssemblyLine_003_670.mp4,847306016,2026-06-13 17:48:35
visionlab/visionlab/outbound/India_Ahmedabad_Mirana_AssemblyLine_003_671.mp4,s3://humyn-data-partners-prod/visionlab/visionlab/outbound/India_Ahmedabad_Mirana_AssemblyLine_003_671.mp4,625319308,2026-06-13 17:48:35
visionlab/visionlab/outbound/India_Ahmedabad_Mirana_AssemblyLine_003_672.mp4,s3://humyn-data-partners-prod/visionlab/visionlab/outbound/India_Ahmedabad_Mirana_AssemblyLine_003_672.mp4,418635109,2026-06-13 17:48:36
visionlab/visionlab/outbound/India_Ahmedabad_Mirana_AssemblyLine_003_673.mp4,s3://humyn-data-partners-prod/visionlab/visionlab/outbound/India_Ahmedabad_Mirana_AssemblyLine_003_673.mp4,523667132,2026-06-13 17:48:36
visionlab/visionlab/outbound/India_Ahmedabad_Mirana_AssemblyLine_003_674.mp4,s3://humyn-data-partners-prod/visionlab/visionlab/outbound/India_Ahmedabad_Mirana_AssemblyLine_003_674.mp4,471574619,2026-06-13 17:48:36
visionlab/visionlab/outbound/India_Ahmedabad_Mirana_AssemblyLine_003_675.mp4,s3://humyn-data-partners-prod/visionlab/visionlab/outbound/India_Ahmedabad_Mirana_AssemblyLine_003_675.mp4,1065613336,2026-06-13 17:48:36
visionlab/visionlab/outbound/India_Ahmedabad_Mirana_AssemblyLine_003_676.mp4,s3://humyn-data-partners-prod/visionlab/visionlab/outbound/India_Ahmedabad_Mirana_AssemblyLine_003_676.mp4,630506611,2026-06-13 17:48:36
visionlab/visionlab/outbound/India_Ahmedabad_Mirana_AssemblyLine_003_677.mp4,s3://humyn-data-partners-prod/visionlab/visionlab/outbound/India_Ahmedabad_Mirana_AssemblyLine_003_677.mp4,547548291,2026-06-13 17:48:36
visionlab/visionlab/outbound/India_Ahmedabad_Mirana_AssemblyLine_003_678.mp4,s3://humyn-data-partners-prod/visionlab/visionlab/outbound/India_Ahmedabad_Mirana_AssemblyLine_003_678.mp4,566838580,2026-06-13 17:48:36
visionlab/visionlab/outbound/India_Ahmedabad_Mirana_AssemblyLine_003_679.mp4,s3://humyn-data-partners-prod/visionlab/visionlab/outbound/India_Ahmedabad_Mirana_AssemblyLine_003_679.mp4,622088397,2026-06-13 17:48:36
visionlab/visionlab/outbound/India_Ahmedabad_Mirana_AssemblyLine_003_680.mp4,s3://humyn-data-partners-prod/visionlab/visionlab/outbound/India_Ahmedabad_Mirana_AssemblyLine_003_680.mp4,571658902,2026-06-13 17:48:37
visionlab/visionlab/outbound/India_Ahmedabad_Mirana_AssemblyLine_003_681.mp4,s3://humyn-data-partners-prod/visionlab/visionlab/outbound/India_Ahmedabad_Mirana_AssemblyLine_003_681.mp4,641002264,2026-06-13 17:48:37
visionlab/visionlab/outbound/India_Ahmedabad_Mirana_AssemblyLine_003_682.mp4,s3://humyn-data-partners-prod/visionlab/visionlab/outbound/India_Ahmedabad_Mirana_AssemblyLine_003_682.mp4,617022132,2026-06-13 17:48:38
visionlab/visionlab/outbound/India_Ahmedabad_Mirana_AssemblyLine_003_683.mp4,s3://humyn-data-partners-prod/visionlab/visionlab/outbound/India_Ahmedabad_Mirana_AssemblyLine_003_683.mp4,427955922,2026-06-13 17:48:39
visionlab/visionlab/outbound/India_Ahmedabad_Mirana_AssemblyLine_003_684.mp4,s3://humyn-data-partners-prod/visionlab/visionlab/outbound/India_Ahmedabad_Mirana_AssemblyLine_003_684.mp4,521984428,2026-06-13 17:48:40
visionlab/visionlab/outbound/India_Ahmedabad_Mirana_AssemblyLine_003_685.mp4,s3://humyn-data-partners-prod/visionlab/visionlab/outbound/India_Ahmedabad_Mirana_AssemblyLine_003_685.mp4,565951183,2026-06-13 17:48:40
visionlab/visionlab/outbound/India_Ahmedabad_Mirana_AssemblyLine_003_686.mp4,s3://humyn-data-partners-prod/visionlab/visionlab/outbound/India_Ahmedabad_Mirana_AssemblyLine_003_686.mp4,558938973,2026-06-13 17:48:40
visionlab/visionlab/outbound/India_Ahmedabad_Mirana_AssemblyLine_003_687.mp4,s3://humyn-data-partners-prod/visionlab/visionlab/outbound/India_Ahmedabad_Mirana_AssemblyLine_003_687.mp4,457734147,2026-06-13 17:48:40
visionlab/visionlab/outbound/India_Ahmedabad_Mirana_AssemblyLine_003_688.mp4,s3://humyn-data-partners-prod/visionlab/visionlab/outbound/India_Ahmedabad_Mirana_AssemblyLine_003_688.mp4,624999630,2026-06-13 17:48:43
visionlab/visionlab/outbound/India_Ahmedabad_Mirana_AssemblyLine_003_689.mp4,s3://humyn-data-partners-prod/visionlab/visionlab/outbound/India_Ahmedabad_Mirana_AssemblyLine_003_689.mp4,731243692,2026-06-13 17:48:43
visionlab/visionlab/outbound/India_Ahmedabad_Mirana_AssemblyLine_003_690.mp4,s3://humyn-data-partners-prod/visionlab/visionlab/outbound/India_Ahmedabad_Mirana_AssemblyLine_003_690.mp4,587656991,2026-06-13 17:48:43
visionlab/visionlab/outbound/India_Ahmedabad_Mirana_AssemblyLine_003_691.mp4,s3://humyn-data-partners-prod/visionlab/visionlab/outbound/India_Ahmedabad_Mirana_AssemblyLine_003_691.mp4,563109288,2026-06-13 17:48:44
visionlab/visionlab/outbound/India_Ahmedabad_Mirana_AssemblyLine_003_692.mp4,s3://humyn-data-partners-prod/visionlab/visionlab/outbound/India_Ahmedabad_Mirana_AssemblyLine_003_692.mp4,552807875,2026-06-13 17:48:44
visionlab/visionlab/outbound/India_Ahmedabad_Mirana_AssemblyLine_003_693.mp4,s3://humyn-data-partners-prod/visionlab/visionlab/outbound/India_Ahmedabad_Mirana_AssemblyLine_003_693.mp4,475942350,2026-06-13 17:48:44
visionlab/visionlab/outbound/India_Ahmedabad_Mirana_AssemblyLine_003_694.mp4,s3://humyn-data-partners-prod/visionlab/visionlab/outbound/India_Ahmedabad_Mirana_AssemblyLine_003_694.mp4,403642142,2026-06-13 17:48:44
visionlab/visionlab/outbound/India_Ahmedabad_Mirana_AssemblyLine_003_695.mp4,s3://humyn-data-partners-prod/visionlab/visionlab/outbound/India_Ahmedabad_Mirana_AssemblyLine_003_695.mp4,464991046,2026-06-13 17:48:44
visionlab/visionlab/outbound/India_Ahmedabad_Mirana_AssemblyLine_003_696.mp4,s3://humyn-data-partners-prod/visionlab/visionlab/outbound/India_Ahmedabad_Mirana_AssemblyLine_003_696.mp4,595426470,2026-06-13 17:48:44
visionlab/visionlab/outbound/India_Ahmedabad_Mirana_AssemblyLine_003_697.mp4,s3://humyn-data-partners-prod/visionlab/visionlab/outbound/India_Ahmedabad_Mirana_AssemblyLine_003_697.mp4,745951931,2026-06-13 17:48:44
visionlab/visionlab/outbound/India_Ahmedabad_Mirana_AssemblyLine_003_698.mp4,s3://humyn-data-partners-prod/visionlab/visionlab/outbound/India_Ahmedabad_Mirana_AssemblyLine_003_698.mp4,479055066,2026-06-13 17:48:44
visionlab/visionlab/outbound/India_Ahmedabad_Mirana_AssemblyLine_003_699.mp4,s3://humyn-data-partners-prod/visionlab/visionlab/outbound/India_Ahmedabad_Mirana_AssemblyLine_003_699.mp4,1146078770,2026-06-13 17:48:45
visionlab/visionlab/outbound/India_Ahmedabad_Mirana_AssemblyLine_003_700.mp4,s3://humyn-data-partners-prod/visionlab/visionlab/outbound/India_Ahmedabad_Mirana_AssemblyLine_003_700.mp4,505978820,2026-06-13 17:48:46
visionlab/visionlab/outbound/India_Ahmedabad_Mirana_AssemblyLine_003_701.mp4,s3://humyn-data-partners-prod/visionlab/visionlab/outbound/India_Ahmedabad_Mirana_AssemblyLine_003_701.mp4,584206995,2026-06-13 17:48:46
visionlab/visionlab/outbound/India_Ahmedabad_Mirana_AssemblyLine_003_702.mp4,s3://humyn-data-partners-prod/visionlab/visionlab/outbound/India_Ahmedabad_Mirana_AssemblyLine_003_702.mp4,646683086,2026-06-13 17:48:46
visionlab/visionlab/outbound/India_Ahmedabad_Mirana_AssemblyLine_003_703.mp4,s3://humyn-data-partners-prod/visionlab/visionlab/outbound/India_Ahmedabad_Mirana_AssemblyLine_003_703.mp4,587989701,2026-06-13 17:48:46
visionlab/visionlab/outbound/India_Ahmedabad_Mirana_AssemblyLine_003_704.mp4,s3://humyn-data-partners-prod/visionlab/visionlab/outbound/India_Ahmedabad_Mirana_AssemblyLine_003_704.mp4,601472290,2026-06-13 17:48:46
visionlab/visionlab/outbound/India_Ahmedabad_Mirana_AssemblyLine_003_705.mp4,s3://humyn-data-partners-prod/visionlab/visionlab/outbound/India_Ahmedabad_Mirana_AssemblyLine_003_705.mp4,611548502,2026-06-13 17:48:46
visionlab/visionlab/outbound/India_Ahmedabad_Mirana_AssemblyLine_003_706.mp4,s3://humyn-data-partners-prod/visionlab/visionlab/outbound/India_Ahmedabad_Mirana_AssemblyLine_003_706.mp4,588291072,2026-06-13 17:48:47
visionlab/visionlab/outbound/India_Ahmedabad_Mirana_AssemblyLine_003_707.mp4,s3://humyn-data-partners-prod/visionlab/visionlab/outbound/India_Ahmedabad_Mirana_AssemblyLine_003_707.mp4,604239889,2026-06-13 17:48:47
visionlab/visionlab/outbound/India_Ahmedabad_Mirana_AssemblyLine_003_708.mp4,s3://humyn-data-partners-prod/visionlab/visionlab/outbound/India_Ahmedabad_Mirana_AssemblyLine_003_708.mp4,617083951,2026-06-13 17:48:47
visionlab/visionlab/outbound/India_Ahmedabad_Mirana_AssemblyLine_003_709.mp4,s3://humyn-data-partners-prod/visionlab/visionlab/outbound/India_Ahmedabad_Mirana_AssemblyLine_003_709.mp4,707758971,2026-06-13 17:48:47
visionlab/visionlab/outbound/India_Ahmedabad_Mirana_AssemblyLine_003_710.mp4,s3://humyn-data-partners-prod/visionlab/visionlab/outbound/India_Ahmedabad_Mirana_AssemblyLine_003_710.mp4,564862329,2026-06-13 17:48:48
visionlab/visionlab/outbound/India_Ahmedabad_Mirana_AssemblyLine_003_711.mp4,s3://humyn-data-partners-prod/visionlab/visionlab/outbound/India_Ahmedabad_Mirana_AssemblyLine_003_711.mp4,609225207,2026-06-13 17:48:48
visionlab/visionlab/outbound/India_Ahmedabad_Mirana_AssemblyLine_003_712.mp4,s3://humyn-data-partners-prod/visionlab/visionlab/outbound/India_Ahmedabad_Mirana_AssemblyLine_003_712.mp4,361077339,2026-06-13 17:48:48
visionlab/visionlab/outbound/India_Ahmedabad_Mirana_AssemblyLine_003_713.mp4,s3://humyn-data-partners-prod/visionlab/visionlab/outbound/India_Ahmedabad_Mirana_AssemblyLine_003_713.mp4,625480972,2026-06-13 17:48:49
visionlab/visionlab/outbound/India_Ahmedabad_Mirana_AssemblyLine_003_714.mp4,s3://humyn-data-partners-prod/visionlab/visionlab/outbound/India_Ahmedabad_Mirana_AssemblyLine_003_714.mp4,633627807,2026-06-13 17:48:49
visionlab/visionlab/outbound/India_Ahmedabad_Mirana_AssemblyLine_003_715.mp4,s3://humyn-data-partners-prod/visionlab/visionlab/outbound/India_Ahmedabad_Mirana_AssemblyLine_003_715.mp4,618302421,2026-06-13 17:48:49
visionlab/visionlab/outbound/India_Ahmedabad_Mirana_AssemblyLine_003_716.mp4,s3://humyn-data-partners-prod/visionlab/visionlab/outbound/India_Ahmedabad_Mirana_AssemblyLine_003_716.mp4,536829658,2026-06-13 17:48:50
visionlab/visionlab/outbound/India_Ahmedabad_Mirana_AssemblyLine_003_717.mp4,s3://humyn-data-partners-prod/visionlab/visionlab/outbound/India_Ahmedabad_Mirana_AssemblyLine_003_717.mp4,557981757,2026-06-13 17:48:50
visionlab/visionlab/outbound/India_Ahmedabad_Mirana_AssemblyLine_003_718.mp4,s3://humyn-data-partners-prod/visionlab/visionlab/outbound/India_Ahmedabad_Mirana_AssemblyLine_003_718.mp4,678588496,2026-06-13 17:48:53
visionlab/visionlab/outbound/India_Ahmedabad_Mirana_AssemblyLine_003_719.mp4,s3://humyn-data-partners-prod/visionlab/visionlab/outbound/India_Ahmedabad_Mirana_AssemblyLine_003_719.mp4,597745776,2026-06-13 17:48:54
visionlab/visionlab/outbound/India_Ahmedabad_Mirana_AssemblyLine_003_720.mp4,s3://humyn-data-partners-prod/visionlab/visionlab/outbound/India_Ahmedabad_Mirana_AssemblyLine_003_720.mp4,277125788,2026-06-13 17:48:54
visionlab/visionlab/outbound/India_Ahmedabad_Mirana_AssemblyLine_003_721.mp4,s3://humyn-data-partners-prod/visionlab/visionlab/outbound/India_Ahmedabad_Mirana_AssemblyLine_003_721.mp4,368028555,2026-06-13 17:48:54
visionlab/visionlab/outbound/India_Ahmedabad_Mirana_AssemblyLine_003_722.mp4,s3://humyn-data-partners-prod/visionlab/visionlab/outbound/India_Ahmedabad_Mirana_AssemblyLine_003_722.mp4,563281135,2026-06-13 17:48:54
visionlab/visionlab/outbound/India_Ahmedabad_Mirana_AssemblyLine_003_723.mp4,s3://humyn-data-partners-prod/visionlab/visionlab/outbound/India_Ahmedabad_Mirana_AssemblyLine_003_723.mp4,617477374,2026-06-13 17:48:54
visionlab/visionlab/outbound/India_Ahmedabad_Mirana_AssemblyLine_003_724.mp4,s3://humyn-data-partners-prod/visionlab/visionlab/outbound/India_Ahmedabad_Mirana_AssemblyLine_003_724.mp4,624234791,2026-06-13 17:48:54
visionlab/visionlab/outbound/India_Ahmedabad_Mirana_AssemblyLine_003_725.mp4,s3://humyn-data-partners-prod/visionlab/visionlab/outbound/India_Ahmedabad_Mirana_AssemblyLine_003_725.mp4,575979724,2026-06-13 17:48:55
visionlab/visionlab/outbound/India_Ahmedabad_Mirana_AssemblyLine_003_726.mp4,s3://humyn-data-partners-prod/visionlab/visionlab/outbound/India_Ahmedabad_Mirana_AssemblyLine_003_726.mp4,472032467,2026-06-13 17:48:56
visionlab/visionlab/outbound/India_Ahmedabad_Mirana_AssemblyLine_003_727.mp4,s3://humyn-data-partners-prod/visionlab/visionlab/outbound/India_Ahmedabad_Mirana_AssemblyLine_003_727.mp4,561242528,2026-06-13 17:48:56
visionlab/visionlab/outbound/India_Ahmedabad_Mirana_AssemblyLine_003_728.mp4,s3://humyn-data-partners-prod/visionlab/visionlab/outbound/India_Ahmedabad_Mirana_AssemblyLine_003_728.mp4,418532902,2026-06-13 17:48:56
visionlab/visionlab/outbound/India_Ahmedabad_Mirana_AssemblyLine_003_729.mp4,s3://humyn-data-partners-prod/visionlab/visionlab/outbound/India_Ahmedabad_Mirana_AssemblyLine_003_729.mp4,526769013,2026-06-13 17:48:57
visionlab/visionlab/outbound/India_Ahmedabad_Mirana_AssemblyLine_003_730.mp4,s3://humyn-data-partners-prod/visionlab/visionlab/outbound/India_Ahmedabad_Mirana_AssemblyLine_003_730.mp4,535064820,2026-06-13 17:48:57
visionlab/visionlab/outbound/India_Ahmedabad_Mirana_AssemblyLine_003_731.mp4,s3://humyn-data-partners-prod/visionlab/visionlab/outbound/India_Ahmedabad_Mirana_AssemblyLine_003_731.mp4,489772872,2026-06-13 17:48:59
visionlab/visionlab/outbound/India_Ahmedabad_Mirana_AssemblyLine_003_732.mp4,s3://humyn-data-partners-prod/visionlab/visionlab/outbound/India_Ahmedabad_Mirana_AssemblyLine_003_732.mp4,599294138,2026-06-13 17:48:59
visionlab/visionlab/outbound/India_Ahmedabad_Mirana_AssemblyLine_003_733.mp4,s3://humyn-data-partners-prod/visionlab/visionlab/outbound/India_Ahmedabad_Mirana_AssemblyLine_003_733.mp4,614205538,2026-06-13 17:48:59
visionlab/visionlab/outbound/India_Ahmedabad_Mirana_AssemblyLine_003_734.mp4,s3://humyn-data-partners-prod/visionlab/visionlab/outbound/India_Ahmedabad_Mirana_AssemblyLine_003_734.mp4,464345937,2026-06-13 17:49:00
visionlab/visionlab/outbound/India_Ahmedabad_Mirana_AssemblyLine_003_735.mp4,s3://humyn-data-partners-prod/visionlab/visionlab/outbound/India_Ahmedabad_Mirana_AssemblyLine_003_735.mp4,555731232,2026-06-13 17:49:00
visionlab/visionlab/outbound/India_Ahmedabad_Mirana_AssemblyLine_003_736.mp4,s3://humyn-data-partners-prod/visionlab/visionlab/outbound/India_Ahmedabad_Mirana_AssemblyLine_003_736.mp4,648051361,2026-06-13 17:49:00
visionlab/visionlab/outbound/India_Ahmedabad_Mirana_AssemblyLine_003_737.mp4,s3://humyn-data-partners-prod/visionlab/visionlab/outbound/India_Ahmedabad_Mirana_AssemblyLine_003_737.mp4,585260657,2026-06-13 17:49:00
visionlab/visionlab/outbound/India_Ahmedabad_Mirana_AssemblyLine_003_738.mp4,s3://humyn-data-partners-prod/visionlab/visionlab/outbound/India_Ahmedabad_Mirana_AssemblyLine_003_738.mp4,540067156,2026-06-13 17:49:00
visionlab/visionlab/outbound/India_Ahmedabad_Mirana_AssemblyLine_003_739.mp4,s3://humyn-data-partners-prod/visionlab/visionlab/outbound/India_Ahmedabad_Mirana_AssemblyLine_003_739.mp4,612967266,2026-06-13 17:49:00
visionlab/visionlab/outbound/India_Ahmedabad_Mirana_AssemblyLine_003_740.mp4,s3://humyn-data-partners-prod/visionlab/visionlab/outbound/India_Ahmedabad_Mirana_AssemblyLine_003_740.mp4,594537192,2026-06-13 17:49:00
visionlab/visionlab/outbound/India_Ahmedabad_Mirana_AssemblyLine_003_741.mp4,s3://humyn-data-partners-prod/visionlab/visionlab/outbound/India_Ahmedabad_Mirana_AssemblyLine_003_741.mp4,519237928,2026-06-13 17:49:00
visionlab/visionlab/outbound/India_Ahmedabad_Mirana_AssemblyLine_003_742.mp4,s3://humyn-data-partners-prod/visionlab/visionlab/outbound/India_Ahmedabad_Mirana_AssemblyLine_003_742.mp4,553025672,2026-06-13 17:49:01
visionlab/visionlab/outbound/India_Ahmedabad_Mirana_AssemblyLine_003_743.mp4,s3://humyn-data-partners-prod/visionlab/visionlab/outbound/India_Ahmedabad_Mirana_AssemblyLine_003_743.mp4,457843407,2026-06-13 17:49:02
visionlab/visionlab/outbound/India_Ahmedabad_Mirana_AssemblyLine_003_744.mp4,s3://humyn-data-partners-prod/visionlab/visionlab/outbound/India_Ahmedabad_Mirana_AssemblyLine_003_744.mp4,523122203,2026-06-13 17:49:02
visionlab/visionlab/outbound/India_Ahmedabad_Mirana_AssemblyLine_003_745.mp4,s3://humyn-data-partners-prod/visionlab/visionlab/outbound/India_Ahmedabad_Mirana_AssemblyLine_003_745.mp4,641651870,2026-06-13 17:49:02
visionlab/visionlab/outbound/India_Ahmedabad_Mirana_AssemblyLine_003_746.mp4,s3://humyn-data-partners-prod/visionlab/visionlab/outbound/India_Ahmedabad_Mirana_AssemblyLine_003_746.mp4,642177252,2026-06-13 17:49:02
visionlab/visionlab/outbound/India_Ahmedabad_Mirana_AssemblyLine_003_747.mp4,s3://humyn-data-partners-prod/visionlab/visionlab/outbound/India_Ahmedabad_Mirana_AssemblyLine_003_747.mp4,567337564,2026-06-13 17:49:02
visionlab/visionlab/outbound/India_Ahmedabad_Mirana_AssemblyLine_003_748.mp4,s3://humyn-data-partners-prod/visionlab/visionlab/outbound/India_Ahmedabad_Mirana_AssemblyLine_003_748.mp4,483374914,2026-06-13 17:49:03
visionlab/visionlab/outbound/India_Ahmedabad_Mirana_AssemblyLine_003_749.mp4,s3://humyn-data-partners-prod/visionlab/visionlab/outbound/India_Ahmedabad_Mirana_AssemblyLine_003_749.mp4,522627569,2026-06-13 17:49:03
visionlab/visionlab/outbound/India_Ahmedabad_Mirana_AssemblyLine_003_750.mp4,s3://humyn-data-partners-prod/visionlab/visionlab/outbound/India_Ahmedabad_Mirana_AssemblyLine_003_750.mp4,603163563,2026-06-13 17:49:03
visionlab/visionlab/outbound/India_Ahmedabad_Mirana_AssemblyLine_003_751.mp4,s3://humyn-data-partners-prod/visionlab/visionlab/outbound/India_Ahmedabad_Mirana_AssemblyLine_003_751.mp4,486483984,2026-06-13 17:49:04
visionlab/visionlab/outbound/India_Ahmedabad_Mirana_AssemblyLine_003_752.mp4,s3://humyn-data-partners-prod/visionlab/visionlab/outbound/India_Ahmedabad_Mirana_AssemblyLine_003_752.mp4,630394531,2026-06-13 17:49:04
visionlab/visionlab/outbound/India_Ahmedabad_Mirana_AssemblyLine_003_753.mp4,s3://humyn-data-partners-prod/visionlab/visionlab/outbound/India_Ahmedabad_Mirana_AssemblyLine_003_753.mp4,562860965,2026-06-13 17:49:06
visionlab/visionlab/outbound/India_Ahmedabad_Mirana_AssemblyLine_003_754.mp4,s3://humyn-data-partners-prod/visionlab/visionlab/outbound/India_Ahmedabad_Mirana_AssemblyLine_003_754.mp4,687290540,2026-06-13 17:49:07
visionlab/visionlab/outbound/India_Ahmedabad_Mirana_AssemblyLine_003_755.mp4,s3://humyn-data-partners-prod/visionlab/visionlab/outbound/India_Ahmedabad_Mirana_AssemblyLine_003_755.mp4,567580823,2026-06-13 17:49:07
visionlab/visionlab/outbound/India_Ahmedabad_Mirana_AssemblyLine_003_756.mp4,s3://humyn-data-partners-prod/visionlab/visionlab/outbound/India_Ahmedabad_Mirana_AssemblyLine_003_756.mp4,471737331,2026-06-13 17:49:07
visionlab/visionlab/outbound/India_Ahmedabad_Mirana_AssemblyLine_003_757.mp4,s3://humyn-data-partners-prod/visionlab/visionlab/outbound/India_Ahmedabad_Mirana_AssemblyLine_003_757.mp4,459022227,2026-06-13 17:49:08
visionlab/visionlab/outbound/India_Ahmedabad_Mirana_AssemblyLine_003_758.mp4,s3://humyn-data-partners-prod/visionlab/visionlab/outbound/India_Ahmedabad_Mirana_AssemblyLine_003_758.mp4,570300143,2026-06-13 17:49:08
visionlab/visionlab/outbound/India_Ahmedabad_Mirana_AssemblyLine_003_759.mp4,s3://humyn-data-partners-prod/visionlab/visionlab/outbound/India_Ahmedabad_Mirana_AssemblyLine_003_759.mp4,639730129,2026-06-13 17:49:08
visionlab/visionlab/outbound/India_Ahmedabad_Mirana_AssemblyLine_003_760.mp4,s3://humyn-data-partners-prod/visionlab/visionlab/outbound/India_Ahmedabad_Mirana_AssemblyLine_003_760.mp4,854811125,2026-06-13 17:49:08
visionlab/visionlab/outbound/India_Ahmedabad_Mirana_AssemblyLine_003_761.mp4,s3://humyn-data-partners-prod/visionlab/visionlab/outbound/India_Ahmedabad_Mirana_AssemblyLine_003_761.mp4,611870512,2026-06-13 17:49:08
visionlab/visionlab/outbound/India_Ahmedabad_Mirana_AssemblyLine_003_762.mp4,s3://humyn-data-partners-prod/visionlab/visionlab/outbound/India_Ahmedabad_Mirana_AssemblyLine_003_762.mp4,569716082,2026-06-13 17:49:08
visionlab/visionlab/outbound/India_Ahmedabad_Mirana_AssemblyLine_003_763.mp4,s3://humyn-data-partners-prod/visionlab/visionlab/outbound/India_Ahmedabad_Mirana_AssemblyLine_003_763.mp4,532081451,2026-06-13 17:49:09
visionlab/visionlab/outbound/India_Ahmedabad_Mirana_AssemblyLine_003_764.mp4,s3://humyn-data-partners-prod/visionlab/visionlab/outbound/India_Ahmedabad_Mirana_AssemblyLine_003_764.mp4,597865922,2026-06-13 17:49:09
visionlab/visionlab/outbound/India_Ahmedabad_Mirana_AssemblyLine_003_765.mp4,s3://humyn-data-partners-prod/visionlab/visionlab/outbound/India_Ahmedabad_Mirana_AssemblyLine_003_765.mp4,606971968,2026-06-13 17:49:10
visionlab/visionlab/outbound/India_Ahmedabad_Mirana_AssemblyLine_003_766.mp4,s3://humyn-data-partners-prod/visionlab/visionlab/outbound/India_Ahmedabad_Mirana_AssemblyLine_003_766.mp4,480299451,2026-06-13 17:49:10
visionlab/visionlab/outbound/India_Ahmedabad_Mirana_AssemblyLine_003_767.mp4,s3://humyn-data-partners-prod/visionlab/visionlab/outbound/India_Ahmedabad_Mirana_AssemblyLine_003_767.mp4,717120506,2026-06-13 17:49:10
visionlab/visionlab/outbound/India_Ahmedabad_Mirana_AssemblyLine_003_768.mp4,s3://humyn-data-partners-prod/visionlab/visionlab/outbound/India_Ahmedabad_Mirana_AssemblyLine_003_768.mp4,580339162,2026-06-13 17:49:10
visionlab/visionlab/outbound/India_Ahmedabad_Mirana_AssemblyLine_003_769.mp4,s3://humyn-data-partners-prod/visionlab/visionlab/outbound/India_Ahmedabad_Mirana_AssemblyLine_003_769.mp4,558060702,2026-06-13 17:49:10
visionlab/visionlab/outbound/India_Ahmedabad_Mirana_AssemblyLine_003_770.mp4,s3://humyn-data-partners-prod/visionlab/visionlab/outbound/India_Ahmedabad_Mirana_AssemblyLine_003_770.mp4,651571343,2026-06-13 17:49:11
visionlab/visionlab/outbound/India_Ahmedabad_Mirana_AssemblyLine_003_771.mp4,s3://humyn-data-partners-prod/visionlab/visionlab/outbound/India_Ahmedabad_Mirana_AssemblyLine_003_771.mp4,590962104,2026-06-13 17:49:11
visionlab/visionlab/outbound/India_Ahmedabad_Mirana_AssemblyLine_003_772.mp4,s3://humyn-data-partners-prod/visionlab/visionlab/outbound/India_Ahmedabad_Mirana_AssemblyLine_003_772.mp4,455681398,2026-06-13 17:49:11
visionlab/visionlab/outbound/India_Ahmedabad_Mirana_AssemblyLine_003_773.mp4,s3://humyn-data-partners-prod/visionlab/visionlab/outbound/India_Ahmedabad_Mirana_AssemblyLine_003_773.mp4,533500642,2026-06-13 17:49:12
visionlab/visionlab/outbound/India_Ahmedabad_Mirana_AssemblyLine_003_774.mp4,s3://humyn-data-partners-prod/visionlab/visionlab/outbound/India_Ahmedabad_Mirana_AssemblyLine_003_774.mp4,613977212,2026-06-13 17:49:12
visionlab/visionlab/outbound/India_Ahmedabad_Mirana_AssemblyLine_003_775.mp4,s3://humyn-data-partners-prod/visionlab/visionlab/outbound/India_Ahmedabad_Mirana_AssemblyLine_003_775.mp4,594088712,2026-06-13 17:49:12
visionlab/visionlab/outbound/India_Ahmedabad_Mirana_AssemblyLine_003_776.mp4,s3://humyn-data-partners-prod/visionlab/visionlab/outbound/India_Ahmedabad_Mirana_AssemblyLine_003_776.mp4,550913785,2026-06-13 17:49:12
visionlab/visionlab/outbound/India_Ahmedabad_Mirana_AssemblyLine_003_777.mp4,s3://humyn-data-partners-prod/visionlab/visionlab/outbound/India_Ahmedabad_Mirana_AssemblyLine_003_777.mp4,524574256,2026-06-13 17:49:13
visionlab/visionlab/outbound/India_Ahmedabad_Mirana_AssemblyLine_003_778.mp4,s3://humyn-data-partners-prod/visionlab/visionlab/outbound/India_Ahmedabad_Mirana_AssemblyLine_003_778.mp4,516772358,2026-06-13 17:49:13
visionlab/visionlab/outbound/India_Ahmedabad_Mirana_AssemblyLine_003_779.mp4,s3://humyn-data-partners-prod/visionlab/visionlab/outbound/India_Ahmedabad_Mirana_AssemblyLine_003_779.mp4,710581515,2026-06-13 17:49:13
visionlab/visionlab/outbound/India_Ahmedabad_Mirana_AssemblyLine_003_780.mp4,s3://humyn-data-partners-prod/visionlab/visionlab/outbound/India_Ahmedabad_Mirana_AssemblyLine_003_780.mp4,939363473,2026-06-13 17:49:13
visionlab/visionlab/outbound/India_Ahmedabad_Mirana_AssemblyLine_003_781.mp4,s3://humyn-data-partners-prod/visionlab/visionlab/outbound/India_Ahmedabad_Mirana_AssemblyLine_003_781.mp4,564869221,2026-06-13 17:49:14
visionlab/visionlab/outbound/India_Ahmedabad_Mirana_AssemblyLine_003_782.mp4,s3://humyn-data-partners-prod/visionlab/visionlab/outbound/India_Ahmedabad_Mirana_AssemblyLine_003_782.mp4,563208712,2026-06-13 17:49:14
visionlab/visionlab/outbound/India_Ahmedabad_Mirana_AssemblyLine_003_783.mp4,s3://humyn-data-partners-prod/visionlab/visionlab/outbound/India_Ahmedabad_Mirana_AssemblyLine_003_783.mp4,495426937,2026-06-13 17:49:14
visionlab/visionlab/outbound/India_Ahmedabad_Mirana_AssemblyLine_003_784.mp4,s3://humyn-data-partners-prod/visionlab/visionlab/outbound/India_Ahmedabad_Mirana_AssemblyLine_003_784.mp4,600025729,2026-06-13 17:49:16
visionlab/visionlab/outbound/India_Ahmedabad_Mirana_AssemblyLine_003_785.mp4,s3://humyn-data-partners-prod/visionlab/visionlab/outbound/India_Ahmedabad_Mirana_AssemblyLine_003_785.mp4,620867908,2026-06-13 17:49:16
visionlab/visionlab/outbound/India_Ahmedabad_Mirana_AssemblyLine_003_786.mp4,s3://humyn-data-partners-prod/visionlab/visionlab/outbound/India_Ahmedabad_Mirana_AssemblyLine_003_786.mp4,604830165,2026-06-13 17:49:16
visionlab/visionlab/outbound/India_Ahmedabad_Mirana_AssemblyLine_003_787.mp4,s3://humyn-data-partners-prod/visionlab/visionlab/outbound/India_Ahmedabad_Mirana_AssemblyLine_003_787.mp4,483489228,2026-06-13 17:49:17
visionlab/visionlab/outbound/India_Ahmedabad_Mirana_AssemblyLine_003_788.mp4,s3://humyn-data-partners-prod/visionlab/visionlab/outbound/India_Ahmedabad_Mirana_AssemblyLine_003_788.mp4,499302991,2026-06-13 17:49:18
visionlab/visionlab/outbound/India_Ahmedabad_Mirana_AssemblyLine_003_789.mp4,s3://humyn-data-partners-prod/visionlab/visionlab/outbound/India_Ahmedabad_Mirana_AssemblyLine_003_789.mp4,575767982,2026-06-13 17:49:18
visionlab/visionlab/outbound/India_Ahmedabad_Mirana_AssemblyLine_003_790.mp4,s3://humyn-data-partners-prod/visionlab/visionlab/outbound/India_Ahmedabad_Mirana_AssemblyLine_003_790.mp4,226171315,2026-06-13 17:49:18
visionlab/visionlab/outbound/India_Ahmedabad_Mirana_AssemblyLine_003_791.mp4,s3://humyn-data-partners-prod/visionlab/visionlab/outbound/India_Ahmedabad_Mirana_AssemblyLine_003_791.mp4,564195317,2026-06-13 17:49:19
visionlab/visionlab/outbound/India_Ahmedabad_Mirana_AssemblyLine_003_792.mp4,s3://humyn-data-partners-prod/visionlab/visionlab/outbound/India_Ahmedabad_Mirana_AssemblyLine_003_792.mp4,585043819,2026-06-13 17:49:19
visionlab/visionlab/outbound/India_Ahmedabad_Mirana_AssemblyLine_003_793.mp4,s3://humyn-data-partners-prod/visionlab/visionlab/outbound/India_Ahmedabad_Mirana_AssemblyLine_003_793.mp4,681673807,2026-06-13 17:49:20
visionlab/visionlab/outbound/India_Ahmedabad_Mirana_AssemblyLine_003_794.mp4,s3://humyn-data-partners-prod/visionlab/visionlab/outbound/India_Ahmedabad_Mirana_AssemblyLine_003_794.mp4,529832965,2026-06-13 17:49:21
visionlab/visionlab/outbound/India_Ahmedabad_Mirana_AssemblyLine_003_795.mp4,s3://humyn-data-partners-prod/visionlab/visionlab/outbound/India_Ahmedabad_Mirana_AssemblyLine_003_795.mp4,505677216,2026-06-13 17:49:21
visionlab/visionlab/outbound/India_Ahmedabad_Mirana_AssemblyLine_003_796.mp4,s3://humyn-data-partners-prod/visionlab/visionlab/outbound/India_Ahmedabad_Mirana_AssemblyLine_003_796.mp4,580407544,2026-06-13 17:49:21
visionlab/visionlab/outbound/India_Ahmedabad_Mirana_AssemblyLine_003_797.mp4,s3://humyn-data-partners-prod/visionlab/visionlab/outbound/India_Ahmedabad_Mirana_AssemblyLine_003_797.mp4,546124972,2026-06-13 17:49:21
visionlab/visionlab/outbound/India_Ahmedabad_Mirana_AssemblyLine_003_798.mp4,s3://humyn-data-partners-prod/visionlab/visionlab/outbound/India_Ahmedabad_Mirana_AssemblyLine_003_798.mp4,634539352,2026-06-13 17:49:21
visionlab/visionlab/outbound/India_Ahmedabad_Mirana_AssemblyLine_003_799.mp4,s3://humyn-data-partners-prod/visionlab/visionlab/outbound/India_Ahmedabad_Mirana_AssemblyLine_003_799.mp4,586163009,2026-06-13 17:49:22
visionlab/visionlab/outbound/India_Ahmedabad_Mirana_AssemblyLine_003_800.mp4,s3://humyn-data-partners-prod/visionlab/visionlab/outbound/India_Ahmedabad_Mirana_AssemblyLine_003_800.mp4,603062524,2026-06-13 17:49:22
visionlab/visionlab/outbound/India_Ahmedabad_Mirana_AssemblyLine_003_801.mp4,s3://humyn-data-partners-prod/visionlab/visionlab/outbound/India_Ahmedabad_Mirana_AssemblyLine_003_801.mp4,528328750,2026-06-13 17:49:22
visionlab/visionlab/outbound/India_Ahmedabad_Mirana_AssemblyLine_003_802.mp4,s3://humyn-data-partners-prod/visionlab/visionlab/outbound/India_Ahmedabad_Mirana_AssemblyLine_003_802.mp4,655587891,2026-06-13 17:49:22
visionlab/visionlab/outbound/India_Ahmedabad_Mirana_AssemblyLine_003_803.mp4,s3://humyn-data-partners-prod/visionlab/visionlab/outbound/India_Ahmedabad_Mirana_AssemblyLine_003_803.mp4,561060387,2026-06-13 17:49:22
visionlab/visionlab/outbound/India_Ahmedabad_Mirana_AssemblyLine_003_804.mp4,s3://humyn-data-partners-prod/visionlab/visionlab/outbound/India_Ahmedabad_Mirana_AssemblyLine_003_804.mp4,551980046,2026-06-13 17:49:23
visionlab/visionlab/outbound/India_Ahmedabad_Mirana_AssemblyLine_003_805.mp4,s3://humyn-data-partners-prod/visionlab/visionlab/outbound/India_Ahmedabad_Mirana_AssemblyLine_003_805.mp4,670981637,2026-06-13 17:49:23
visionlab/visionlab/outbound/India_Ahmedabad_Mirana_AssemblyLine_003_806.mp4,s3://humyn-data-partners-prod/visionlab/visionlab/outbound/India_Ahmedabad_Mirana_AssemblyLine_003_806.mp4,739573892,2026-06-13 17:49:23
visionlab/visionlab/outbound/India_Ahmedabad_Mirana_AssemblyLine_003_807.mp4,s3://humyn-data-partners-prod/visionlab/visionlab/outbound/India_Ahmedabad_Mirana_AssemblyLine_003_807.mp4,503957717,2026-06-13 17:49:23
visionlab/visionlab/outbound/India_Ahmedabad_Mirana_AssemblyLine_003_808.mp4,s3://humyn-data-partners-prod/visionlab/visionlab/outbound/India_Ahmedabad_Mirana_AssemblyLine_003_808.mp4,641174077,2026-06-13 17:49:23
visionlab/visionlab/outbound/India_Ahmedabad_Mirana_AssemblyLine_003_809.mp4,s3://humyn-data-partners-prod/visionlab/visionlab/outbound/India_Ahmedabad_Mirana_AssemblyLine_003_809.mp4,523901550,2026-06-13 17:49:23
visionlab/visionlab/outbound/India_Ahmedabad_Mirana_AssemblyLine_003_810.mp4,s3://humyn-data-partners-prod/visionlab/visionlab/outbound/India_Ahmedabad_Mirana_AssemblyLine_003_810.mp4,457057261,2026-06-13 17:49:23
visionlab/visionlab/outbound/India_Ahmedabad_Mirana_AssemblyLine_003_811.mp4,s3://humyn-data-partners-prod/visionlab/visionlab/outbound/India_Ahmedabad_Mirana_AssemblyLine_003_811.mp4,471078123,2026-06-13 17:49:24
visionlab/visionlab/outbound/India_Ahmedabad_Mirana_AssemblyLine_003_812.mp4,s3://humyn-data-partners-prod/visionlab/visionlab/outbound/India_Ahmedabad_Mirana_AssemblyLine_003_812.mp4,300433699,2026-06-13 17:49:24
visionlab/visionlab/outbound/India_Ahmedabad_Mirana_AssemblyLine_003_813.mp4,s3://humyn-data-partners-prod/visionlab/visionlab/outbound/India_Ahmedabad_Mirana_AssemblyLine_003_813.mp4,417343279,2026-06-13 17:49:24
visionlab/visionlab/outbound/India_Ahmedabad_Mirana_AssemblyLine_003_814.mp4,s3://humyn-data-partners-prod/visionlab/visionlab/outbound/India_Ahmedabad_Mirana_AssemblyLine_003_814.mp4,365355531,2026-06-13 17:49:24
visionlab/visionlab/outbound/India_Ahmedabad_Mirana_AssemblyLine_003_815.mp4,s3://humyn-data-partners-prod/visionlab/visionlab/outbound/India_Ahmedabad_Mirana_AssemblyLine_003_815.mp4,917153423,2026-06-13 17:49:26
visionlab/visionlab/outbound/India_Ahmedabad_Mirana_AssemblyLine_003_816.mp4,s3://humyn-data-partners-prod/visionlab/visionlab/outbound/India_Ahmedabad_Mirana_AssemblyLine_003_816.mp4,640551242,2026-06-13 17:49:26
visionlab/visionlab/outbound/India_Ahmedabad_Mirana_AssemblyLine_003_817.mp4,s3://humyn-data-partners-prod/visionlab/visionlab/outbound/India_Ahmedabad_Mirana_AssemblyLine_003_817.mp4,607675004,2026-06-13 17:49:27
visionlab/visionlab/outbound/India_Ahmedabad_Mirana_AssemblyLine_003_818.mp4,s3://humyn-data-partners-prod/visionlab/visionlab/outbound/India_Ahmedabad_Mirana_AssemblyLine_003_818.mp4,491995393,2026-06-13 17:49:27
visionlab/visionlab/outbound/India_Ahmedabad_Mirana_AssemblyLine_003_819.mp4,s3://humyn-data-partners-prod/visionlab/visionlab/outbound/India_Ahmedabad_Mirana_AssemblyLine_003_819.mp4,505820898,2026-06-13 17:49:28
visionlab/visionlab/outbound/India_Ahmedabad_Mirana_AssemblyLine_003_820.mp4,s3://humyn-data-partners-prod/visionlab/visionlab/outbound/India_Ahmedabad_Mirana_AssemblyLine_003_820.mp4,546918574,2026-06-13 17:49:29
visionlab/visionlab/outbound/India_Ahmedabad_Mirana_AssemblyLine_003_821.mp4,s3://humyn-data-partners-prod/visionlab/visionlab/outbound/India_Ahmedabad_Mirana_AssemblyLine_003_821.mp4,573375559,2026-06-13 17:49:29
visionlab/visionlab/outbound/India_Ahmedabad_Mirana_AssemblyLine_003_822.mp4,s3://humyn-data-partners-prod/visionlab/visionlab/outbound/India_Ahmedabad_Mirana_AssemblyLine_003_822.mp4,584381774,2026-06-13 17:49:29
visionlab/visionlab/outbound/India_Ahmedabad_Mirana_AssemblyLine_003_823.mp4,s3://humyn-data-partners-prod/visionlab/visionlab/outbound/India_Ahmedabad_Mirana_AssemblyLine_003_823.mp4,472038300,2026-06-13 17:49:29
visionlab/visionlab/outbound/India_Ahmedabad_Mirana_AssemblyLine_003_824.mp4,s3://humyn-data-partners-prod/visionlab/visionlab/outbound/India_Ahmedabad_Mirana_AssemblyLine_003_824.mp4,723817872,2026-06-13 17:49:29
visionlab/visionlab/outbound/India_Ahmedabad_Mirana_AssemblyLine_003_825.mp4,s3://humyn-data-partners-prod/visionlab/visionlab/outbound/India_Ahmedabad_Mirana_AssemblyLine_003_825.mp4,667475291,2026-06-13 17:49:30
visionlab/visionlab/outbound/India_Ahmedabad_Mirana_AssemblyLine_003_826.mp4,s3://humyn-data-partners-prod/visionlab/visionlab/outbound/India_Ahmedabad_Mirana_AssemblyLine_003_826.mp4,570212889,2026-06-13 17:49:30
visionlab/visionlab/outbound/India_Ahmedabad_Mirana_AssemblyLine_003_827.mp4,s3://humyn-data-partners-prod/visionlab/visionlab/outbound/India_Ahmedabad_Mirana_AssemblyLine_003_827.mp4,623777814,2026-06-13 17:49:31
visionlab/visionlab/outbound/India_Ahmedabad_Mirana_AssemblyLine_003_828.mp4,s3://humyn-data-partners-prod/visionlab/visionlab/outbound/India_Ahmedabad_Mirana_AssemblyLine_003_828.mp4,582365047,2026-06-13 17:49:31
visionlab/visionlab/outbound/India_Ahmedabad_Mirana_AssemblyLine_003_829.mp4,s3://humyn-data-partners-prod/visionlab/visionlab/outbound/India_Ahmedabad_Mirana_AssemblyLine_003_829.mp4,503139683,2026-06-13 17:49:31
visionlab/visionlab/outbound/India_Ahmedabad_Mirana_AssemblyLine_003_830.mp4,s3://humyn-data-partners-prod/visionlab/visionlab/outbound/India_Ahmedabad_Mirana_AssemblyLine_003_830.mp4,684629948,2026-06-13 17:49:32
visionlab/visionlab/outbound/India_Ahmedabad_Mirana_AssemblyLine_003_831.mp4,s3://humyn-data-partners-prod/visionlab/visionlab/outbound/India_Ahmedabad_Mirana_AssemblyLine_003_831.mp4,689835624,2026-06-13 17:49:32
visionlab/visionlab/outbound/India_Ahmedabad_Mirana_AssemblyLine_003_832.mp4,s3://humyn-data-partners-prod/visionlab/visionlab/outbound/India_Ahmedabad_Mirana_AssemblyLine_003_832.mp4,536389587,2026-06-13 17:49:32
visionlab/visionlab/outbound/India_Ahmedabad_Mirana_AssemblyLine_003_833.mp4,s3://humyn-data-partners-prod/visionlab/visionlab/outbound/India_Ahmedabad_Mirana_AssemblyLine_003_833.mp4,410758611,2026-06-13 17:49:32
visionlab/visionlab/outbound/India_Ahmedabad_Mirana_AssemblyLine_003_834.mp4,s3://humyn-data-partners-prod/visionlab/visionlab/outbound/India_Ahmedabad_Mirana_AssemblyLine_003_834.mp4,591048302,2026-06-13 17:49:32
visionlab/visionlab/outbound/India_Ahmedabad_Mirana_AssemblyLine_003_835.mp4,s3://humyn-data-partners-prod/visionlab/visionlab/outbound/India_Ahmedabad_Mirana_AssemblyLine_003_835.mp4,592052632,2026-06-13 17:49:32
visionlab/visionlab/outbound/India_Ahmedabad_Mirana_AssemblyLine_003_836.mp4,s3://humyn-data-partners-prod/visionlab/visionlab/outbound/India_Ahmedabad_Mirana_AssemblyLine_003_836.mp4,635636293,2026-06-13 17:49:32
visionlab/visionlab/outbound/India_Ahmedabad_Mirana_AssemblyLine_003_837.mp4,s3://humyn-data-partners-prod/visionlab/visionlab/outbound/India_Ahmedabad_Mirana_AssemblyLine_003_837.mp4,635441195,2026-06-13 17:49:32
visionlab/visionlab/outbound/India_Ahmedabad_Mirana_AssemblyLine_003_838.mp4,s3://humyn-data-partners-prod/visionlab/visionlab/outbound/India_Ahmedabad_Mirana_AssemblyLine_003_838.mp4,647635677,2026-06-13 17:49:33
visionlab/visionlab/outbound/India_Ahmedabad_Mirana_AssemblyLine_003_839.mp4,s3://humyn-data-partners-prod/visionlab/visionlab/outbound/India_Ahmedabad_Mirana_AssemblyLine_003_839.mp4,603418052,2026-06-13 17:49:33
visionlab/visionlab/outbound/India_Ahmedabad_Mirana_AssemblyLine_003_840.mp4,s3://humyn-data-partners-prod/visionlab/visionlab/outbound/India_Ahmedabad_Mirana_AssemblyLine_003_840.mp4,522009957,2026-06-13 17:49:33
visionlab/visionlab/outbound/India_Ahmedabad_Mirana_AssemblyLine_003_841.mp4,s3://humyn-data-partners-prod/visionlab/visionlab/outbound/India_Ahmedabad_Mirana_AssemblyLine_003_841.mp4,524915430,2026-06-13 17:49:33
visionlab/visionlab/outbound/India_Ahmedabad_Mirana_AssemblyLine_003_842.mp4,s3://humyn-data-partners-prod/visionlab/visionlab/outbound/India_Ahmedabad_Mirana_AssemblyLine_003_842.mp4,527795142,2026-06-13 17:49:33
visionlab/visionlab/outbound/India_Ahmedabad_Mirana_AssemblyLine_003_843.mp4,s3://humyn-data-partners-prod/visionlab/visionlab/outbound/India_Ahmedabad_Mirana_AssemblyLine_003_843.mp4,355950769,2026-06-13 17:49:35
visionlab/visionlab/outbound/India_Ahmedabad_Mirana_AssemblyLine_003_844.mp4,s3://humyn-data-partners-prod/visionlab/visionlab/outbound/India_Ahmedabad_Mirana_AssemblyLine_003_844.mp4,488681171,2026-06-13 17:49:35
visionlab/visionlab/outbound/India_Ahmedabad_Mirana_AssemblyLine_003_845.mp4,s3://humyn-data-partners-prod/visionlab/visionlab/outbound/India_Ahmedabad_Mirana_AssemblyLine_003_845.mp4,624737240,2026-06-13 17:49:35
visionlab/visionlab/outbound/India_Ahmedabad_Mirana_AssemblyLine_003_846.mp4,s3://humyn-data-partners-prod/visionlab/visionlab/outbound/India_Ahmedabad_Mirana_AssemblyLine_003_846.mp4,533531047,2026-06-13 17:49:36
visionlab/visionlab/outbound/India_Ahmedabad_Mirana_AssemblyLine_003_847.mp4,s3://humyn-data-partners-prod/visionlab/visionlab/outbound/India_Ahmedabad_Mirana_AssemblyLine_003_847.mp4,541697085,2026-06-13 17:49:38
visionlab/visionlab/outbound/India_Ahmedabad_Mirana_AssemblyLine_003_848.mp4,s3://humyn-data-partners-prod/visionlab/visionlab/outbound/India_Ahmedabad_Mirana_AssemblyLine_003_848.mp4,410023567,2026-06-13 17:49:38
visionlab/visionlab/outbound/India_Ahmedabad_Mirana_AssemblyLine_003_849.mp4,s3://humyn-data-partners-prod/visionlab/visionlab/outbound/India_Ahmedabad_Mirana_AssemblyLine_003_849.mp4,603980177,2026-06-13 17:49:39
visionlab/visionlab/outbound/India_Ahmedabad_Mirana_AssemblyLine_003_850.mp4,s3://humyn-data-partners-prod/visionlab/visionlab/outbound/India_Ahmedabad_Mirana_AssemblyLine_003_850.mp4,729620042,2026-06-13 17:49:39
visionlab/visionlab/outbound/India_Ahmedabad_Mirana_AssemblyLine_003_851.mp4,s3://humyn-data-partners-prod/visionlab/visionlab/outbound/India_Ahmedabad_Mirana_AssemblyLine_003_851.mp4,658147053,2026-06-13 17:49:40
visionlab/visionlab/outbound/India_Ahmedabad_Mirana_AssemblyLine_003_852.mp4,s3://humyn-data-partners-prod/visionlab/visionlab/outbound/India_Ahmedabad_Mirana_AssemblyLine_003_852.mp4,501222491,2026-06-13 17:49:40
visionlab/visionlab/outbound/India_Ahmedabad_Mirana_AssemblyLine_003_853.mp4,s3://humyn-data-partners-prod/visionlab/visionlab/outbound/India_Ahmedabad_Mirana_AssemblyLine_003_853.mp4,551626536,2026-06-13 17:49:40
visionlab/visionlab/outbound/India_Ahmedabad_Mirana_AssemblyLine_003_854.mp4,s3://humyn-data-partners-prod/visionlab/visionlab/outbound/India_Ahmedabad_Mirana_AssemblyLine_003_854.mp4,951723207,2026-06-13 17:49:41
visionlab/visionlab/outbound/India_Ahmedabad_Mirana_AssemblyLine_003_855.mp4,s3://humyn-data-partners-prod/visionlab/visionlab/outbound/India_Ahmedabad_Mirana_AssemblyLine_003_855.mp4,551803442,2026-06-13 17:49:41
visionlab/visionlab/outbound/India_Ahmedabad_Mirana_AssemblyLine_003_856.mp4,s3://humyn-data-partners-prod/visionlab/visionlab/outbound/India_Ahmedabad_Mirana_AssemblyLine_003_856.mp4,521685733,2026-06-13 17:49:41
visionlab/visionlab/outbound/India_Ahmedabad_Mirana_AssemblyLine_003_857.mp4,s3://humyn-data-partners-prod/visionlab/visionlab/outbound/India_Ahmedabad_Mirana_AssemblyLine_003_857.mp4,546730489,2026-06-13 17:49:42
visionlab/visionlab/outbound/India_Ahmedabad_Mirana_AssemblyLine_003_858.mp4,s3://humyn-data-partners-prod/visionlab/visionlab/outbound/India_Ahmedabad_Mirana_AssemblyLine_003_858.mp4,629124199,2026-06-13 17:49:42
visionlab/visionlab/outbound/India_Ahmedabad_Mirana_AssemblyLine_003_859.mp4,s3://humyn-data-partners-prod/visionlab/visionlab/outbound/India_Ahmedabad_Mirana_AssemblyLine_003_859.mp4,453164449,2026-06-13 17:49:42
visionlab/visionlab/outbound/India_Ahmedabad_Mirana_AssemblyLine_003_860.mp4,s3://humyn-data-partners-prod/visionlab/visionlab/outbound/India_Ahmedabad_Mirana_AssemblyLine_003_860.mp4,643071391,2026-06-13 17:49:42
visionlab/visionlab/outbound/India_Ahmedabad_Mirana_AssemblyLine_003_861.mp4,s3://humyn-data-partners-prod/visionlab/visionlab/outbound/India_Ahmedabad_Mirana_AssemblyLine_003_861.mp4,322567946,2026-06-13 17:49:42
visionlab/visionlab/outbound/India_Ahmedabad_Mirana_AssemblyLine_003_862.mp4,s3://humyn-data-partners-prod/visionlab/visionlab/outbound/India_Ahmedabad_Mirana_AssemblyLine_003_862.mp4,607462461,2026-06-13 17:49:43
visionlab/visionlab/outbound/India_Ahmedabad_Mirana_AssemblyLine_003_863.mp4,s3://humyn-data-partners-prod/visionlab/visionlab/outbound/India_Ahmedabad_Mirana_AssemblyLine_003_863.mp4,636570381,2026-06-13 17:49:43
visionlab/visionlab/outbound/India_Ahmedabad_Mirana_AssemblyLine_003_864.mp4,s3://humyn-data-partners-prod/visionlab/visionlab/outbound/India_Ahmedabad_Mirana_AssemblyLine_003_864.mp4,550702266,2026-06-13 17:49:43
visionlab/visionlab/outbound/India_Ahmedabad_Mirana_AssemblyLine_003_865.mp4,s3://humyn-data-partners-prod/visionlab/visionlab/outbound/India_Ahmedabad_Mirana_AssemblyLine_003_865.mp4,583798188,2026-06-13 17:49:43
visionlab/visionlab/outbound/India_Ahmedabad_Mirana_AssemblyLine_003_866.mp4,s3://humyn-data-partners-prod/visionlab/visionlab/outbound/India_Ahmedabad_Mirana_AssemblyLine_003_866.mp4,599818218,2026-06-13 17:49:43
visionlab/visionlab/outbound/India_Ahmedabad_Mirana_AssemblyLine_003_867.mp4,s3://humyn-data-partners-prod/visionlab/visionlab/outbound/India_Ahmedabad_Mirana_AssemblyLine_003_867.mp4,501080213,2026-06-13 17:49:43
visionlab/visionlab/outbound/India_Ahmedabad_Mirana_AssemblyLine_003_868.mp4,s3://humyn-data-partners-prod/visionlab/visionlab/outbound/India_Ahmedabad_Mirana_AssemblyLine_003_868.mp4,559267769,2026-06-13 17:49:44
visionlab/visionlab/outbound/India_Ahmedabad_Mirana_AssemblyLine_003_869.mp4,s3://humyn-data-partners-prod/visionlab/visionlab/outbound/India_Ahmedabad_Mirana_AssemblyLine_003_869.mp4,653705952,2026-06-13 17:49:44
visionlab/visionlab/outbound/India_Ahmedabad_Mirana_AssemblyLine_003_870.mp4,s3://humyn-data-partners-prod/visionlab/visionlab/outbound/India_Ahmedabad_Mirana_AssemblyLine_003_870.mp4,490345131,2026-06-13 17:49:44
visionlab/visionlab/outbound/India_Ahmedabad_Mirana_AssemblyLine_003_871.mp4,s3://humyn-data-partners-prod/visionlab/visionlab/outbound/India_Ahmedabad_Mirana_AssemblyLine_003_871.mp4,530872798,2026-06-13 17:49:44
visionlab/visionlab/outbound/India_Ahmedabad_Mirana_AssemblyLine_003_872.mp4,s3://humyn-data-partners-prod/visionlab/visionlab/outbound/India_Ahmedabad_Mirana_AssemblyLine_003_872.mp4,446334874,2026-06-13 17:49:44
visionlab/visionlab/outbound/India_Ahmedabad_Mirana_AssemblyLine_003_873.mp4,s3://humyn-data-partners-prod/visionlab/visionlab/outbound/India_Ahmedabad_Mirana_AssemblyLine_003_873.mp4,572747562,2026-06-13 17:49:44
visionlab/visionlab/outbound/India_Ahmedabad_Mirana_AssemblyLine_003_874.mp4,s3://humyn-data-partners-prod/visionlab/visionlab/outbound/India_Ahmedabad_Mirana_AssemblyLine_003_874.mp4,496914098,2026-06-13 17:49:44
visionlab/visionlab/outbound/India_Ahmedabad_Mirana_AssemblyLine_003_875.mp4,s3://humyn-data-partners-prod/visionlab/visionlab/outbound/India_Ahmedabad_Mirana_AssemblyLine_003_875.mp4,570256240,2026-06-13 17:49:44
visionlab/visionlab/outbound/India_Ahmedabad_Mirana_AssemblyLine_003_876.mp4,s3://humyn-data-partners-prod/visionlab/visionlab/outbound/India_Ahmedabad_Mirana_AssemblyLine_003_876.mp4,524629071,2026-06-13 17:49:45
visionlab/visionlab/outbound/India_Ahmedabad_Mirana_AssemblyLine_003_877.mp4,s3://humyn-data-partners-prod/visionlab/visionlab/outbound/India_Ahmedabad_Mirana_AssemblyLine_003_877.mp4,393293118,2026-06-13 17:49:45
visionlab/visionlab/outbound/India_Ahmedabad_Mirana_AssemblyLine_003_878.mp4,s3://humyn-data-partners-prod/visionlab/visionlab/outbound/India_Ahmedabad_Mirana_AssemblyLine_003_878.mp4,612916735,2026-06-13 17:49:46
visionlab/visionlab/outbound/India_Ahmedabad_Mirana_AssemblyLine_003_879.mp4,s3://humyn-data-partners-prod/visionlab/visionlab/outbound/India_Ahmedabad_Mirana_AssemblyLine_003_879.mp4,538357928,2026-06-13 17:49:46
visionlab/visionlab/outbound/India_Ahmedabad_Mirana_AssemblyLine_003_880.mp4,s3://humyn-data-partners-prod/visionlab/visionlab/outbound/India_Ahmedabad_Mirana_AssemblyLine_003_880.mp4,624329881,2026-06-13 17:49:48
visionlab/visionlab/outbound/India_Ahmedabad_Mirana_AssemblyLine_003_881.mp4,s3://humyn-data-partners-prod/visionlab/visionlab/outbound/India_Ahmedabad_Mirana_AssemblyLine_003_881.mp4,566596932,2026-06-13 17:49:48
visionlab/visionlab/outbound/India_Ahmedabad_Mirana_AssemblyLine_003_882.mp4,s3://humyn-data-partners-prod/visionlab/visionlab/outbound/India_Ahmedabad_Mirana_AssemblyLine_003_882.mp4,501293401,2026-06-13 17:49:49
visionlab/visionlab/outbound/India_Ahmedabad_Mirana_AssemblyLine_003_883.mp4,s3://humyn-data-partners-prod/visionlab/visionlab/outbound/India_Ahmedabad_Mirana_AssemblyLine_003_883.mp4,514499895,2026-06-13 17:49:51
visionlab/visionlab/outbound/India_Ahmedabad_Mirana_AssemblyLine_003_884.mp4,s3://humyn-data-partners-prod/visionlab/visionlab/outbound/India_Ahmedabad_Mirana_AssemblyLine_003_884.mp4,536325299,2026-06-13 17:49:51
visionlab/visionlab/outbound/India_Ahmedabad_Mirana_AssemblyLine_003_885.mp4,s3://humyn-data-partners-prod/visionlab/visionlab/outbound/India_Ahmedabad_Mirana_AssemblyLine_003_885.mp4,506721144,2026-06-13 17:49:51
visionlab/visionlab/outbound/India_Ahmedabad_Mirana_AssemblyLine_003_886.mp4,s3://humyn-data-partners-prod/visionlab/visionlab/outbound/India_Ahmedabad_Mirana_AssemblyLine_003_886.mp4,243840488,2026-06-13 17:49:52
visionlab/visionlab/outbound/India_Ahmedabad_Mirana_AssemblyLine_003_887.mp4,s3://humyn-data-partners-prod/visionlab/visionlab/outbound/India_Ahmedabad_Mirana_AssemblyLine_003_887.mp4,620805133,2026-06-13 17:49:52
visionlab/visionlab/outbound/India_Ahmedabad_Mirana_AssemblyLine_003_888.mp4,s3://humyn-data-partners-prod/visionlab/visionlab/outbound/India_Ahmedabad_Mirana_AssemblyLine_003_888.mp4,574815905,2026-06-13 17:49:52
visionlab/visionlab/outbound/India_Ahmedabad_Mirana_AssemblyLine_003_889.mp4,s3://humyn-data-partners-prod/visionlab/visionlab/outbound/India_Ahmedabad_Mirana_AssemblyLine_003_889.mp4,485685674,2026-06-13 17:49:53
visionlab/visionlab/outbound/India_Ahmedabad_Mirana_AssemblyLine_003_890.mp4,s3://humyn-data-partners-prod/visionlab/visionlab/outbound/India_Ahmedabad_Mirana_AssemblyLine_003_890.mp4,567453758,2026-06-13 17:49:53
visionlab/visionlab/outbound/India_Ahmedabad_Mirana_AssemblyLine_003_891.mp4,s3://humyn-data-partners-prod/visionlab/visionlab/outbound/India_Ahmedabad_Mirana_AssemblyLine_003_891.mp4,540102094,2026-06-13 17:49:53
visionlab/visionlab/outbound/India_Ahmedabad_Mirana_AssemblyLine_003_892.mp4,s3://humyn-data-partners-prod/visionlab/visionlab/outbound/India_Ahmedabad_Mirana_AssemblyLine_003_892.mp4,517188184,2026-06-13 17:49:53
visionlab/visionlab/outbound/India_Ahmedabad_Mirana_AssemblyLine_003_893.mp4,s3://humyn-data-partners-prod/visionlab/visionlab/outbound/India_Ahmedabad_Mirana_AssemblyLine_003_893.mp4,871783849,2026-06-13 17:49:53
visionlab/visionlab/outbound/India_Ahmedabad_Mirana_AssemblyLine_003_894.mp4,s3://humyn-data-partners-prod/visionlab/visionlab/outbound/India_Ahmedabad_Mirana_AssemblyLine_003_894.mp4,671059972,2026-06-13 17:49:53
visionlab/visionlab/outbound/India_Ahmedabad_Mirana_AssemblyLine_003_895.mp4,s3://humyn-data-partners-prod/visionlab/visionlab/outbound/India_Ahmedabad_Mirana_AssemblyLine_003_895.mp4,638774378,2026-06-13 17:49:53
visionlab/visionlab/outbound/India_Ahmedabad_Mirana_AssemblyLine_003_896.mp4,s3://humyn-data-partners-prod/visionlab/visionlab/outbound/India_Ahmedabad_Mirana_AssemblyLine_003_896.mp4,626935489,2026-06-13 17:49:53
visionlab/visionlab/outbound/India_Ahmedabad_Mirana_AssemblyLine_003_897.mp4,s3://humyn-data-partners-prod/visionlab/visionlab/outbound/India_Ahmedabad_Mirana_AssemblyLine_003_897.mp4,586271112,2026-06-13 17:49:53
visionlab/visionlab/outbound/India_Ahmedabad_Mirana_AssemblyLine_003_898.mp4,s3://humyn-data-partners-prod/visionlab/visionlab/outbound/India_Ahmedabad_Mirana_AssemblyLine_003_898.mp4,542817925,2026-06-13 17:49:54
visionlab/visionlab/outbound/India_Ahmedabad_Mirana_AssemblyLine_003_899.mp4,s3://humyn-data-partners-prod/visionlab/visionlab/outbound/India_Ahmedabad_Mirana_AssemblyLine_003_899.mp4,534390119,2026-06-13 17:49:54
visionlab/visionlab/outbound/India_Ahmedabad_Mirana_AssemblyLine_003_900.mp4,s3://humyn-data-partners-prod/visionlab/visionlab/outbound/India_Ahmedabad_Mirana_AssemblyLine_003_900.mp4,622823332,2026-06-13 17:49:54
visionlab/visionlab/outbound/India_Ahmedabad_Mirana_AssemblyLine_003_901.mp4,s3://humyn-data-partners-prod/visionlab/visionlab/outbound/India_Ahmedabad_Mirana_AssemblyLine_003_901.mp4,629936520,2026-06-13 17:49:54
visionlab/visionlab/outbound/India_Ahmedabad_Mirana_AssemblyLine_003_902.mp4,s3://humyn-data-partners-prod/visionlab/visionlab/outbound/India_Ahmedabad_Mirana_AssemblyLine_003_902.mp4,606324625,2026-06-13 17:49:54
visionlab/visionlab/outbound/India_Ahmedabad_Mirana_AssemblyLine_003_903.mp4,s3://humyn-data-partners-prod/visionlab/visionlab/outbound/India_Ahmedabad_Mirana_AssemblyLine_003_903.mp4,660427865,2026-06-13 17:49:55
visionlab/visionlab/outbound/India_Ahmedabad_Mirana_AssemblyLine_003_904.mp4,s3://humyn-data-partners-prod/visionlab/visionlab/outbound/India_Ahmedabad_Mirana_AssemblyLine_003_904.mp4,598112383,2026-06-13 17:49:56
visionlab/visionlab/outbound/India_Ahmedabad_Mirana_AssemblyLine_003_905.mp4,s3://humyn-data-partners-prod/visionlab/visionlab/outbound/India_Ahmedabad_Mirana_AssemblyLine_003_905.mp4,237839153,2026-06-13 17:49:56
visionlab/visionlab/outbound/India_Ahmedabad_Mirana_AssemblyLine_003_906.mp4,s3://humyn-data-partners-prod/visionlab/visionlab/outbound/India_Ahmedabad_Mirana_AssemblyLine_003_906.mp4,284360054,2026-06-13 17:49:56
visionlab/visionlab/outbound/India_Ahmedabad_Mirana_AssemblyLine_003_907.mp4,s3://humyn-data-partners-prod/visionlab/visionlab/outbound/India_Ahmedabad_Mirana_AssemblyLine_003_907.mp4,653456929,2026-06-13 17:49:56
visionlab/visionlab/outbound/India_Ahmedabad_Mirana_AssemblyLine_003_908.mp4,s3://humyn-data-partners-prod/visionlab/visionlab/outbound/India_Ahmedabad_Mirana_AssemblyLine_003_908.mp4,624571034,2026-06-13 17:49:56
visionlab/visionlab/outbound/India_Ahmedabad_Mirana_AssemblyLine_003_909.mp4,s3://humyn-data-partners-prod/visionlab/visionlab/outbound/India_Ahmedabad_Mirana_AssemblyLine_003_909.mp4,575597398,2026-06-13 17:49:56
visionlab/visionlab/outbound/India_Ahmedabad_Mirana_AssemblyLine_003_910.mp4,s3://humyn-data-partners-prod/visionlab/visionlab/outbound/India_Ahmedabad_Mirana_AssemblyLine_003_910.mp4,630036180,2026-06-13 17:49:57
visionlab/visionlab/outbound/India_Ahmedabad_Mirana_AssemblyLine_003_911.mp4,s3://humyn-data-partners-prod/visionlab/visionlab/outbound/India_Ahmedabad_Mirana_AssemblyLine_003_911.mp4,517840659,2026-06-13 17:49:57
visionlab/visionlab/outbound/India_Ahmedabad_Mirana_AssemblyLine_003_912.mp4,s3://humyn-data-partners-prod/visionlab/visionlab/outbound/India_Ahmedabad_Mirana_AssemblyLine_003_912.mp4,628909690,2026-06-13 17:49:58
visionlab/visionlab/outbound/India_Ahmedabad_Mirana_AssemblyLine_003_913.mp4,s3://humyn-data-partners-prod/visionlab/visionlab/outbound/India_Ahmedabad_Mirana_AssemblyLine_003_913.mp4,450468548,2026-06-13 17:50:00
visionlab/visionlab/outbound/India_Ahmedabad_Mirana_AssemblyLine_003_914.mp4,s3://humyn-data-partners-prod/visionlab/visionlab/outbound/India_Ahmedabad_Mirana_AssemblyLine_003_914.mp4,491818847,2026-06-13 17:50:00
visionlab/visionlab/outbound/India_Ahmedabad_Mirana_AssemblyLine_003_915.mp4,s3://humyn-data-partners-prod/visionlab/visionlab/outbound/India_Ahmedabad_Mirana_AssemblyLine_003_915.mp4,608660297,2026-06-13 17:50:00
visionlab/visionlab/outbound/India_Ahmedabad_Mirana_AssemblyLine_003_916.mp4,s3://humyn-data-partners-prod/visionlab/visionlab/outbound/India_Ahmedabad_Mirana_AssemblyLine_003_916.mp4,631655319,2026-06-13 17:50:00
visionlab/visionlab/outbound/India_Ahmedabad_Mirana_AssemblyLine_003_917.mp4,s3://humyn-data-partners-prod/visionlab/visionlab/outbound/India_Ahmedabad_Mirana_AssemblyLine_003_917.mp4,669905129,2026-06-13 17:50:01
visionlab/visionlab/outbound/India_Ahmedabad_Mirana_AssemblyLine_003_918.mp4,s3://humyn-data-partners-prod/visionlab/visionlab/outbound/India_Ahmedabad_Mirana_AssemblyLine_003_918.mp4,650290288,2026-06-13 17:50:01
visionlab/visionlab/outbound/India_Ahmedabad_Mirana_AssemblyLine_003_919.mp4,s3://humyn-data-partners-prod/visionlab/visionlab/outbound/India_Ahmedabad_Mirana_AssemblyLine_003_919.mp4,466010052,2026-06-13 17:50:01
visionlab/visionlab/outbound/India_Ahmedabad_Mirana_AssemblyLine_003_920.mp4,s3://humyn-data-partners-prod/visionlab/visionlab/outbound/India_Ahmedabad_Mirana_AssemblyLine_003_920.mp4,941914852,2026-06-13 17:50:01
visionlab/visionlab/outbound/India_Ahmedabad_Mirana_AssemblyLine_003_921.mp4,s3://humyn-data-partners-prod/visionlab/visionlab/outbound/India_Ahmedabad_Mirana_AssemblyLine_003_921.mp4,751290964,2026-06-13 17:50:02
visionlab/visionlab/outbound/India_Ahmedabad_Mirana_AssemblyLine_003_922.mp4,s3://humyn-data-partners-prod/visionlab/visionlab/outbound/India_Ahmedabad_Mirana_AssemblyLine_003_922.mp4,453182832,2026-06-13 17:50:02
visionlab/visionlab/outbound/India_Ahmedabad_Mirana_AssemblyLine_003_923.mp4,s3://humyn-data-partners-prod/visionlab/visionlab/outbound/India_Ahmedabad_Mirana_AssemblyLine_003_923.mp4,592072115,2026-06-13 17:50:03
visionlab/visionlab/outbound/India_Ahmedabad_Mirana_AssemblyLine_003_924.mp4,s3://humyn-data-partners-prod/visionlab/visionlab/outbound/India_Ahmedabad_Mirana_AssemblyLine_003_924.mp4,597151822,2026-06-13 17:50:03
visionlab/visionlab/outbound/India_Ahmedabad_Mirana_AssemblyLine_003_925.mp4,s3://humyn-data-partners-prod/visionlab/visionlab/outbound/India_Ahmedabad_Mirana_AssemblyLine_003_925.mp4,633632481,2026-06-13 17:50:03
visionlab/visionlab/outbound/India_Ahmedabad_Mirana_AssemblyLine_003_926.mp4,s3://humyn-data-partners-prod/visionlab/visionlab/outbound/India_Ahmedabad_Mirana_AssemblyLine_003_926.mp4,579341188,2026-06-13 17:50:03
visionlab/visionlab/outbound/India_Ahmedabad_Mirana_AssemblyLine_003_927.mp4,s3://humyn-data-partners-prod/visionlab/visionlab/outbound/India_Ahmedabad_Mirana_AssemblyLine_003_927.mp4,412495973,2026-06-13 17:50:03
visionlab/visionlab/outbound/India_Ahmedabad_Mirana_AssemblyLine_003_928.mp4,s3://humyn-data-partners-prod/visionlab/visionlab/outbound/India_Ahmedabad_Mirana_AssemblyLine_003_928.mp4,665517064,2026-06-13 17:50:04
visionlab/visionlab/outbound/India_Ahmedabad_Mirana_AssemblyLine_003_929.mp4,s3://humyn-data-partners-prod/visionlab/visionlab/outbound/India_Ahmedabad_Mirana_AssemblyLine_003_929.mp4,482489850,2026-06-13 17:50:04
visionlab/visionlab/outbound/India_Ahmedabad_Mirana_AssemblyLine_003_930.mp4,s3://humyn-data-partners-prod/visionlab/visionlab/outbound/India_Ahmedabad_Mirana_AssemblyLine_003_930.mp4,559754167,2026-06-13 17:50:05
visionlab/visionlab/outbound/India_Ahmedabad_Mirana_AssemblyLine_003_931.mp4,s3://humyn-data-partners-prod/visionlab/visionlab/outbound/India_Ahmedabad_Mirana_AssemblyLine_003_931.mp4,493794581,2026-06-13 17:50:05
visionlab/visionlab/outbound/India_Ahmedabad_Mirana_AssemblyLine_003_932.mp4,s3://humyn-data-partners-prod/visionlab/visionlab/outbound/India_Ahmedabad_Mirana_AssemblyLine_003_932.mp4,612785623,2026-06-13 17:50:05
visionlab/visionlab/outbound/India_Ahmedabad_Mirana_AssemblyLine_003_933.mp4,s3://humyn-data-partners-prod/visionlab/visionlab/outbound/India_Ahmedabad_Mirana_AssemblyLine_003_933.mp4,646432573,2026-06-13 17:50:05
visionlab/visionlab/outbound/India_Ahmedabad_Mirana_AssemblyLine_003_934.mp4,s3://humyn-data-partners-prod/visionlab/visionlab/outbound/India_Ahmedabad_Mirana_AssemblyLine_003_934.mp4,607353896,2026-06-13 17:50:05
visionlab/visionlab/outbound/India_Ahmedabad_Mirana_AssemblyLine_003_935.mp4,s3://humyn-data-partners-prod/visionlab/visionlab/outbound/India_Ahmedabad_Mirana_AssemblyLine_003_935.mp4,198007652,2026-06-13 17:50:06
visionlab/visionlab/outbound/India_Ahmedabad_Mirana_AssemblyLine_003_936.mp4,s3://humyn-data-partners-prod/visionlab/visionlab/outbound/India_Ahmedabad_Mirana_AssemblyLine_003_936.mp4,518837201,2026-06-13 17:50:06
visionlab/visionlab/outbound/India_Ahmedabad_Mirana_AssemblyLine_003_937.mp4,s3://humyn-data-partners-prod/visionlab/visionlab/outbound/India_Ahmedabad_Mirana_AssemblyLine_003_937.mp4,644794926,2026-06-13 17:50:07
visionlab/visionlab/outbound/India_Ahmedabad_Mirana_AssemblyLine_003_938.mp4,s3://humyn-data-partners-prod/visionlab/visionlab/outbound/India_Ahmedabad_Mirana_AssemblyLine_003_938.mp4,575965099,2026-06-13 17:50:07
visionlab/visionlab/outbound/India_Ahmedabad_Mirana_AssemblyLine_003_939.mp4,s3://humyn-data-partners-prod/visionlab/visionlab/outbound/India_Ahmedabad_Mirana_AssemblyLine_003_939.mp4,645536871,2026-06-13 17:50:08
visionlab/visionlab/outbound/India_Ahmedabad_Mirana_AssemblyLine_003_940.mp4,s3://humyn-data-partners-prod/visionlab/visionlab/outbound/India_Ahmedabad_Mirana_AssemblyLine_003_940.mp4,547326898,2026-06-13 17:50:09
visionlab/visionlab/outbound/India_Ahmedabad_Mirana_AssemblyLine_003_941.mp4,s3://humyn-data-partners-prod/visionlab/visionlab/outbound/India_Ahmedabad_Mirana_AssemblyLine_003_941.mp4,468369837,2026-06-13 17:50:09
visionlab/visionlab/outbound/India_Ahmedabad_Mirana_AssemblyLine_003_942.mp4,s3://humyn-data-partners-prod/visionlab/visionlab/outbound/India_Ahmedabad_Mirana_AssemblyLine_003_942.mp4,655509873,2026-06-13 17:50:09
visionlab/visionlab/outbound/India_Ahmedabad_Mirana_AssemblyLine_003_943.mp4,s3://humyn-data-partners-prod/visionlab/visionlab/outbound/India_Ahmedabad_Mirana_AssemblyLine_003_943.mp4,643926022,2026-06-13 17:50:09
visionlab/visionlab/outbound/India_Ahmedabad_Mirana_AssemblyLine_004_001.mp4,s3://humyn-data-partners-prod/visionlab/visionlab/outbound/India_Ahmedabad_Mirana_AssemblyLine_004_001.mp4,596782556,2026-06-13 17:50:09
visionlab/visionlab/outbound/India_Ahmedabad_Mirana_AssemblyLine_004_002.mp4,s3://humyn-data-partners-prod/visionlab/visionlab/outbound/India_Ahmedabad_Mirana_AssemblyLine_004_002.mp4,599052393,2026-06-13 17:50:09
visionlab/visionlab/outbound/India_Ahmedabad_Mirana_AssemblyLine_004_003.mp4,s3://humyn-data-partners-prod/visionlab/visionlab/outbound/India_Ahmedabad_Mirana_AssemblyLine_004_003.mp4,483766999,2026-06-13 17:50:10
visionlab/visionlab/outbound/India_Ahmedabad_Mirana_AssemblyLine_004_004.mp4,s3://humyn-data-partners-prod/visionlab/visionlab/outbound/India_Ahmedabad_Mirana_AssemblyLine_004_004.mp4,490264946,2026-06-13 17:50:10
visionlab/visionlab/outbound/India_Ahmedabad_Mirana_AssemblyLine_004_005.mp4,s3://humyn-data-partners-prod/visionlab/visionlab/outbound/India_Ahmedabad_Mirana_AssemblyLine_004_005.mp4,845931010,2026-06-13 17:50:10
visionlab/visionlab/outbound/India_Ahmedabad_Mirana_AssemblyLine_004_006.mp4,s3://humyn-data-partners-prod/visionlab/visionlab/outbound/India_Ahmedabad_Mirana_AssemblyLine_004_006.mp4,1018088641,2026-06-13 17:50:10
visionlab/visionlab/outbound/India_Ahmedabad_Mirana_AssemblyLine_004_007.mp4,s3://humyn-data-partners-prod/visionlab/visionlab/outbound/India_Ahmedabad_Mirana_AssemblyLine_004_007.mp4,495852596,2026-06-13 17:50:11
visionlab/visionlab/outbound/India_Ahmedabad_Mirana_AssemblyLine_004_008.mp4,s3://humyn-data-partners-prod/visionlab/visionlab/outbound/India_Ahmedabad_Mirana_AssemblyLine_004_008.mp4,606374071,2026-06-13 17:50:11
visionlab/visionlab/outbound/India_Ahmedabad_Mirana_AssemblyLine_004_009.mp4,s3://humyn-data-partners-prod/visionlab/visionlab/outbound/India_Ahmedabad_Mirana_AssemblyLine_004_009.mp4,667057750,2026-06-13 17:50:12
visionlab/visionlab/outbound/India_Ahmedabad_Mirana_AssemblyLine_004_010.mp4,s3://humyn-data-partners-prod/visionlab/visionlab/outbound/India_Ahmedabad_Mirana_AssemblyLine_004_010.mp4,600029449,2026-06-13 17:50:12
visionlab/visionlab/outbound/India_Ahmedabad_Mirana_AssemblyLine_004_011.mp4,s3://humyn-data-partners-prod/visionlab/visionlab/outbound/India_Ahmedabad_Mirana_AssemblyLine_004_011.mp4,637184672,2026-06-13 17:50:12
visionlab/visionlab/outbound/India_Ahmedabad_Mirana_AssemblyLine_004_012.mp4,s3://humyn-data-partners-prod/visionlab/visionlab/outbound/India_Ahmedabad_Mirana_AssemblyLine_004_012.mp4,430183298,2026-06-13 17:50:13
visionlab/visionlab/outbound/India_Ahmedabad_Mirana_AssemblyLine_004_013.mp4,s3://humyn-data-partners-prod/visionlab/visionlab/outbound/India_Ahmedabad_Mirana_AssemblyLine_004_013.mp4,593577223,2026-06-13 17:50:13
visionlab/visionlab/outbound/India_Ahmedabad_Mirana_AssemblyLine_004_014.mp4,s3://humyn-data-partners-prod/visionlab/visionlab/outbound/India_Ahmedabad_Mirana_AssemblyLine_004_014.mp4,686946350,2026-06-13 17:50:14
visionlab/visionlab/outbound/India_Ahmedabad_Mirana_AssemblyLine_004_015.mp4,s3://humyn-data-partners-prod/visionlab/visionlab/outbound/India_Ahmedabad_Mirana_AssemblyLine_004_015.mp4,611906886,2026-06-13 17:50:14
visionlab/visionlab/outbound/India_Ahmedabad_Mirana_AssemblyLine_004_016.mp4,s3://humyn-data-partners-prod/visionlab/visionlab/outbound/India_Ahmedabad_Mirana_AssemblyLine_004_016.mp4,605456712,2026-06-13 17:50:14
visionlab/visionlab/outbound/India_Ahmedabad_Mirana_AssemblyLine_004_017.mp4,s3://humyn-data-partners-prod/visionlab/visionlab/outbound/India_Ahmedabad_Mirana_AssemblyLine_004_017.mp4,570975871,2026-06-13 17:50:14
visionlab/visionlab/outbound/India_Ahmedabad_Mirana_AssemblyLine_004_018.mp4,s3://humyn-data-partners-prod/visionlab/visionlab/outbound/India_Ahmedabad_Mirana_AssemblyLine_004_018.mp4,642020630,2026-06-13 17:50:15
visionlab/visionlab/outbound/India_Ahmedabad_Mirana_AssemblyLine_004_019.mp4,s3://humyn-data-partners-prod/visionlab/visionlab/outbound/India_Ahmedabad_Mirana_AssemblyLine_004_019.mp4,507301828,2026-06-13 17:50:16
visionlab/visionlab/outbound/India_Ahmedabad_Mirana_AssemblyLine_004_020.mp4,s3://humyn-data-partners-prod/visionlab/visionlab/outbound/India_Ahmedabad_Mirana_AssemblyLine_004_020.mp4,489042095,2026-06-13 17:50:16
visionlab/visionlab/outbound/India_Ahmedabad_Mirana_AssemblyLine_004_021.mp4,s3://humyn-data-partners-prod/visionlab/visionlab/outbound/India_Ahmedabad_Mirana_AssemblyLine_004_021.mp4,599422211,2026-06-13 17:50:16
visionlab/visionlab/outbound/India_Ahmedabad_Mirana_AssemblyLine_004_022.mp4,s3://humyn-data-partners-prod/visionlab/visionlab/outbound/India_Ahmedabad_Mirana_AssemblyLine_004_022.mp4,470826108,2026-06-13 17:50:16
visionlab/visionlab/outbound/India_Ahmedabad_Mirana_AssemblyLine_004_023.mp4,s3://humyn-data-partners-prod/visionlab/visionlab/outbound/India_Ahmedabad_Mirana_AssemblyLine_004_023.mp4,577544120,2026-06-13 17:50:16
visionlab/visionlab/outbound/India_Ahmedabad_Mirana_AssemblyLine_004_024.mp4,s3://humyn-data-partners-prod/visionlab/visionlab/outbound/India_Ahmedabad_Mirana_AssemblyLine_004_024.mp4,525928547,2026-06-13 17:50:18
visionlab/visionlab/outbound/India_Ahmedabad_Mirana_AssemblyLine_004_025.mp4,s3://humyn-data-partners-prod/visionlab/visionlab/outbound/India_Ahmedabad_Mirana_AssemblyLine_004_025.mp4,467931964,2026-06-13 17:50:18
visionlab/visionlab/outbound/India_Ahmedabad_Mirana_AssemblyLine_004_026.mp4,s3://humyn-data-partners-prod/visionlab/visionlab/outbound/India_Ahmedabad_Mirana_AssemblyLine_004_026.mp4,622789244,2026-06-13 17:50:18
visionlab/visionlab/outbound/India_Ahmedabad_Mirana_AssemblyLine_004_027.mp4,s3://humyn-data-partners-prod/visionlab/visionlab/outbound/India_Ahmedabad_Mirana_AssemblyLine_004_027.mp4,414748273,2026-06-13 17:50:18
visionlab/visionlab/outbound/India_Ahmedabad_Mirana_AssemblyLine_004_028.mp4,s3://humyn-data-partners-prod/visionlab/visionlab/outbound/India_Ahmedabad_Mirana_AssemblyLine_004_028.mp4,633767559,2026-06-13 17:50:18
visionlab/visionlab/outbound/India_Ahmedabad_Mirana_AssemblyLine_004_029.mp4,s3://humyn-data-partners-prod/visionlab/visionlab/outbound/India_Ahmedabad_Mirana_AssemblyLine_004_029.mp4,919712384,2026-06-13 17:50:19
visionlab/visionlab/outbound/India_Ahmedabad_Mirana_AssemblyLine_004_030.mp4,s3://humyn-data-partners-prod/visionlab/visionlab/outbound/India_Ahmedabad_Mirana_AssemblyLine_004_030.mp4,670268627,2026-06-13 17:50:20
visionlab/visionlab/outbound/India_Ahmedabad_Mirana_AssemblyLine_004_031.mp4,s3://humyn-data-partners-prod/visionlab/visionlab/outbound/India_Ahmedabad_Mirana_AssemblyLine_004_031.mp4,651502973,2026-06-13 17:50:20
visionlab/visionlab/outbound/India_Ahmedabad_Mirana_AssemblyLine_004_032.mp4,s3://humyn-data-partners-prod/visionlab/visionlab/outbound/India_Ahmedabad_Mirana_AssemblyLine_004_032.mp4,594579385,2026-06-13 17:50:20
visionlab/visionlab/outbound/India_Ahmedabad_Mirana_AssemblyLine_004_033.mp4,s3://humyn-data-partners-prod/visionlab/visionlab/outbound/India_Ahmedabad_Mirana_AssemblyLine_004_033.mp4,490894125,2026-06-13 17:50:20
visionlab/visionlab/outbound/India_Ahmedabad_Mirana_AssemblyLine_004_034.mp4,s3://humyn-data-partners-prod/visionlab/visionlab/outbound/India_Ahmedabad_Mirana_AssemblyLine_004_034.mp4,591719222,2026-06-13 17:50:20
visionlab/visionlab/outbound/India_Ahmedabad_Mirana_AssemblyLine_004_035.mp4,s3://humyn-data-partners-prod/visionlab/visionlab/outbound/India_Ahmedabad_Mirana_AssemblyLine_004_035.mp4,531623906,2026-06-13 17:50:21
visionlab/visionlab/outbound/India_Ahmedabad_Mirana_AssemblyLine_004_036.mp4,s3://humyn-data-partners-prod/visionlab/visionlab/outbound/India_Ahmedabad_Mirana_AssemblyLine_004_036.mp4,662073107,2026-06-13 17:50:21
visionlab/visionlab/outbound/India_Ahmedabad_Mirana_AssemblyLine_004_037.mp4,s3://humyn-data-partners-prod/visionlab/visionlab/outbound/India_Ahmedabad_Mirana_AssemblyLine_004_037.mp4,633861092,2026-06-13 17:50:21
visionlab/visionlab/outbound/India_Ahmedabad_Mirana_AssemblyLine_004_038.mp4,s3://humyn-data-partners-prod/visionlab/visionlab/outbound/India_Ahmedabad_Mirana_AssemblyLine_004_038.mp4,647765857,2026-06-13 17:50:22
visionlab/visionlab/outbound/India_Ahmedabad_Mirana_AssemblyLine_004_039.mp4,s3://humyn-data-partners-prod/visionlab/visionlab/outbound/India_Ahmedabad_Mirana_AssemblyLine_004_039.mp4,644763448,2026-06-13 17:50:24
visionlab/visionlab/outbound/India_Ahmedabad_Mirana_AssemblyLine_004_040.mp4,s3://humyn-data-partners-prod/visionlab/visionlab/outbound/India_Ahmedabad_Mirana_AssemblyLine_004_040.mp4,460567413,2026-06-13 17:50:24
visionlab/visionlab/outbound/India_Ahmedabad_Mirana_AssemblyLine_004_041.mp4,s3://humyn-data-partners-prod/visionlab/visionlab/outbound/India_Ahmedabad_Mirana_AssemblyLine_004_041.mp4,548012582,2026-06-13 17:50:24
visionlab/visionlab/outbound/India_Ahmedabad_Mirana_AssemblyLine_004_042.mp4,s3://humyn-data-partners-prod/visionlab/visionlab/outbound/India_Ahmedabad_Mirana_AssemblyLine_004_042.mp4,615138570,2026-06-13 17:50:24
visionlab/visionlab/outbound/India_Ahmedabad_Mirana_AssemblyLine_004_043.mp4,s3://humyn-data-partners-prod/visionlab/visionlab/outbound/India_Ahmedabad_Mirana_AssemblyLine_004_043.mp4,407603980,2026-06-13 17:50:25
visionlab/visionlab/outbound/India_Ahmedabad_Mirana_AssemblyLine_004_044.mp4,s3://humyn-data-partners-prod/visionlab/visionlab/outbound/India_Ahmedabad_Mirana_AssemblyLine_004_044.mp4,629706099,2026-06-13 17:50:25
visionlab/visionlab/outbound/India_Ahmedabad_Mirana_AssemblyLine_004_045.mp4,s3://humyn-data-partners-prod/visionlab/visionlab/outbound/India_Ahmedabad_Mirana_AssemblyLine_004_045.mp4,938162037,2026-06-13 17:50:25
visionlab/visionlab/outbound/India_Ahmedabad_Mirana_AssemblyLine_004_046.mp4,s3://humyn-data-partners-prod/visionlab/visionlab/outbound/India_Ahmedabad_Mirana_AssemblyLine_004_046.mp4,602225058,2026-06-13 17:50:26
visionlab/visionlab/outbound/India_Ahmedabad_Mirana_AssemblyLine_004_047.mp4,s3://humyn-data-partners-prod/visionlab/visionlab/outbound/India_Ahmedabad_Mirana_AssemblyLine_004_047.mp4,580381956,2026-06-13 17:50:26
visionlab/visionlab/outbound/India_Ahmedabad_Mirana_AssemblyLine_004_048.mp4,s3://humyn-data-partners-prod/visionlab/visionlab/outbound/India_Ahmedabad_Mirana_AssemblyLine_004_048.mp4,635900138,2026-06-13 17:50:26
visionlab/visionlab/outbound/India_Ahmedabad_Mirana_AssemblyLine_004_049.mp4,s3://humyn-data-partners-prod/visionlab/visionlab/outbound/India_Ahmedabad_Mirana_AssemblyLine_004_049.mp4,570559797,2026-06-13 17:50:26
visionlab/visionlab/outbound/India_Ahmedabad_Mirana_AssemblyLine_004_050.mp4,s3://humyn-data-partners-prod/visionlab/visionlab/outbound/India_Ahmedabad_Mirana_AssemblyLine_004_050.mp4,515701636,2026-06-13 17:50:26
visionlab/visionlab/outbound/India_Ahmedabad_Mirana_AssemblyLine_004_051.mp4,s3://humyn-data-partners-prod/visionlab/visionlab/outbound/India_Ahmedabad_Mirana_AssemblyLine_004_051.mp4,604856000,2026-06-13 17:50:26
visionlab/visionlab/outbound/India_Ahmedabad_Mirana_AssemblyLine_004_052.mp4,s3://humyn-data-partners-prod/visionlab/visionlab/outbound/India_Ahmedabad_Mirana_AssemblyLine_004_052.mp4,566555471,2026-06-13 17:50:27
visionlab/visionlab/outbound/India_Ahmedabad_Mirana_AssemblyLine_004_053.mp4,s3://humyn-data-partners-prod/visionlab/visionlab/outbound/India_Ahmedabad_Mirana_AssemblyLine_004_053.mp4,686192694,2026-06-13 17:50:27
visionlab/visionlab/outbound/India_Ahmedabad_Mirana_AssemblyLine_004_054.mp4,s3://humyn-data-partners-prod/visionlab/visionlab/outbound/India_Ahmedabad_Mirana_AssemblyLine_004_054.mp4,720626093,2026-06-13 17:50:27
visionlab/visionlab/outbound/India_Ahmedabad_Mirana_AssemblyLine_004_055.mp4,s3://humyn-data-partners-prod/visionlab/visionlab/outbound/India_Ahmedabad_Mirana_AssemblyLine_004_055.mp4,578086063,2026-06-13 17:50:28
visionlab/visionlab/outbound/India_Ahmedabad_Mirana_AssemblyLine_004_056.mp4,s3://humyn-data-partners-prod/visionlab/visionlab/outbound/India_Ahmedabad_Mirana_AssemblyLine_004_056.mp4,575743604,2026-06-13 17:50:29
visionlab/visionlab/outbound/India_Ahmedabad_Mirana_AssemblyLine_004_057.mp4,s3://humyn-data-partners-prod/visionlab/visionlab/outbound/India_Ahmedabad_Mirana_AssemblyLine_004_057.mp4,668250084,2026-06-13 17:50:29
visionlab/visionlab/outbound/India_Ahmedabad_Mirana_AssemblyLine_004_058.mp4,s3://humyn-data-partners-prod/visionlab/visionlab/outbound/India_Ahmedabad_Mirana_AssemblyLine_004_058.mp4,666611407,2026-06-13 17:50:29
visionlab/visionlab/outbound/India_Ahmedabad_Mirana_AssemblyLine_004_059.mp4,s3://humyn-data-partners-prod/visionlab/visionlab/outbound/India_Ahmedabad_Mirana_AssemblyLine_004_059.mp4,521377886,2026-06-13 17:50:29
visionlab/visionlab/outbound/India_Ahmedabad_Mirana_AssemblyLine_004_060.mp4,s3://humyn-data-partners-prod/visionlab/visionlab/outbound/India_Ahmedabad_Mirana_AssemblyLine_004_060.mp4,636770216,2026-06-13 17:50:31
visionlab/visionlab/outbound/India_Ahmedabad_Mirana_AssemblyLine_004_061.mp4,s3://humyn-data-partners-prod/visionlab/visionlab/outbound/India_Ahmedabad_Mirana_AssemblyLine_004_061.mp4,692411772,2026-06-13 17:50:32
visionlab/visionlab/outbound/India_Ahmedabad_Mirana_AssemblyLine_004_062.mp4,s3://humyn-data-partners-prod/visionlab/visionlab/outbound/India_Ahmedabad_Mirana_AssemblyLine_004_062.mp4,437948284,2026-06-13 17:50:32
visionlab/visionlab/outbound/India_Ahmedabad_Mirana_AssemblyLine_004_063.mp4,s3://humyn-data-partners-prod/visionlab/visionlab/outbound/India_Ahmedabad_Mirana_AssemblyLine_004_063.mp4,502127297,2026-06-13 17:50:32
visionlab/visionlab/outbound/India_Ahmedabad_Mirana_AssemblyLine_004_064.mp4,s3://humyn-data-partners-prod/visionlab/visionlab/outbound/India_Ahmedabad_Mirana_AssemblyLine_004_064.mp4,523491422,2026-06-13 17:50:32
visionlab/visionlab/outbound/India_Ahmedabad_Mirana_AssemblyLine_004_065.mp4,s3://humyn-data-partners-prod/visionlab/visionlab/outbound/India_Ahmedabad_Mirana_AssemblyLine_004_065.mp4,546777765,2026-06-13 17:50:32
visionlab/visionlab/outbound/India_Ahmedabad_Mirana_AssemblyLine_004_066.mp4,s3://humyn-data-partners-prod/visionlab/visionlab/outbound/India_Ahmedabad_Mirana_AssemblyLine_004_066.mp4,550670866,2026-06-13 17:50:33
visionlab/visionlab/outbound/India_Ahmedabad_Mirana_AssemblyLine_004_067.mp4,s3://humyn-data-partners-prod/visionlab/visionlab/outbound/India_Ahmedabad_Mirana_AssemblyLine_004_067.mp4,677397570,2026-06-13 17:50:34
visionlab/visionlab/outbound/India_Ahmedabad_Mirana_AssemblyLine_004_068.mp4,s3://humyn-data-partners-prod/visionlab/visionlab/outbound/India_Ahmedabad_Mirana_AssemblyLine_004_068.mp4,572962660,2026-06-13 17:50:34
visionlab/visionlab/outbound/India_Ahmedabad_Mirana_AssemblyLine_004_069.mp4,s3://humyn-data-partners-prod/visionlab/visionlab/outbound/India_Ahmedabad_Mirana_AssemblyLine_004_069.mp4,594663235,2026-06-13 17:50:34
visionlab/visionlab/outbound/India_Ahmedabad_Mirana_AssemblyLine_004_070.mp4,s3://humyn-data-partners-prod/visionlab/visionlab/outbound/India_Ahmedabad_Mirana_AssemblyLine_004_070.mp4,524320185,2026-06-13 17:50:34
visionlab/visionlab/outbound/India_Ahmedabad_Mirana_AssemblyLine_004_071.mp4,s3://humyn-data-partners-prod/visionlab/visionlab/outbound/India_Ahmedabad_Mirana_AssemblyLine_004_071.mp4,633290859,2026-06-13 17:50:34
visionlab/visionlab/outbound/India_Ahmedabad_Mirana_AssemblyLine_004_072.mp4,s3://humyn-data-partners-prod/visionlab/visionlab/outbound/India_Ahmedabad_Mirana_AssemblyLine_004_072.mp4,544521427,2026-06-13 17:50:35
visionlab/visionlab/outbound/India_Ahmedabad_Mirana_AssemblyLine_004_073.mp4,s3://humyn-data-partners-prod/visionlab/visionlab/outbound/India_Ahmedabad_Mirana_AssemblyLine_004_073.mp4,576420579,2026-06-13 17:50:35
visionlab/visionlab/outbound/India_Ahmedabad_Mirana_AssemblyLine_004_074.mp4,s3://humyn-data-partners-prod/visionlab/visionlab/outbound/India_Ahmedabad_Mirana_AssemblyLine_004_074.mp4,499242814,2026-06-13 17:50:35
visionlab/visionlab/outbound/India_Ahmedabad_Mirana_AssemblyLine_004_075.mp4,s3://humyn-data-partners-prod/visionlab/visionlab/outbound/India_Ahmedabad_Mirana_AssemblyLine_004_075.mp4,590731740,2026-06-13 17:50:36
visionlab/visionlab/outbound/India_Ahmedabad_Mirana_AssemblyLine_004_076.mp4,s3://humyn-data-partners-prod/visionlab/visionlab/outbound/India_Ahmedabad_Mirana_AssemblyLine_004_076.mp4,633382441,2026-06-13 17:50:36
visionlab/visionlab/outbound/India_Ahmedabad_Mirana_AssemblyLine_004_077.mp4,s3://humyn-data-partners-prod/visionlab/visionlab/outbound/India_Ahmedabad_Mirana_AssemblyLine_004_077.mp4,406308988,2026-06-13 17:50:37
visionlab/visionlab/outbound/India_Ahmedabad_Mirana_AssemblyLine_004_078.mp4,s3://humyn-data-partners-prod/visionlab/visionlab/outbound/India_Ahmedabad_Mirana_AssemblyLine_004_078.mp4,445020582,2026-06-13 17:50:38
visionlab/visionlab/outbound/India_Ahmedabad_Mirana_AssemblyLine_004_079.mp4,s3://humyn-data-partners-prod/visionlab/visionlab/outbound/India_Ahmedabad_Mirana_AssemblyLine_004_079.mp4,467401978,2026-06-13 17:50:38
visionlab/visionlab/outbound/India_Ahmedabad_Mirana_AssemblyLine_004_080.mp4,s3://humyn-data-partners-prod/visionlab/visionlab/outbound/India_Ahmedabad_Mirana_AssemblyLine_004_080.mp4,637328592,2026-06-13 17:50:39
visionlab/visionlab/outbound/India_Ahmedabad_Mirana_AssemblyLine_004_081.mp4,s3://humyn-data-partners-prod/visionlab/visionlab/outbound/India_Ahmedabad_Mirana_AssemblyLine_004_081.mp4,623867544,2026-06-13 17:50:39
visionlab/visionlab/outbound/India_Ahmedabad_Mirana_AssemblyLine_004_082.mp4,s3://humyn-data-partners-prod/visionlab/visionlab/outbound/India_Ahmedabad_Mirana_AssemblyLine_004_082.mp4,555959333,2026-06-13 17:50:39
visionlab/visionlab/outbound/India_Ahmedabad_Mirana_AssemblyLine_004_083.mp4,s3://humyn-data-partners-prod/visionlab/visionlab/outbound/India_Ahmedabad_Mirana_AssemblyLine_004_083.mp4,646317030,2026-06-13 17:50:39
visionlab/visionlab/outbound/India_Ahmedabad_Mirana_AssemblyLine_004_084.mp4,s3://humyn-data-partners-prod/visionlab/visionlab/outbound/India_Ahmedabad_Mirana_AssemblyLine_004_084.mp4,542526503,2026-06-13 17:50:41
visionlab/visionlab/outbound/India_Ahmedabad_Mirana_AssemblyLine_004_085.mp4,s3://humyn-data-partners-prod/visionlab/visionlab/outbound/India_Ahmedabad_Mirana_AssemblyLine_004_085.mp4,512139879,2026-06-13 17:50:41
visionlab/visionlab/outbound/India_Ahmedabad_Mirana_AssemblyLine_004_086.mp4,s3://humyn-data-partners-prod/visionlab/visionlab/outbound/India_Ahmedabad_Mirana_AssemblyLine_004_086.mp4,667949960,2026-06-13 17:50:41
visionlab/visionlab/outbound/India_Ahmedabad_Mirana_AssemblyLine_004_087.mp4,s3://humyn-data-partners-prod/visionlab/visionlab/outbound/India_Ahmedabad_Mirana_AssemblyLine_004_087.mp4,613114882,2026-06-13 17:50:41
visionlab/visionlab/outbound/India_Ahmedabad_Mirana_AssemblyLine_004_088.mp4,s3://humyn-data-partners-prod/visionlab/visionlab/outbound/India_Ahmedabad_Mirana_AssemblyLine_004_088.mp4,690448876,2026-06-13 17:50:42
visionlab/visionlab/outbound/India_Ahmedabad_Mirana_AssemblyLine_004_089.mp4,s3://humyn-data-partners-prod/visionlab/visionlab/outbound/India_Ahmedabad_Mirana_AssemblyLine_004_089.mp4,638251964,2026-06-13 17:50:43
visionlab/visionlab/outbound/India_Ahmedabad_Mirana_AssemblyLine_004_090.mp4,s3://humyn-data-partners-prod/visionlab/visionlab/outbound/India_Ahmedabad_Mirana_AssemblyLine_004_090.mp4,560862184,2026-06-13 17:50:43
visionlab/visionlab/outbound/India_Ahmedabad_Mirana_AssemblyLine_004_091.mp4,s3://humyn-data-partners-prod/visionlab/visionlab/outbound/India_Ahmedabad_Mirana_AssemblyLine_004_091.mp4,637380832,2026-06-13 17:50:43
visionlab/visionlab/outbound/India_Ahmedabad_Mirana_AssemblyLine_004_092.mp4,s3://humyn-data-partners-prod/visionlab/visionlab/outbound/India_Ahmedabad_Mirana_AssemblyLine_004_092.mp4,609575770,2026-06-13 17:50:43
visionlab/visionlab/outbound/India_Ahmedabad_Mirana_AssemblyLine_004_093.mp4,s3://humyn-data-partners-prod/visionlab/visionlab/outbound/India_Ahmedabad_Mirana_AssemblyLine_004_093.mp4,604735319,2026-06-13 17:50:43
visionlab/visionlab/outbound/India_Ahmedabad_Mirana_AssemblyLine_004_094.mp4,s3://humyn-data-partners-prod/visionlab/visionlab/outbound/India_Ahmedabad_Mirana_AssemblyLine_004_094.mp4,596293951,2026-06-13 17:50:43
visionlab/visionlab/outbound/India_Ahmedabad_Mirana_AssemblyLine_004_095.mp4,s3://humyn-data-partners-prod/visionlab/visionlab/outbound/India_Ahmedabad_Mirana_AssemblyLine_004_095.mp4,611934805,2026-06-13 17:50:44
visionlab/visionlab/outbound/India_Ahmedabad_Mirana_AssemblyLine_004_096.mp4,s3://humyn-data-partners-prod/visionlab/visionlab/outbound/India_Ahmedabad_Mirana_AssemblyLine_004_096.mp4,544779876,2026-06-13 17:50:44
visionlab/visionlab/outbound/India_Ahmedabad_Mirana_AssemblyLine_004_097.mp4,s3://humyn-data-partners-prod/visionlab/visionlab/outbound/India_Ahmedabad_Mirana_AssemblyLine_004_097.mp4,576145308,2026-06-13 17:50:44
visionlab/visionlab/outbound/India_Ahmedabad_Mirana_AssemblyLine_004_098.mp4,s3://humyn-data-partners-prod/visionlab/visionlab/outbound/India_Ahmedabad_Mirana_AssemblyLine_004_098.mp4,634326229,2026-06-13 17:50:44
visionlab/visionlab/outbound/India_Ahmedabad_Mirana_AssemblyLine_004_099.mp4,s3://humyn-data-partners-prod/visionlab/visionlab/outbound/India_Ahmedabad_Mirana_AssemblyLine_004_099.mp4,537553319,2026-06-13 17:50:45
visionlab/visionlab/outbound/India_Ahmedabad_Mirana_AssemblyLine_004_100.mp4,s3://humyn-data-partners-prod/visionlab/visionlab/outbound/India_Ahmedabad_Mirana_AssemblyLine_004_100.mp4,500238585,2026-06-13 17:50:45
visionlab/visionlab/outbound/India_Ahmedabad_Mirana_AssemblyLine_004_101.mp4,s3://humyn-data-partners-prod/visionlab/visionlab/outbound/India_Ahmedabad_Mirana_AssemblyLine_004_101.mp4,649900015,2026-06-13 17:50:45
visionlab/visionlab/outbound/India_Ahmedabad_Mirana_AssemblyLine_004_102.mp4,s3://humyn-data-partners-prod/visionlab/visionlab/outbound/India_Ahmedabad_Mirana_AssemblyLine_004_102.mp4,623297584,2026-06-13 17:50:46
visionlab/visionlab/outbound/India_Ahmedabad_Mirana_AssemblyLine_004_103.mp4,s3://humyn-data-partners-prod/visionlab/visionlab/outbound/India_Ahmedabad_Mirana_AssemblyLine_004_103.mp4,453407622,2026-06-13 17:50:46
visionlab/visionlab/outbound/India_Ahmedabad_Mirana_AssemblyLine_004_104.mp4,s3://humyn-data-partners-prod/visionlab/visionlab/outbound/India_Ahmedabad_Mirana_AssemblyLine_004_104.mp4,628589233,2026-06-13 17:50:46
visionlab/visionlab/outbound/India_Ahmedabad_Mirana_AssemblyLine_004_105.mp4,s3://humyn-data-partners-prod/visionlab/visionlab/outbound/India_Ahmedabad_Mirana_AssemblyLine_004_105.mp4,485467789,2026-06-13 17:50:46
visionlab/visionlab/outbound/India_Ahmedabad_Mirana_AssemblyLine_004_106.mp4,s3://humyn-data-partners-prod/visionlab/visionlab/outbound/India_Ahmedabad_Mirana_AssemblyLine_004_106.mp4,722478522,2026-06-13 17:50:46
visionlab/visionlab/outbound/India_Ahmedabad_Mirana_AssemblyLine_004_107.mp4,s3://humyn-data-partners-prod/visionlab/visionlab/outbound/India_Ahmedabad_Mirana_AssemblyLine_004_107.mp4,650940714,2026-06-13 17:50:47
visionlab/visionlab/outbound/India_Ahmedabad_Mirana_AssemblyLine_004_108.mp4,s3://humyn-data-partners-prod/visionlab/visionlab/outbound/India_Ahmedabad_Mirana_AssemblyLine_004_108.mp4,571632494,2026-06-13 17:50:47
visionlab/visionlab/outbound/India_Ahmedabad_Mirana_AssemblyLine_004_109.mp4,s3://humyn-data-partners-prod/visionlab/visionlab/outbound/India_Ahmedabad_Mirana_AssemblyLine_004_109.mp4,651690668,2026-06-13 17:50:47
visionlab/visionlab/outbound/India_Ahmedabad_Mirana_AssemblyLine_004_110.mp4,s3://humyn-data-partners-prod/visionlab/visionlab/outbound/India_Ahmedabad_Mirana_AssemblyLine_004_110.mp4,616958943,2026-06-13 17:50:48
visionlab/visionlab/outbound/India_Ahmedabad_Mirana_AssemblyLine_004_111.mp4,s3://humyn-data-partners-prod/visionlab/visionlab/outbound/India_Ahmedabad_Mirana_AssemblyLine_004_111.mp4,504852111,2026-06-13 17:50:48
visionlab/visionlab/outbound/India_Ahmedabad_Mirana_AssemblyLine_004_112.mp4,s3://humyn-data-partners-prod/visionlab/visionlab/outbound/India_Ahmedabad_Mirana_AssemblyLine_004_112.mp4,402617122,2026-06-13 17:50:49
visionlab/visionlab/outbound/India_Ahmedabad_Mirana_AssemblyLine_004_113.mp4,s3://humyn-data-partners-prod/visionlab/visionlab/outbound/India_Ahmedabad_Mirana_AssemblyLine_004_113.mp4,667658220,2026-06-13 17:50:50
visionlab/visionlab/outbound/India_Ahmedabad_Mirana_AssemblyLine_004_114.mp4,s3://humyn-data-partners-prod/visionlab/visionlab/outbound/India_Ahmedabad_Mirana_AssemblyLine_004_114.mp4,668948160,2026-06-13 17:50:50
visionlab/visionlab/outbound/India_Ahmedabad_Mirana_AssemblyLine_004_115.mp4,s3://humyn-data-partners-prod/visionlab/visionlab/outbound/India_Ahmedabad_Mirana_AssemblyLine_004_115.mp4,408302622,2026-06-13 17:50:50
visionlab/visionlab/outbound/India_Ahmedabad_Mirana_AssemblyLine_004_116.mp4,s3://humyn-data-partners-prod/visionlab/visionlab/outbound/India_Ahmedabad_Mirana_AssemblyLine_004_116.mp4,543740359,2026-06-13 17:50:51
visionlab/visionlab/outbound/India_Ahmedabad_Mirana_AssemblyLine_004_117.mp4,s3://humyn-data-partners-prod/visionlab/visionlab/outbound/India_Ahmedabad_Mirana_AssemblyLine_004_117.mp4,587363194,2026-06-13 17:50:53
visionlab/visionlab/outbound/India_Ahmedabad_Mirana_AssemblyLine_004_118.mp4,s3://humyn-data-partners-prod/visionlab/visionlab/outbound/India_Ahmedabad_Mirana_AssemblyLine_004_118.mp4,466775289,2026-06-13 17:50:53
visionlab/visionlab/outbound/India_Ahmedabad_Mirana_AssemblyLine_004_119.mp4,s3://humyn-data-partners-prod/visionlab/visionlab/outbound/India_Ahmedabad_Mirana_AssemblyLine_004_119.mp4,400216976,2026-06-13 17:50:53
visionlab/visionlab/outbound/India_Ahmedabad_Mirana_AssemblyLine_004_120.mp4,s3://humyn-data-partners-prod/visionlab/visionlab/outbound/India_Ahmedabad_Mirana_AssemblyLine_004_120.mp4,510827915,2026-06-13 17:50:54
visionlab/visionlab/outbound/India_Ahmedabad_Mirana_AssemblyLine_004_121.mp4,s3://humyn-data-partners-prod/visionlab/visionlab/outbound/India_Ahmedabad_Mirana_AssemblyLine_004_121.mp4,611635161,2026-06-13 17:50:55
visionlab/visionlab/outbound/India_Ahmedabad_Mirana_AssemblyLine_004_122.mp4,s3://humyn-data-partners-prod/visionlab/visionlab/outbound/India_Ahmedabad_Mirana_AssemblyLine_004_122.mp4,632889735,2026-06-13 17:50:55
visionlab/visionlab/outbound/India_Ahmedabad_Mirana_AssemblyLine_004_123.mp4,s3://humyn-data-partners-prod/visionlab/visionlab/outbound/India_Ahmedabad_Mirana_AssemblyLine_004_123.mp4,615287005,2026-06-13 17:50:55
visionlab/visionlab/outbound/India_Ahmedabad_Mirana_AssemblyLine_004_124.mp4,s3://humyn-data-partners-prod/visionlab/visionlab/outbound/India_Ahmedabad_Mirana_AssemblyLine_004_124.mp4,647159835,2026-06-13 17:50:56
visionlab/visionlab/outbound/India_Ahmedabad_Mirana_AssemblyLine_004_125.mp4,s3://humyn-data-partners-prod/visionlab/visionlab/outbound/India_Ahmedabad_Mirana_AssemblyLine_004_125.mp4,602818307,2026-06-13 17:50:56
visionlab/visionlab/outbound/India_Ahmedabad_Mirana_AssemblyLine_004_126.mp4,s3://humyn-data-partners-prod/visionlab/visionlab/outbound/India_Ahmedabad_Mirana_AssemblyLine_004_126.mp4,576903982,2026-06-13 17:50:56
visionlab/visionlab/outbound/India_Ahmedabad_Mirana_AssemblyLine_004_127.mp4,s3://humyn-data-partners-prod/visionlab/visionlab/outbound/India_Ahmedabad_Mirana_AssemblyLine_004_127.mp4,585573623,2026-06-13 17:50:56
visionlab/visionlab/outbound/India_Ahmedabad_Mirana_AssemblyLine_004_128.mp4,s3://humyn-data-partners-prod/visionlab/visionlab/outbound/India_Ahmedabad_Mirana_AssemblyLine_004_128.mp4,534948418,2026-06-13 17:50:56
visionlab/visionlab/outbound/India_Ahmedabad_Mirana_AssemblyLine_004_129.mp4,s3://humyn-data-partners-prod/visionlab/visionlab/outbound/India_Ahmedabad_Mirana_AssemblyLine_004_129.mp4,541425933,2026-06-13 17:50:56
visionlab/visionlab/outbound/India_Ahmedabad_Mirana_AssemblyLine_004_130.mp4,s3://humyn-data-partners-prod/visionlab/visionlab/outbound/India_Ahmedabad_Mirana_AssemblyLine_004_130.mp4,485726391,2026-06-13 17:50:56
visionlab/visionlab/outbound/India_Ahmedabad_Mirana_AssemblyLine_004_131.mp4,s3://humyn-data-partners-prod/visionlab/visionlab/outbound/India_Ahmedabad_Mirana_AssemblyLine_004_131.mp4,596527574,2026-06-13 17:50:56
visionlab/visionlab/outbound/India_Ahmedabad_Mirana_AssemblyLine_004_132.mp4,s3://humyn-data-partners-prod/visionlab/visionlab/outbound/India_Ahmedabad_Mirana_AssemblyLine_004_132.mp4,605144217,2026-06-13 17:50:57
visionlab/visionlab/outbound/India_Ahmedabad_Mirana_AssemblyLine_004_133.mp4,s3://humyn-data-partners-prod/visionlab/visionlab/outbound/India_Ahmedabad_Mirana_AssemblyLine_004_133.mp4,616695084,2026-06-13 17:50:57
visionlab/visionlab/outbound/India_Ahmedabad_Mirana_AssemblyLine_004_134.mp4,s3://humyn-data-partners-prod/visionlab/visionlab/outbound/India_Ahmedabad_Mirana_AssemblyLine_004_134.mp4,577702308,2026-06-13 17:50:57
visionlab/visionlab/outbound/India_Ahmedabad_Mirana_AssemblyLine_004_135.mp4,s3://humyn-data-partners-prod/visionlab/visionlab/outbound/India_Ahmedabad_Mirana_AssemblyLine_004_135.mp4,512685348,2026-06-13 17:50:57
visionlab/visionlab/outbound/India_Ahmedabad_Mirana_AssemblyLine_004_136.mp4,s3://humyn-data-partners-prod/visionlab/visionlab/outbound/India_Ahmedabad_Mirana_AssemblyLine_004_136.mp4,471214411,2026-06-13 17:50:57
visionlab/visionlab/outbound/India_Ahmedabad_Mirana_AssemblyLine_004_137.mp4,s3://humyn-data-partners-prod/visionlab/visionlab/outbound/India_Ahmedabad_Mirana_AssemblyLine_004_137.mp4,543245624,2026-06-13 17:50:57
visionlab/visionlab/outbound/India_Ahmedabad_Mirana_AssemblyLine_004_138.mp4,s3://humyn-data-partners-prod/visionlab/visionlab/outbound/India_Ahmedabad_Mirana_AssemblyLine_004_138.mp4,580678576,2026-06-13 17:50:57
visionlab/visionlab/outbound/India_Ahmedabad_Mirana_AssemblyLine_004_139.mp4,s3://humyn-data-partners-prod/visionlab/visionlab/outbound/India_Ahmedabad_Mirana_AssemblyLine_004_139.mp4,554700272,2026-06-13 17:50:57
visionlab/visionlab/outbound/India_Ahmedabad_Mirana_AssemblyLine_004_140.mp4,s3://humyn-data-partners-prod/visionlab/visionlab/outbound/India_Ahmedabad_Mirana_AssemblyLine_004_140.mp4,629674023,2026-06-13 17:50:58
visionlab/visionlab/outbound/India_Ahmedabad_Mirana_AssemblyLine_004_141.mp4,s3://humyn-data-partners-prod/visionlab/visionlab/outbound/India_Ahmedabad_Mirana_AssemblyLine_004_141.mp4,563835591,2026-06-13 17:50:58
visionlab/visionlab/outbound/India_Ahmedabad_Mirana_AssemblyLine_004_142.mp4,s3://humyn-data-partners-prod/visionlab/visionlab/outbound/India_Ahmedabad_Mirana_AssemblyLine_004_142.mp4,548106615,2026-06-13 17:50:58
visionlab/visionlab/outbound/India_Ahmedabad_Mirana_AssemblyLine_004_143.mp4,s3://humyn-data-partners-prod/visionlab/visionlab/outbound/India_Ahmedabad_Mirana_AssemblyLine_004_143.mp4,924083819,2026-06-13 17:50:59
visionlab/visionlab/outbound/India_Ahmedabad_Mirana_AssemblyLine_004_144.mp4,s3://humyn-data-partners-prod/visionlab/visionlab/outbound/India_Ahmedabad_Mirana_AssemblyLine_004_144.mp4,869694428,2026-06-13 17:50:59
visionlab/visionlab/outbound/India_Ahmedabad_Mirana_AssemblyLine_004_145.mp4,s3://humyn-data-partners-prod/visionlab/visionlab/outbound/India_Ahmedabad_Mirana_AssemblyLine_004_145.mp4,647498157,2026-06-13 17:50:59
visionlab/visionlab/outbound/India_Ahmedabad_Mirana_AssemblyLine_004_146.mp4,s3://humyn-data-partners-prod/visionlab/visionlab/outbound/India_Ahmedabad_Mirana_AssemblyLine_004_146.mp4,482444105,2026-06-13 17:51:01
visionlab/visionlab/outbound/India_Ahmedabad_Mirana_AssemblyLine_004_147.mp4,s3://humyn-data-partners-prod/visionlab/visionlab/outbound/India_Ahmedabad_Mirana_AssemblyLine_004_147.mp4,591801937,2026-06-13 17:51:01
visionlab/visionlab/outbound/India_Ahmedabad_Mirana_AssemblyLine_004_148.mp4,s3://humyn-data-partners-prod/visionlab/visionlab/outbound/India_Ahmedabad_Mirana_AssemblyLine_004_148.mp4,616155680,2026-06-13 17:51:02
visionlab/visionlab/outbound/India_Ahmedabad_Mirana_AssemblyLine_004_149.mp4,s3://humyn-data-partners-prod/visionlab/visionlab/outbound/India_Ahmedabad_Mirana_AssemblyLine_004_149.mp4,445440786,2026-06-13 17:51:02
visionlab/visionlab/outbound/India_Ahmedabad_Mirana_AssemblyLine_004_150.mp4,s3://humyn-data-partners-prod/visionlab/visionlab/outbound/India_Ahmedabad_Mirana_AssemblyLine_004_150.mp4,500186719,2026-06-13 17:51:03
visionlab/visionlab/outbound/India_Ahmedabad_Mirana_AssemblyLine_004_151.mp4,s3://humyn-data-partners-prod/visionlab/visionlab/outbound/India_Ahmedabad_Mirana_AssemblyLine_004_151.mp4,599193951,2026-06-13 17:51:05
visionlab/visionlab/outbound/India_Ahmedabad_Mirana_AssemblyLine_004_152.mp4,s3://humyn-data-partners-prod/visionlab/visionlab/outbound/India_Ahmedabad_Mirana_AssemblyLine_004_152.mp4,668160040,2026-06-13 17:51:05
visionlab/visionlab/outbound/India_Ahmedabad_Mirana_AssemblyLine_004_153.mp4,s3://humyn-data-partners-prod/visionlab/visionlab/outbound/India_Ahmedabad_Mirana_AssemblyLine_004_153.mp4,609682905,2026-06-13 17:51:05
visionlab/visionlab/outbound/India_Ahmedabad_Mirana_AssemblyLine_004_154.mp4,s3://humyn-data-partners-prod/visionlab/visionlab/outbound/India_Ahmedabad_Mirana_AssemblyLine_004_154.mp4,415161077,2026-06-13 17:51:05
visionlab/visionlab/outbound/India_Ahmedabad_Mirana_AssemblyLine_004_155.mp4,s3://humyn-data-partners-prod/visionlab/visionlab/outbound/India_Ahmedabad_Mirana_AssemblyLine_004_155.mp4,528459360,2026-06-13 17:51:06
visionlab/visionlab/outbound/India_Ahmedabad_Mirana_AssemblyLine_004_156.mp4,s3://humyn-data-partners-prod/visionlab/visionlab/outbound/India_Ahmedabad_Mirana_AssemblyLine_004_156.mp4,582372241,2026-06-13 17:51:07
visionlab/visionlab/outbound/India_Ahmedabad_Mirana_AssemblyLine_004_157.mp4,s3://humyn-data-partners-prod/visionlab/visionlab/outbound/India_Ahmedabad_Mirana_AssemblyLine_004_157.mp4,485140734,2026-06-13 17:51:07
visionlab/visionlab/outbound/India_Ahmedabad_Mirana_AssemblyLine_004_158.mp4,s3://humyn-data-partners-prod/visionlab/visionlab/outbound/India_Ahmedabad_Mirana_AssemblyLine_004_158.mp4,489311317,2026-06-13 17:51:07
visionlab/visionlab/outbound/India_Ahmedabad_Mirana_AssemblyLine_004_159.mp4,s3://humyn-data-partners-prod/visionlab/visionlab/outbound/India_Ahmedabad_Mirana_AssemblyLine_004_159.mp4,676563448,2026-06-13 17:51:07
visionlab/visionlab/outbound/India_Ahmedabad_Mirana_AssemblyLine_004_160.mp4,s3://humyn-data-partners-prod/visionlab/visionlab/outbound/India_Ahmedabad_Mirana_AssemblyLine_004_160.mp4,542913603,2026-06-13 17:51:07
visionlab/visionlab/outbound/India_Ahmedabad_Mirana_AssemblyLine_004_161.mp4,s3://humyn-data-partners-prod/visionlab/visionlab/outbound/India_Ahmedabad_Mirana_AssemblyLine_004_161.mp4,558080293,2026-06-13 17:51:08
visionlab/visionlab/outbound/India_Ahmedabad_Mirana_AssemblyLine_004_162.mp4,s3://humyn-data-partners-prod/visionlab/visionlab/outbound/India_Ahmedabad_Mirana_AssemblyLine_004_162.mp4,602626888,2026-06-13 17:51:08
visionlab/visionlab/outbound/India_Ahmedabad_Mirana_AssemblyLine_004_163.mp4,s3://humyn-data-partners-prod/visionlab/visionlab/outbound/India_Ahmedabad_Mirana_AssemblyLine_004_163.mp4,646718418,2026-06-13 17:51:08
visionlab/visionlab/outbound/India_Ahmedabad_Mirana_AssemblyLine_004_164.mp4,s3://humyn-data-partners-prod/visionlab/visionlab/outbound/India_Ahmedabad_Mirana_AssemblyLine_004_164.mp4,534807162,2026-06-13 17:51:08
visionlab/visionlab/outbound/India_Ahmedabad_Mirana_AssemblyLine_004_165.mp4,s3://humyn-data-partners-prod/visionlab/visionlab/outbound/India_Ahmedabad_Mirana_AssemblyLine_004_165.mp4,596092945,2026-06-13 17:51:08
visionlab/visionlab/outbound/India_Ahmedabad_Mirana_AssemblyLine_004_166.mp4,s3://humyn-data-partners-prod/visionlab/visionlab/outbound/India_Ahmedabad_Mirana_AssemblyLine_004_166.mp4,504314161,2026-06-13 17:51:08
visionlab/visionlab/outbound/India_Ahmedabad_Mirana_AssemblyLine_004_167.mp4,s3://humyn-data-partners-prod/visionlab/visionlab/outbound/India_Ahmedabad_Mirana_AssemblyLine_004_167.mp4,489201138,2026-06-13 17:51:08
visionlab/visionlab/outbound/India_Ahmedabad_Mirana_AssemblyLine_004_168.mp4,s3://humyn-data-partners-prod/visionlab/visionlab/outbound/India_Ahmedabad_Mirana_AssemblyLine_004_168.mp4,216629715,2026-06-13 17:51:08
visionlab/visionlab/outbound/India_Ahmedabad_Mirana_AssemblyLine_004_169.mp4,s3://humyn-data-partners-prod/visionlab/visionlab/outbound/India_Ahmedabad_Mirana_AssemblyLine_004_169.mp4,531945993,2026-06-13 17:51:08
visionlab/visionlab/outbound/India_Ahmedabad_Mirana_AssemblyLine_004_170.mp4,s3://humyn-data-partners-prod/visionlab/visionlab/outbound/India_Ahmedabad_Mirana_AssemblyLine_004_170.mp4,538149235,2026-06-13 17:51:08
visionlab/visionlab/outbound/India_Ahmedabad_Mirana_AssemblyLine_004_171.mp4,s3://humyn-data-partners-prod/visionlab/visionlab/outbound/India_Ahmedabad_Mirana_AssemblyLine_004_171.mp4,428031102,2026-06-13 17:51:09
visionlab/visionlab/outbound/India_Ahmedabad_Mirana_AssemblyLine_004_172.mp4,s3://humyn-data-partners-prod/visionlab/visionlab/outbound/India_Ahmedabad_Mirana_AssemblyLine_004_172.mp4,653314184,2026-06-13 17:51:09
visionlab/visionlab/outbound/India_Ahmedabad_Mirana_AssemblyLine_004_173.mp4,s3://humyn-data-partners-prod/visionlab/visionlab/outbound/India_Ahmedabad_Mirana_AssemblyLine_004_173.mp4,507633372,2026-06-13 17:51:09
visionlab/visionlab/outbound/India_Ahmedabad_Mirana_AssemblyLine_004_174.mp4,s3://humyn-data-partners-prod/visionlab/visionlab/outbound/India_Ahmedabad_Mirana_AssemblyLine_004_174.mp4,419399463,2026-06-13 17:51:09
visionlab/visionlab/outbound/India_Ahmedabad_Mirana_AssemblyLine_004_175.mp4,s3://humyn-data-partners-prod/visionlab/visionlab/outbound/India_Ahmedabad_Mirana_AssemblyLine_004_175.mp4,523345749,2026-06-13 17:51:11
visionlab/visionlab/outbound/India_Ahmedabad_Mirana_AssemblyLine_004_176.mp4,s3://humyn-data-partners-prod/visionlab/visionlab/outbound/India_Ahmedabad_Mirana_AssemblyLine_004_176.mp4,625948781,2026-06-13 17:51:12
visionlab/visionlab/outbound/India_Ahmedabad_Mirana_AssemblyLine_004_177.mp4,s3://humyn-data-partners-prod/visionlab/visionlab/outbound/India_Ahmedabad_Mirana_AssemblyLine_004_177.mp4,615085669,2026-06-13 17:51:13
visionlab/visionlab/outbound/India_Ahmedabad_Mirana_AssemblyLine_004_178.mp4,s3://humyn-data-partners-prod/visionlab/visionlab/outbound/India_Ahmedabad_Mirana_AssemblyLine_004_178.mp4,402464822,2026-06-13 17:51:13
visionlab/visionlab/outbound/India_Ahmedabad_Mirana_AssemblyLine_004_179.mp4,s3://humyn-data-partners-prod/visionlab/visionlab/outbound/India_Ahmedabad_Mirana_AssemblyLine_004_179.mp4,494615629,2026-06-13 17:51:14
visionlab/visionlab/outbound/India_Ahmedabad_Mirana_AssemblyLine_004_180.mp4,s3://humyn-data-partners-prod/visionlab/visionlab/outbound/India_Ahmedabad_Mirana_AssemblyLine_004_180.mp4,582308348,2026-06-13 17:51:14
visionlab/visionlab/outbound/India_Ahmedabad_Mirana_AssemblyLine_004_181.mp4,s3://humyn-data-partners-prod/visionlab/visionlab/outbound/India_Ahmedabad_Mirana_AssemblyLine_004_181.mp4,622907554,2026-06-13 17:51:14
visionlab/visionlab/outbound/India_Ahmedabad_Mirana_AssemblyLine_004_182.mp4,s3://humyn-data-partners-prod/visionlab/visionlab/outbound/India_Ahmedabad_Mirana_AssemblyLine_004_182.mp4,591533766,2026-06-13 17:51:15
visionlab/visionlab/outbound/India_Ahmedabad_Mirana_AssemblyLine_004_183.mp4,s3://humyn-data-partners-prod/visionlab/visionlab/outbound/India_Ahmedabad_Mirana_AssemblyLine_004_183.mp4,604943340,2026-06-13 17:51:17
visionlab/visionlab/outbound/India_Ahmedabad_Mirana_AssemblyLine_004_184.mp4,s3://humyn-data-partners-prod/visionlab/visionlab/outbound/India_Ahmedabad_Mirana_AssemblyLine_004_184.mp4,904628726,2026-06-13 17:51:17
visionlab/visionlab/outbound/India_Ahmedabad_Mirana_AssemblyLine_004_185.mp4,s3://humyn-data-partners-prod/visionlab/visionlab/outbound/India_Ahmedabad_Mirana_AssemblyLine_004_185.mp4,515739182,2026-06-13 17:51:17
visionlab/visionlab/outbound/India_Ahmedabad_Mirana_AssemblyLine_004_186.mp4,s3://humyn-data-partners-prod/visionlab/visionlab/outbound/India_Ahmedabad_Mirana_AssemblyLine_004_186.mp4,528744492,2026-06-13 17:51:17
visionlab/visionlab/outbound/India_Ahmedabad_Mirana_AssemblyLine_004_187.mp4,s3://humyn-data-partners-prod/visionlab/visionlab/outbound/India_Ahmedabad_Mirana_AssemblyLine_004_187.mp4,574665567,2026-06-13 17:51:17
visionlab/visionlab/outbound/India_Ahmedabad_Mirana_AssemblyLine_004_188.mp4,s3://humyn-data-partners-prod/visionlab/visionlab/outbound/India_Ahmedabad_Mirana_AssemblyLine_004_188.mp4,558823658,2026-06-13 17:51:17
visionlab/visionlab/outbound/India_Ahmedabad_Mirana_AssemblyLine_004_189.mp4,s3://humyn-data-partners-prod/visionlab/visionlab/outbound/India_Ahmedabad_Mirana_AssemblyLine_004_189.mp4,629168429,2026-06-13 17:51:17
visionlab/visionlab/outbound/India_Ahmedabad_Mirana_AssemblyLine_004_190.mp4,s3://humyn-data-partners-prod/visionlab/visionlab/outbound/India_Ahmedabad_Mirana_AssemblyLine_004_190.mp4,553507500,2026-06-13 17:51:18
visionlab/visionlab/outbound/India_Ahmedabad_Mirana_AssemblyLine_004_191.mp4,s3://humyn-data-partners-prod/visionlab/visionlab/outbound/India_Ahmedabad_Mirana_AssemblyLine_004_191.mp4,586201602,2026-06-13 17:51:18
visionlab/visionlab/outbound/India_Ahmedabad_Mirana_AssemblyLine_004_192.mp4,s3://humyn-data-partners-prod/visionlab/visionlab/outbound/India_Ahmedabad_Mirana_AssemblyLine_004_192.mp4,572952842,2026-06-13 17:51:18
visionlab/visionlab/outbound/India_Ahmedabad_Mirana_AssemblyLine_004_193.mp4,s3://humyn-data-partners-prod/visionlab/visionlab/outbound/India_Ahmedabad_Mirana_AssemblyLine_004_193.mp4,499445049,2026-06-13 17:51:18
visionlab/visionlab/outbound/India_Ahmedabad_Mirana_AssemblyLine_004_194.mp4,s3://humyn-data-partners-prod/visionlab/visionlab/outbound/India_Ahmedabad_Mirana_AssemblyLine_004_194.mp4,543662431,2026-06-13 17:51:18
visionlab/visionlab/outbound/India_Ahmedabad_Mirana_AssemblyLine_004_195.mp4,s3://humyn-data-partners-prod/visionlab/visionlab/outbound/India_Ahmedabad_Mirana_AssemblyLine_004_195.mp4,530555639,2026-06-13 17:51:18
visionlab/visionlab/outbound/India_Ahmedabad_Mirana_AssemblyLine_004_196.mp4,s3://humyn-data-partners-prod/visionlab/visionlab/outbound/India_Ahmedabad_Mirana_AssemblyLine_004_196.mp4,586340610,2026-06-13 17:51:18
visionlab/visionlab/outbound/India_Ahmedabad_Mirana_AssemblyLine_004_197.mp4,s3://humyn-data-partners-prod/visionlab/visionlab/outbound/India_Ahmedabad_Mirana_AssemblyLine_004_197.mp4,659998158,2026-06-13 17:51:18
visionlab/visionlab/outbound/India_Ahmedabad_Mirana_AssemblyLine_004_198.mp4,s3://humyn-data-partners-prod/visionlab/visionlab/outbound/India_Ahmedabad_Mirana_AssemblyLine_004_198.mp4,625337511,2026-06-13 17:51:18
visionlab/visionlab/outbound/India_Ahmedabad_Mirana_AssemblyLine_004_199.mp4,s3://humyn-data-partners-prod/visionlab/visionlab/outbound/India_Ahmedabad_Mirana_AssemblyLine_004_199.mp4,595664746,2026-06-13 17:51:19
visionlab/visionlab/outbound/India_Ahmedabad_Mirana_AssemblyLine_004_200.mp4,s3://humyn-data-partners-prod/visionlab/visionlab/outbound/India_Ahmedabad_Mirana_AssemblyLine_004_200.mp4,480982130,2026-06-13 17:51:19
visionlab/visionlab/outbound/India_Ahmedabad_Mirana_AssemblyLine_004_201.mp4,s3://humyn-data-partners-prod/visionlab/visionlab/outbound/India_Ahmedabad_Mirana_AssemblyLine_004_201.mp4,708570197,2026-06-13 17:51:19
visionlab/visionlab/outbound/India_Ahmedabad_Mirana_AssemblyLine_004_202.mp4,s3://humyn-data-partners-prod/visionlab/visionlab/outbound/India_Ahmedabad_Mirana_AssemblyLine_004_202.mp4,643853188,2026-06-13 17:51:19
visionlab/visionlab/outbound/India_Ahmedabad_Mirana_AssemblyLine_004_203.mp4,s3://humyn-data-partners-prod/visionlab/visionlab/outbound/India_Ahmedabad_Mirana_AssemblyLine_004_203.mp4,480364131,2026-06-13 17:51:20
visionlab/visionlab/outbound/India_Ahmedabad_Mirana_AssemblyLine_004_204.mp4,s3://humyn-data-partners-prod/visionlab/visionlab/outbound/India_Ahmedabad_Mirana_AssemblyLine_004_204.mp4,368178063,2026-06-13 17:51:20
visionlab/visionlab/outbound/India_Ahmedabad_Mirana_AssemblyLine_004_205.mp4,s3://humyn-data-partners-prod/visionlab/visionlab/outbound/India_Ahmedabad_Mirana_AssemblyLine_004_205.mp4,1013097103,2026-06-13 17:51:20
visionlab/visionlab/outbound/India_Ahmedabad_Mirana_AssemblyLine_004_206.mp4,s3://humyn-data-partners-prod/visionlab/visionlab/outbound/India_Ahmedabad_Mirana_AssemblyLine_004_206.mp4,559530475,2026-06-13 17:51:21
visionlab/visionlab/outbound/India_Ahmedabad_Mirana_AssemblyLine_004_207.mp4,s3://humyn-data-partners-prod/visionlab/visionlab/outbound/India_Ahmedabad_Mirana_AssemblyLine_004_207.mp4,600558161,2026-06-13 17:51:22
visionlab/visionlab/outbound/India_Ahmedabad_Mirana_AssemblyLine_004_208.mp4,s3://humyn-data-partners-prod/visionlab/visionlab/outbound/India_Ahmedabad_Mirana_AssemblyLine_004_208.mp4,583486964,2026-06-13 17:51:23
visionlab/visionlab/outbound/India_Ahmedabad_Mirana_AssemblyLine_004_209.mp4,s3://humyn-data-partners-prod/visionlab/visionlab/outbound/India_Ahmedabad_Mirana_AssemblyLine_004_209.mp4,588086749,2026-06-13 17:51:23
visionlab/visionlab/outbound/India_Ahmedabad_Mirana_AssemblyLine_004_210.mp4,s3://humyn-data-partners-prod/visionlab/visionlab/outbound/India_Ahmedabad_Mirana_AssemblyLine_004_210.mp4,583294093,2026-06-13 17:51:24
visionlab/visionlab/outbound/India_Ahmedabad_Mirana_AssemblyLine_004_211.mp4,s3://humyn-data-partners-prod/visionlab/visionlab/outbound/India_Ahmedabad_Mirana_AssemblyLine_004_211.mp4,580343155,2026-06-13 17:51:24
visionlab/visionlab/outbound/India_Ahmedabad_Mirana_AssemblyLine_004_212.mp4,s3://humyn-data-partners-prod/visionlab/visionlab/outbound/India_Ahmedabad_Mirana_AssemblyLine_004_212.mp4,568499696,2026-06-13 17:51:25
visionlab/visionlab/outbound/India_Ahmedabad_Mirana_AssemblyLine_004_213.mp4,s3://humyn-data-partners-prod/visionlab/visionlab/outbound/India_Ahmedabad_Mirana_AssemblyLine_004_213.mp4,714000760,2026-06-13 17:51:25
visionlab/visionlab/outbound/India_Ahmedabad_Mirana_AssemblyLine_004_214.mp4,s3://humyn-data-partners-prod/visionlab/visionlab/outbound/India_Ahmedabad_Mirana_AssemblyLine_004_214.mp4,583966572,2026-06-13 17:51:25
visionlab/visionlab/outbound/India_Ahmedabad_Mirana_AssemblyLine_004_215.mp4,s3://humyn-data-partners-prod/visionlab/visionlab/outbound/India_Ahmedabad_Mirana_AssemblyLine_004_215.mp4,624118052,2026-06-13 17:51:27
visionlab/visionlab/outbound/India_Ahmedabad_Mirana_AssemblyLine_004_216.mp4,s3://humyn-data-partners-prod/visionlab/visionlab/outbound/India_Ahmedabad_Mirana_AssemblyLine_004_216.mp4,464788446,2026-06-13 17:51:27
visionlab/visionlab/outbound/India_Ahmedabad_Mirana_AssemblyLine_004_217.mp4,s3://humyn-data-partners-prod/visionlab/visionlab/outbound/India_Ahmedabad_Mirana_AssemblyLine_004_217.mp4,620815535,2026-06-13 17:51:27
visionlab/visionlab/outbound/India_Ahmedabad_Mirana_AssemblyLine_004_218.mp4,s3://humyn-data-partners-prod/visionlab/visionlab/outbound/India_Ahmedabad_Mirana_AssemblyLine_004_218.mp4,577772747,2026-06-13 17:51:27
visionlab/visionlab/outbound/India_Ahmedabad_Mirana_AssemblyLine_004_219.mp4,s3://humyn-data-partners-prod/visionlab/visionlab/outbound/India_Ahmedabad_Mirana_AssemblyLine_004_219.mp4,563354712,2026-06-13 17:51:27
visionlab/visionlab/outbound/India_Ahmedabad_Mirana_AssemblyLine_004_220.mp4,s3://humyn-data-partners-prod/visionlab/visionlab/outbound/India_Ahmedabad_Mirana_AssemblyLine_004_220.mp4,575751564,2026-06-13 17:51:28
visionlab/visionlab/outbound/India_Ahmedabad_Mirana_AssemblyLine_004_221.mp4,s3://humyn-data-partners-prod/visionlab/visionlab/outbound/India_Ahmedabad_Mirana_AssemblyLine_004_221.mp4,737205937,2026-06-13 17:51:28
visionlab/visionlab/outbound/India_Ahmedabad_Mirana_AssemblyLine_004_222.mp4,s3://humyn-data-partners-prod/visionlab/visionlab/outbound/India_Ahmedabad_Mirana_AssemblyLine_004_222.mp4,611704855,2026-06-13 17:51:28
visionlab/visionlab/outbound/India_Ahmedabad_Mirana_AssemblyLine_004_223.mp4,s3://humyn-data-partners-prod/visionlab/visionlab/outbound/India_Ahmedabad_Mirana_AssemblyLine_004_223.mp4,624805828,2026-06-13 17:51:28
visionlab/visionlab/outbound/India_Ahmedabad_Mirana_AssemblyLine_004_224.mp4,s3://humyn-data-partners-prod/visionlab/visionlab/outbound/India_Ahmedabad_Mirana_AssemblyLine_004_224.mp4,600572348,2026-06-13 17:51:29
visionlab/visionlab/outbound/India_Ahmedabad_Mirana_AssemblyLine_004_225.mp4,s3://humyn-data-partners-prod/visionlab/visionlab/outbound/India_Ahmedabad_Mirana_AssemblyLine_004_225.mp4,642340191,2026-06-13 17:51:29
visionlab/visionlab/outbound/India_Ahmedabad_Mirana_AssemblyLine_004_226.mp4,s3://humyn-data-partners-prod/visionlab/visionlab/outbound/India_Ahmedabad_Mirana_AssemblyLine_004_226.mp4,479563629,2026-06-13 17:51:29
visionlab/visionlab/outbound/India_Ahmedabad_Mirana_AssemblyLine_004_227.mp4,s3://humyn-data-partners-prod/visionlab/visionlab/outbound/India_Ahmedabad_Mirana_AssemblyLine_004_227.mp4,495049728,2026-06-13 17:51:29
visionlab/visionlab/outbound/India_Ahmedabad_Mirana_AssemblyLine_004_228.mp4,s3://humyn-data-partners-prod/visionlab/visionlab/outbound/India_Ahmedabad_Mirana_AssemblyLine_004_228.mp4,507929735,2026-06-13 17:51:29
visionlab/visionlab/outbound/India_Ahmedabad_Mirana_AssemblyLine_004_229.mp4,s3://humyn-data-partners-prod/visionlab/visionlab/outbound/India_Ahmedabad_Mirana_AssemblyLine_004_229.mp4,617144578,2026-06-13 17:51:30
visionlab/visionlab/outbound/India_Ahmedabad_Mirana_AssemblyLine_004_230.mp4,s3://humyn-data-partners-prod/visionlab/visionlab/outbound/India_Ahmedabad_Mirana_AssemblyLine_004_230.mp4,646099266,2026-06-13 17:51:30
visionlab/visionlab/outbound/India_Ahmedabad_Mirana_AssemblyLine_004_231.mp4,s3://humyn-data-partners-prod/visionlab/visionlab/outbound/India_Ahmedabad_Mirana_AssemblyLine_004_231.mp4,639765059,2026-06-13 17:51:30
visionlab/visionlab/outbound/India_Ahmedabad_Mirana_AssemblyLine_004_232.mp4,s3://humyn-data-partners-prod/visionlab/visionlab/outbound/India_Ahmedabad_Mirana_AssemblyLine_004_232.mp4,517657664,2026-06-13 17:51:30
visionlab/visionlab/outbound/India_Ahmedabad_Mirana_AssemblyLine_004_233.mp4,s3://humyn-data-partners-prod/visionlab/visionlab/outbound/India_Ahmedabad_Mirana_AssemblyLine_004_233.mp4,314997347,2026-06-13 17:51:31
visionlab/visionlab/outbound/India_Ahmedabad_Mirana_AssemblyLine_004_234.mp4,s3://humyn-data-partners-prod/visionlab/visionlab/outbound/India_Ahmedabad_Mirana_AssemblyLine_004_234.mp4,420801788,2026-06-13 17:51:31
visionlab/visionlab/outbound/India_Ahmedabad_Mirana_AssemblyLine_004_235.mp4,s3://humyn-data-partners-prod/visionlab/visionlab/outbound/India_Ahmedabad_Mirana_AssemblyLine_004_235.mp4,659231867,2026-06-13 17:51:32
visionlab/visionlab/outbound/India_Ahmedabad_Mirana_AssemblyLine_004_236.mp4,s3://humyn-data-partners-prod/visionlab/visionlab/outbound/India_Ahmedabad_Mirana_AssemblyLine_004_236.mp4,542689066,2026-06-13 17:51:32
visionlab/visionlab/outbound/India_Ahmedabad_Mirana_AssemblyLine_004_237.mp4,s3://humyn-data-partners-prod/visionlab/visionlab/outbound/India_Ahmedabad_Mirana_AssemblyLine_004_237.mp4,521266808,2026-06-13 17:51:33
visionlab/visionlab/outbound/India_Ahmedabad_Mirana_AssemblyLine_004_238.mp4,s3://humyn-data-partners-prod/visionlab/visionlab/outbound/India_Ahmedabad_Mirana_AssemblyLine_004_238.mp4,649558367,2026-06-13 17:51:33
visionlab/visionlab/outbound/India_Ahmedabad_Mirana_AssemblyLine_004_239.mp4,s3://humyn-data-partners-prod/visionlab/visionlab/outbound/India_Ahmedabad_Mirana_AssemblyLine_004_239.mp4,514686627,2026-06-13 17:51:33
visionlab/visionlab/outbound/India_Ahmedabad_Mirana_AssemblyLine_004_240.mp4,s3://humyn-data-partners-prod/visionlab/visionlab/outbound/India_Ahmedabad_Mirana_AssemblyLine_004_240.mp4,670803724,2026-06-13 17:51:36
visionlab/visionlab/outbound/India_Ahmedabad_Mirana_AssemblyLine_004_241.mp4,s3://humyn-data-partners-prod/visionlab/visionlab/outbound/India_Ahmedabad_Mirana_AssemblyLine_004_241.mp4,485410401,2026-06-13 17:51:36
visionlab/visionlab/outbound/India_Ahmedabad_Mirana_AssemblyLine_004_242.mp4,s3://humyn-data-partners-prod/visionlab/visionlab/outbound/India_Ahmedabad_Mirana_AssemblyLine_004_242.mp4,480429708,2026-06-13 17:51:36
visionlab/visionlab/outbound/India_Ahmedabad_Mirana_AssemblyLine_004_243.mp4,s3://humyn-data-partners-prod/visionlab/visionlab/outbound/India_Ahmedabad_Mirana_AssemblyLine_004_243.mp4,526585784,2026-06-13 17:51:37
visionlab/visionlab/outbound/India_Ahmedabad_Mirana_AssemblyLine_004_244.mp4,s3://humyn-data-partners-prod/visionlab/visionlab/outbound/India_Ahmedabad_Mirana_AssemblyLine_004_244.mp4,381492210,2026-06-13 17:51:37
visionlab/visionlab/outbound/India_Ahmedabad_Mirana_AssemblyLine_004_245.mp4,s3://humyn-data-partners-prod/visionlab/visionlab/outbound/India_Ahmedabad_Mirana_AssemblyLine_004_245.mp4,571939458,2026-06-13 17:51:37
visionlab/visionlab/outbound/India_Ahmedabad_Mirana_AssemblyLine_004_246.mp4,s3://humyn-data-partners-prod/visionlab/visionlab/outbound/India_Ahmedabad_Mirana_AssemblyLine_004_246.mp4,654397285,2026-06-13 17:51:38
visionlab/visionlab/outbound/India_Ahmedabad_Mirana_AssemblyLine_004_247.mp4,s3://humyn-data-partners-prod/visionlab/visionlab/outbound/India_Ahmedabad_Mirana_AssemblyLine_004_247.mp4,559896916,2026-06-13 17:51:38
visionlab/visionlab/outbound/India_Ahmedabad_Mirana_AssemblyLine_004_248.mp4,s3://humyn-data-partners-prod/visionlab/visionlab/outbound/India_Ahmedabad_Mirana_AssemblyLine_004_248.mp4,599590230,2026-06-13 17:51:38
visionlab/visionlab/outbound/India_Ahmedabad_Mirana_AssemblyLine_004_249.mp4,s3://humyn-data-partners-prod/visionlab/visionlab/outbound/India_Ahmedabad_Mirana_AssemblyLine_004_249.mp4,637762454,2026-06-13 17:51:38
visionlab/visionlab/outbound/India_Ahmedabad_Mirana_AssemblyLine_004_250.mp4,s3://humyn-data-partners-prod/visionlab/visionlab/outbound/India_Ahmedabad_Mirana_AssemblyLine_004_250.mp4,640515346,2026-06-13 17:51:38
visionlab/visionlab/outbound/India_Ahmedabad_Mirana_AssemblyLine_004_251.mp4,s3://humyn-data-partners-prod/visionlab/visionlab/outbound/India_Ahmedabad_Mirana_AssemblyLine_004_251.mp4,626561097,2026-06-13 17:51:39
visionlab/visionlab/outbound/India_Ahmedabad_Mirana_AssemblyLine_004_252.mp4,s3://humyn-data-partners-prod/visionlab/visionlab/outbound/India_Ahmedabad_Mirana_AssemblyLine_004_252.mp4,660130843,2026-06-13 17:51:39
visionlab/visionlab/outbound/India_Ahmedabad_Mirana_AssemblyLine_004_253.mp4,s3://humyn-data-partners-prod/visionlab/visionlab/outbound/India_Ahmedabad_Mirana_AssemblyLine_004_253.mp4,648583946,2026-06-13 17:51:40
visionlab/visionlab/outbound/India_Ahmedabad_Mirana_AssemblyLine_004_254.mp4,s3://humyn-data-partners-prod/visionlab/visionlab/outbound/India_Ahmedabad_Mirana_AssemblyLine_004_254.mp4,456109798,2026-06-13 17:51:40
visionlab/visionlab/outbound/India_Ahmedabad_Mirana_AssemblyLine_004_255.mp4,s3://humyn-data-partners-prod/visionlab/visionlab/outbound/India_Ahmedabad_Mirana_AssemblyLine_004_255.mp4,689988561,2026-06-13 17:51:40
visionlab/visionlab/outbound/India_Ahmedabad_Mirana_AssemblyLine_004_256.mp4,s3://humyn-data-partners-prod/visionlab/visionlab/outbound/India_Ahmedabad_Mirana_AssemblyLine_004_256.mp4,855614233,2026-06-13 17:51:40
visionlab/visionlab/outbound/India_Ahmedabad_Mirana_AssemblyLine_004_257.mp4,s3://humyn-data-partners-prod/visionlab/visionlab/outbound/India_Ahmedabad_Mirana_AssemblyLine_004_257.mp4,505523364,2026-06-13 17:51:41
visionlab/visionlab/outbound/India_Ahmedabad_Mirana_AssemblyLine_004_258.mp4,s3://humyn-data-partners-prod/visionlab/visionlab/outbound/India_Ahmedabad_Mirana_AssemblyLine_004_258.mp4,541977355,2026-06-13 17:51:41
visionlab/visionlab/outbound/India_Ahmedabad_Mirana_AssemblyLine_004_259.mp4,s3://humyn-data-partners-prod/visionlab/visionlab/outbound/India_Ahmedabad_Mirana_AssemblyLine_004_259.mp4,506143884,2026-06-13 17:51:41
visionlab/visionlab/outbound/India_Ahmedabad_Mirana_AssemblyLine_004_260.mp4,s3://humyn-data-partners-prod/visionlab/visionlab/outbound/India_Ahmedabad_Mirana_AssemblyLine_004_260.mp4,632078297,2026-06-13 17:51:41
visionlab/visionlab/outbound/India_Ahmedabad_Mirana_AssemblyLine_004_261.mp4,s3://humyn-data-partners-prod/visionlab/visionlab/outbound/India_Ahmedabad_Mirana_AssemblyLine_004_261.mp4,388017945,2026-06-13 17:51:41
visionlab/visionlab/outbound/India_Ahmedabad_Mirana_AssemblyLine_004_262.mp4,s3://humyn-data-partners-prod/visionlab/visionlab/outbound/India_Ahmedabad_Mirana_AssemblyLine_004_262.mp4,329099592,2026-06-13 17:51:42
visionlab/visionlab/outbound/India_Ahmedabad_Mirana_AssemblyLine_004_263.mp4,s3://humyn-data-partners-prod/visionlab/visionlab/outbound/India_Ahmedabad_Mirana_AssemblyLine_004_263.mp4,574777576,2026-06-13 17:51:42
visionlab/visionlab/outbound/India_Ahmedabad_Mirana_AssemblyLine_004_264.mp4,s3://humyn-data-partners-prod/visionlab/visionlab/outbound/India_Ahmedabad_Mirana_AssemblyLine_004_264.mp4,607726423,2026-06-13 17:51:42
visionlab/visionlab/outbound/India_Ahmedabad_Mirana_AssemblyLine_004_265.mp4,s3://humyn-data-partners-prod/visionlab/visionlab/outbound/India_Ahmedabad_Mirana_AssemblyLine_004_265.mp4,628816758,2026-06-13 17:51:42
visionlab/visionlab/outbound/India_Ahmedabad_Mirana_AssemblyLine_004_266.mp4,s3://humyn-data-partners-prod/visionlab/visionlab/outbound/India_Ahmedabad_Mirana_AssemblyLine_004_266.mp4,478384712,2026-06-13 17:51:43
visionlab/visionlab/outbound/India_Ahmedabad_Mirana_AssemblyLine_004_267.mp4,s3://humyn-data-partners-prod/visionlab/visionlab/outbound/India_Ahmedabad_Mirana_AssemblyLine_004_267.mp4,670422047,2026-06-13 17:51:44
visionlab/visionlab/outbound/India_Ahmedabad_Mirana_AssemblyLine_004_268.mp4,s3://humyn-data-partners-prod/visionlab/visionlab/outbound/India_Ahmedabad_Mirana_AssemblyLine_004_268.mp4,487488525,2026-06-13 17:51:44
visionlab/visionlab/outbound/India_Ahmedabad_Mirana_AssemblyLine_004_269.mp4,s3://humyn-data-partners-prod/visionlab/visionlab/outbound/India_Ahmedabad_Mirana_AssemblyLine_004_269.mp4,570865377,2026-06-13 17:51:44
visionlab/visionlab/outbound/India_Ahmedabad_Mirana_AssemblyLine_004_270.mp4,s3://humyn-data-partners-prod/visionlab/visionlab/outbound/India_Ahmedabad_Mirana_AssemblyLine_004_270.mp4,552608045,2026-06-13 17:51:45
visionlab/visionlab/outbound/India_Ahmedabad_Mirana_AssemblyLine_004_271.mp4,s3://humyn-data-partners-prod/visionlab/visionlab/outbound/India_Ahmedabad_Mirana_AssemblyLine_004_271.mp4,479961751,2026-06-13 17:51:45
visionlab/visionlab/outbound/India_Ahmedabad_Mirana_AssemblyLine_004_272.mp4,s3://humyn-data-partners-prod/visionlab/visionlab/outbound/India_Ahmedabad_Mirana_AssemblyLine_004_272.mp4,570914932,2026-06-13 17:51:45
visionlab/visionlab/outbound/India_Ahmedabad_Mirana_AssemblyLine_004_273.mp4,s3://humyn-data-partners-prod/visionlab/visionlab/outbound/India_Ahmedabad_Mirana_AssemblyLine_004_273.mp4,659491896,2026-06-13 17:51:45
visionlab/visionlab/outbound/India_Ahmedabad_Mirana_AssemblyLine_004_274.mp4,s3://humyn-data-partners-prod/visionlab/visionlab/outbound/India_Ahmedabad_Mirana_AssemblyLine_004_274.mp4,601078711,2026-06-13 17:51:45
visionlab/visionlab/outbound/India_Ahmedabad_Mirana_AssemblyLine_004_275.mp4,s3://humyn-data-partners-prod/visionlab/visionlab/outbound/India_Ahmedabad_Mirana_AssemblyLine_004_275.mp4,572561413,2026-06-13 17:51:46
visionlab/visionlab/outbound/India_Ahmedabad_Mirana_AssemblyLine_004_276.mp4,s3://humyn-data-partners-prod/visionlab/visionlab/outbound/India_Ahmedabad_Mirana_AssemblyLine_004_276.mp4,356461043,2026-06-13 17:51:48
visionlab/visionlab/outbound/India_Ahmedabad_Mirana_AssemblyLine_004_277.mp4,s3://humyn-data-partners-prod/visionlab/visionlab/outbound/India_Ahmedabad_Mirana_AssemblyLine_004_277.mp4,643090682,2026-06-13 17:51:48
visionlab/visionlab/outbound/India_Ahmedabad_Mirana_AssemblyLine_004_278.mp4,s3://humyn-data-partners-prod/visionlab/visionlab/outbound/India_Ahmedabad_Mirana_AssemblyLine_004_278.mp4,527689380,2026-06-13 17:51:50
visionlab/visionlab/outbound/India_Ahmedabad_Mirana_AssemblyLine_004_279.mp4,s3://humyn-data-partners-prod/visionlab/visionlab/outbound/India_Ahmedabad_Mirana_AssemblyLine_004_279.mp4,569319291,2026-06-13 17:51:50
visionlab/visionlab/outbound/India_Ahmedabad_Mirana_AssemblyLine_004_280.mp4,s3://humyn-data-partners-prod/visionlab/visionlab/outbound/India_Ahmedabad_Mirana_AssemblyLine_004_280.mp4,671232970,2026-06-13 17:51:50
visionlab/visionlab/outbound/India_Ahmedabad_Mirana_AssemblyLine_004_281.mp4,s3://humyn-data-partners-prod/visionlab/visionlab/outbound/India_Ahmedabad_Mirana_AssemblyLine_004_281.mp4,485465548,2026-06-13 17:51:50
visionlab/visionlab/outbound/India_Ahmedabad_Mirana_AssemblyLine_004_282.mp4,s3://humyn-data-partners-prod/visionlab/visionlab/outbound/India_Ahmedabad_Mirana_AssemblyLine_004_282.mp4,614164645,2026-06-13 17:51:50
visionlab/visionlab/outbound/India_Ahmedabad_Mirana_AssemblyLine_004_283.mp4,s3://humyn-data-partners-prod/visionlab/visionlab/outbound/India_Ahmedabad_Mirana_AssemblyLine_004_283.mp4,511015746,2026-06-13 17:51:50
visionlab/visionlab/outbound/India_Ahmedabad_Mirana_AssemblyLine_004_284.mp4,s3://humyn-data-partners-prod/visionlab/visionlab/outbound/India_Ahmedabad_Mirana_AssemblyLine_004_284.mp4,579387639,2026-06-13 17:51:50
visionlab/visionlab/outbound/India_Ahmedabad_Mirana_AssemblyLine_004_285.mp4,s3://humyn-data-partners-prod/visionlab/visionlab/outbound/India_Ahmedabad_Mirana_AssemblyLine_004_285.mp4,656507214,2026-06-13 17:51:51
visionlab/visionlab/outbound/India_Ahmedabad_Mirana_AssemblyLine_004_286.mp4,s3://humyn-data-partners-prod/visionlab/visionlab/outbound/India_Ahmedabad_Mirana_AssemblyLine_004_286.mp4,553324726,2026-06-13 17:51:52
visionlab/visionlab/outbound/India_Ahmedabad_Mirana_AssemblyLine_004_287.mp4,s3://humyn-data-partners-prod/visionlab/visionlab/outbound/India_Ahmedabad_Mirana_AssemblyLine_004_287.mp4,606904521,2026-06-13 17:51:52
visionlab/visionlab/outbound/India_Ahmedabad_Mirana_AssemblyLine_004_288.mp4,s3://humyn-data-partners-prod/visionlab/visionlab/outbound/India_Ahmedabad_Mirana_AssemblyLine_004_288.mp4,639518235,2026-06-13 17:51:52
visionlab/visionlab/outbound/India_Ahmedabad_Mirana_AssemblyLine_004_289.mp4,s3://humyn-data-partners-prod/visionlab/visionlab/outbound/India_Ahmedabad_Mirana_AssemblyLine_004_289.mp4,677379363,2026-06-13 17:51:52
visionlab/visionlab/outbound/India_Ahmedabad_Mirana_AssemblyLine_004_290.mp4,s3://humyn-data-partners-prod/visionlab/visionlab/outbound/India_Ahmedabad_Mirana_AssemblyLine_004_290.mp4,594034112,2026-06-13 17:51:53
visionlab/visionlab/outbound/India_Ahmedabad_Mirana_AssemblyLine_004_291.mp4,s3://humyn-data-partners-prod/visionlab/visionlab/outbound/India_Ahmedabad_Mirana_AssemblyLine_004_291.mp4,688784539,2026-06-13 17:51:53
visionlab/visionlab/outbound/India_Ahmedabad_Mirana_AssemblyLine_004_292.mp4,s3://humyn-data-partners-prod/visionlab/visionlab/outbound/India_Ahmedabad_Mirana_AssemblyLine_004_292.mp4,605871657,2026-06-13 17:51:54
visionlab/visionlab/outbound/India_Ahmedabad_Mirana_AssemblyLine_004_293.mp4,s3://humyn-data-partners-prod/visionlab/visionlab/outbound/India_Ahmedabad_Mirana_AssemblyLine_004_293.mp4,631446241,2026-06-13 17:51:54
visionlab/visionlab/outbound/India_Ahmedabad_Mirana_AssemblyLine_004_294.mp4,s3://humyn-data-partners-prod/visionlab/visionlab/outbound/India_Ahmedabad_Mirana_AssemblyLine_004_294.mp4,527924753,2026-06-13 17:51:54
visionlab/visionlab/outbound/India_Ahmedabad_Mirana_AssemblyLine_004_295.mp4,s3://humyn-data-partners-prod/visionlab/visionlab/outbound/India_Ahmedabad_Mirana_AssemblyLine_004_295.mp4,479553840,2026-06-13 17:51:54
visionlab/visionlab/outbound/India_Ahmedabad_Mirana_AssemblyLine_004_296.mp4,s3://humyn-data-partners-prod/visionlab/visionlab/outbound/India_Ahmedabad_Mirana_AssemblyLine_004_296.mp4,565378006,2026-06-13 17:51:54
visionlab/visionlab/outbound/India_Ahmedabad_Mirana_AssemblyLine_004_297.mp4,s3://humyn-data-partners-prod/visionlab/visionlab/outbound/India_Ahmedabad_Mirana_AssemblyLine_004_297.mp4,549147864,2026-06-13 17:51:55
visionlab/visionlab/outbound/India_Ahmedabad_Mirana_AssemblyLine_004_298.mp4,s3://humyn-data-partners-prod/visionlab/visionlab/outbound/India_Ahmedabad_Mirana_AssemblyLine_004_298.mp4,582358210,2026-06-13 17:51:55
visionlab/visionlab/outbound/India_Ahmedabad_Mirana_AssemblyLine_004_299.mp4,s3://humyn-data-partners-prod/visionlab/visionlab/outbound/India_Ahmedabad_Mirana_AssemblyLine_004_299.mp4,540130356,2026-06-13 17:51:55
visionlab/visionlab/outbound/India_Ahmedabad_Mirana_AssemblyLine_004_300.mp4,s3://humyn-data-partners-prod/visionlab/visionlab/outbound/India_Ahmedabad_Mirana_AssemblyLine_004_300.mp4,589670916,2026-06-13 17:51:55
visionlab/visionlab/outbound/India_Ahmedabad_Mirana_AssemblyLine_004_301.mp4,s3://humyn-data-partners-prod/visionlab/visionlab/outbound/India_Ahmedabad_Mirana_AssemblyLine_004_301.mp4,639177874,2026-06-13 17:51:55
visionlab/visionlab/outbound/India_Ahmedabad_Mirana_AssemblyLine_004_302.mp4,s3://humyn-data-partners-prod/visionlab/visionlab/outbound/India_Ahmedabad_Mirana_AssemblyLine_004_302.mp4,473298280,2026-06-13 17:51:56
visionlab/visionlab/outbound/India_Ahmedabad_Mirana_AssemblyLine_004_303.mp4,s3://humyn-data-partners-prod/visionlab/visionlab/outbound/India_Ahmedabad_Mirana_AssemblyLine_004_303.mp4,556012999,2026-06-13 17:51:56
visionlab/visionlab/outbound/India_Ahmedabad_Mirana_AssemblyLine_004_304.mp4,s3://humyn-data-partners-prod/visionlab/visionlab/outbound/India_Ahmedabad_Mirana_AssemblyLine_004_304.mp4,618778436,2026-06-13 17:51:56
visionlab/visionlab/outbound/India_Ahmedabad_Mirana_AssemblyLine_004_305.mp4,s3://humyn-data-partners-prod/visionlab/visionlab/outbound/India_Ahmedabad_Mirana_AssemblyLine_004_305.mp4,604811541,2026-06-13 17:51:56
visionlab/visionlab/outbound/India_Ahmedabad_Mirana_AssemblyLine_004_306.mp4,s3://humyn-data-partners-prod/visionlab/visionlab/outbound/India_Ahmedabad_Mirana_AssemblyLine_004_306.mp4,521104552,2026-06-13 17:51:57
visionlab/visionlab/outbound/India_Ahmedabad_Mirana_AssemblyLine_004_307.mp4,s3://humyn-data-partners-prod/visionlab/visionlab/outbound/India_Ahmedabad_Mirana_AssemblyLine_004_307.mp4,520243523,2026-06-13 17:51:57
visionlab/visionlab/outbound/India_Ahmedabad_Mirana_AssemblyLine_004_308.mp4,s3://humyn-data-partners-prod/visionlab/visionlab/outbound/India_Ahmedabad_Mirana_AssemblyLine_004_308.mp4,457203265,2026-06-13 17:51:59
visionlab/visionlab/outbound/India_Ahmedabad_Mirana_AssemblyLine_004_309.mp4,s3://humyn-data-partners-prod/visionlab/visionlab/outbound/India_Ahmedabad_Mirana_AssemblyLine_004_309.mp4,366967748,2026-06-13 17:51:59
visionlab/visionlab/outbound/India_Ahmedabad_Mirana_AssemblyLine_004_310.mp4,s3://humyn-data-partners-prod/visionlab/visionlab/outbound/India_Ahmedabad_Mirana_AssemblyLine_004_310.mp4,636247867,2026-06-13 17:51:59
visionlab/visionlab/outbound/India_Ahmedabad_Mirana_AssemblyLine_004_311.mp4,s3://humyn-data-partners-prod/visionlab/visionlab/outbound/India_Ahmedabad_Mirana_AssemblyLine_004_311.mp4,565270939,2026-06-13 17:52:00
visionlab/visionlab/outbound/India_Ahmedabad_Mirana_AssemblyLine_004_312.mp4,s3://humyn-data-partners-prod/visionlab/visionlab/outbound/India_Ahmedabad_Mirana_AssemblyLine_004_312.mp4,512480936,2026-06-13 17:52:00
visionlab/visionlab/outbound/India_Ahmedabad_Mirana_AssemblyLine_004_313.mp4,s3://humyn-data-partners-prod/visionlab/visionlab/outbound/India_Ahmedabad_Mirana_AssemblyLine_004_313.mp4,622851217,2026-06-13 17:52:00
visionlab/visionlab/outbound/India_Ahmedabad_Mirana_AssemblyLine_004_314.mp4,s3://humyn-data-partners-prod/visionlab/visionlab/outbound/India_Ahmedabad_Mirana_AssemblyLine_004_314.mp4,562954042,2026-06-13 17:52:01
visionlab/visionlab/outbound/India_Ahmedabad_Mirana_AssemblyLine_004_315.mp4,s3://humyn-data-partners-prod/visionlab/visionlab/outbound/India_Ahmedabad_Mirana_AssemblyLine_004_315.mp4,597499294,2026-06-13 17:52:01
visionlab/visionlab/outbound/India_Ahmedabad_Mirana_AssemblyLine_004_316.mp4,s3://humyn-data-partners-prod/visionlab/visionlab/outbound/India_Ahmedabad_Mirana_AssemblyLine_004_316.mp4,580212860,2026-06-13 17:52:02
visionlab/visionlab/outbound/India_Ahmedabad_Mirana_AssemblyLine_004_317.mp4,s3://humyn-data-partners-prod/visionlab/visionlab/outbound/India_Ahmedabad_Mirana_AssemblyLine_004_317.mp4,611413283,2026-06-13 17:52:02
visionlab/visionlab/outbound/India_Ahmedabad_Mirana_AssemblyLine_004_318.mp4,s3://humyn-data-partners-prod/visionlab/visionlab/outbound/India_Ahmedabad_Mirana_AssemblyLine_004_318.mp4,439689677,2026-06-13 17:52:03
visionlab/visionlab/outbound/India_Ahmedabad_Mirana_AssemblyLine_004_319.mp4,s3://humyn-data-partners-prod/visionlab/visionlab/outbound/India_Ahmedabad_Mirana_AssemblyLine_004_319.mp4,660219959,2026-06-13 17:52:03
visionlab/visionlab/outbound/India_Ahmedabad_Mirana_AssemblyLine_004_320.mp4,s3://humyn-data-partners-prod/visionlab/visionlab/outbound/India_Ahmedabad_Mirana_AssemblyLine_004_320.mp4,611692384,2026-06-13 17:52:03
visionlab/visionlab/outbound/India_Ahmedabad_Mirana_AssemblyLine_004_321.mp4,s3://humyn-data-partners-prod/visionlab/visionlab/outbound/India_Ahmedabad_Mirana_AssemblyLine_004_321.mp4,598469849,2026-06-13 17:52:03
visionlab/visionlab/outbound/India_Ahmedabad_Mirana_AssemblyLine_004_322.mp4,s3://humyn-data-partners-prod/visionlab/visionlab/outbound/India_Ahmedabad_Mirana_AssemblyLine_004_322.mp4,663191140,2026-06-13 17:52:03
visionlab/visionlab/outbound/India_Ahmedabad_Mirana_AssemblyLine_004_323.mp4,s3://humyn-data-partners-prod/visionlab/visionlab/outbound/India_Ahmedabad_Mirana_AssemblyLine_004_323.mp4,600039922,2026-06-13 17:52:04
visionlab/visionlab/outbound/India_Ahmedabad_Mirana_AssemblyLine_004_324.mp4,s3://humyn-data-partners-prod/visionlab/visionlab/outbound/India_Ahmedabad_Mirana_AssemblyLine_004_324.mp4,612160777,2026-06-13 17:52:04
visionlab/visionlab/outbound/India_Ahmedabad_Mirana_AssemblyLine_004_325.mp4,s3://humyn-data-partners-prod/visionlab/visionlab/outbound/India_Ahmedabad_Mirana_AssemblyLine_004_325.mp4,467787704,2026-06-13 17:52:04
visionlab/visionlab/outbound/India_Ahmedabad_Mirana_AssemblyLine_004_326.mp4,s3://humyn-data-partners-prod/visionlab/visionlab/outbound/India_Ahmedabad_Mirana_AssemblyLine_004_326.mp4,524658053,2026-06-13 17:52:04
visionlab/visionlab/outbound/India_Ahmedabad_Mirana_AssemblyLine_004_327.mp4,s3://humyn-data-partners-prod/visionlab/visionlab/outbound/India_Ahmedabad_Mirana_AssemblyLine_004_327.mp4,464905727,2026-06-13 17:52:04
visionlab/visionlab/outbound/India_Ahmedabad_Mirana_AssemblyLine_004_328.mp4,s3://humyn-data-partners-prod/visionlab/visionlab/outbound/India_Ahmedabad_Mirana_AssemblyLine_004_328.mp4,626962393,2026-06-13 17:52:04
visionlab/visionlab/outbound/India_Ahmedabad_Mirana_AssemblyLine_004_329.mp4,s3://humyn-data-partners-prod/visionlab/visionlab/outbound/India_Ahmedabad_Mirana_AssemblyLine_004_329.mp4,619132630,2026-06-13 17:52:05
visionlab/visionlab/outbound/India_Ahmedabad_Mirana_AssemblyLine_004_330.mp4,s3://humyn-data-partners-prod/visionlab/visionlab/outbound/India_Ahmedabad_Mirana_AssemblyLine_004_330.mp4,629737774,2026-06-13 17:52:05
visionlab/visionlab/outbound/India_Ahmedabad_Mirana_AssemblyLine_004_331.mp4,s3://humyn-data-partners-prod/visionlab/visionlab/outbound/India_Ahmedabad_Mirana_AssemblyLine_004_331.mp4,591881559,2026-06-13 17:52:05
visionlab/visionlab/outbound/India_Ahmedabad_Mirana_AssemblyLine_004_332.mp4,s3://humyn-data-partners-prod/visionlab/visionlab/outbound/India_Ahmedabad_Mirana_AssemblyLine_004_332.mp4,515522226,2026-06-13 17:52:06
visionlab/visionlab/outbound/India_Ahmedabad_Mirana_AssemblyLine_004_333.mp4,s3://humyn-data-partners-prod/visionlab/visionlab/outbound/India_Ahmedabad_Mirana_AssemblyLine_004_333.mp4,541736030,2026-06-13 17:52:06
visionlab/visionlab/outbound/India_Ahmedabad_Mirana_AssemblyLine_004_334.mp4,s3://humyn-data-partners-prod/visionlab/visionlab/outbound/India_Ahmedabad_Mirana_AssemblyLine_004_334.mp4,502947367,2026-06-13 17:52:07
visionlab/visionlab/outbound/India_Ahmedabad_Mirana_AssemblyLine_004_335.mp4,s3://humyn-data-partners-prod/visionlab/visionlab/outbound/India_Ahmedabad_Mirana_AssemblyLine_004_335.mp4,926174999,2026-06-13 17:52:07
visionlab/visionlab/outbound/India_Ahmedabad_Mirana_AssemblyLine_004_336.mp4,s3://humyn-data-partners-prod/visionlab/visionlab/outbound/India_Ahmedabad_Mirana_AssemblyLine_004_336.mp4,460722514,2026-06-13 17:52:07
visionlab/visionlab/outbound/India_Ahmedabad_Mirana_AssemblyLine_004_337.mp4,s3://humyn-data-partners-prod/visionlab/visionlab/outbound/India_Ahmedabad_Mirana_AssemblyLine_004_337.mp4,599514153,2026-06-13 17:52:07
visionlab/visionlab/outbound/India_Ahmedabad_Mirana_AssemblyLine_004_338.mp4,s3://humyn-data-partners-prod/visionlab/visionlab/outbound/India_Ahmedabad_Mirana_AssemblyLine_004_338.mp4,579750829,2026-06-13 17:52:08
visionlab/visionlab/outbound/India_Ahmedabad_Mirana_AssemblyLine_004_339.mp4,s3://humyn-data-partners-prod/visionlab/visionlab/outbound/India_Ahmedabad_Mirana_AssemblyLine_004_339.mp4,622373622,2026-06-13 17:52:08
visionlab/visionlab/outbound/India_Ahmedabad_Mirana_AssemblyLine_004_340.mp4,s3://humyn-data-partners-prod/visionlab/visionlab/outbound/India_Ahmedabad_Mirana_AssemblyLine_004_340.mp4,542337963,2026-06-13 17:52:08
visionlab/visionlab/outbound/India_Ahmedabad_Mirana_AssemblyLine_004_341.mp4,s3://humyn-data-partners-prod/visionlab/visionlab/outbound/India_Ahmedabad_Mirana_AssemblyLine_004_341.mp4,551263044,2026-06-13 17:52:09
visionlab/visionlab/outbound/India_Ahmedabad_Mirana_AssemblyLine_004_342.mp4,s3://humyn-data-partners-prod/visionlab/visionlab/outbound/India_Ahmedabad_Mirana_AssemblyLine_004_342.mp4,532320616,2026-06-13 17:52:09
visionlab/visionlab/outbound/India_Ahmedabad_Mirana_AssemblyLine_004_343.mp4,s3://humyn-data-partners-prod/visionlab/visionlab/outbound/India_Ahmedabad_Mirana_AssemblyLine_004_343.mp4,486862851,2026-06-13 17:52:09
visionlab/visionlab/outbound/India_Ahmedabad_Mirana_AssemblyLine_004_344.mp4,s3://humyn-data-partners-prod/visionlab/visionlab/outbound/India_Ahmedabad_Mirana_AssemblyLine_004_344.mp4,571357927,2026-06-13 17:52:10
visionlab/visionlab/outbound/India_Ahmedabad_Mirana_AssemblyLine_004_345.mp4,s3://humyn-data-partners-prod/visionlab/visionlab/outbound/India_Ahmedabad_Mirana_AssemblyLine_004_345.mp4,656342719,2026-06-13 17:52:11
visionlab/visionlab/outbound/India_Ahmedabad_Mirana_AssemblyLine_004_346.mp4,s3://humyn-data-partners-prod/visionlab/visionlab/outbound/India_Ahmedabad_Mirana_AssemblyLine_004_346.mp4,393639445,2026-06-13 17:52:11
visionlab/visionlab/outbound/India_Ahmedabad_Mirana_AssemblyLine_004_347.mp4,s3://humyn-data-partners-prod/visionlab/visionlab/outbound/India_Ahmedabad_Mirana_AssemblyLine_004_347.mp4,494712890,2026-06-13 17:52:11
visionlab/visionlab/outbound/India_Ahmedabad_Mirana_AssemblyLine_004_348.mp4,s3://humyn-data-partners-prod/visionlab/visionlab/outbound/India_Ahmedabad_Mirana_AssemblyLine_004_348.mp4,611457566,2026-06-13 17:52:12
visionlab/visionlab/outbound/India_Ahmedabad_Mirana_AssemblyLine_004_349.mp4,s3://humyn-data-partners-prod/visionlab/visionlab/outbound/India_Ahmedabad_Mirana_AssemblyLine_004_349.mp4,618936473,2026-06-13 17:52:12
visionlab/visionlab/outbound/India_Ahmedabad_Mirana_AssemblyLine_004_350.mp4,s3://humyn-data-partners-prod/visionlab/visionlab/outbound/India_Ahmedabad_Mirana_AssemblyLine_004_350.mp4,525555137,2026-06-13 17:52:12
visionlab/visionlab/outbound/India_Ahmedabad_Mirana_AssemblyLine_004_351.mp4,s3://humyn-data-partners-prod/visionlab/visionlab/outbound/India_Ahmedabad_Mirana_AssemblyLine_004_351.mp4,545988222,2026-06-13 17:52:13
visionlab/visionlab/outbound/India_Ahmedabad_Mirana_AssemblyLine_004_352.mp4,s3://humyn-data-partners-prod/visionlab/visionlab/outbound/India_Ahmedabad_Mirana_AssemblyLine_004_352.mp4,1607144726,2026-06-13 17:52:13
visionlab/visionlab/outbound/India_Ahmedabad_Mirana_AssemblyLine_004_353.mp4,s3://humyn-data-partners-prod/visionlab/visionlab/outbound/India_Ahmedabad_Mirana_AssemblyLine_004_353.mp4,528072649,2026-06-13 17:52:14
visionlab/visionlab/outbound/India_Ahmedabad_Mirana_AssemblyLine_004_354.mp4,s3://humyn-data-partners-prod/visionlab/visionlab/outbound/India_Ahmedabad_Mirana_AssemblyLine_004_354.mp4,556585624,2026-06-13 17:52:14
visionlab/visionlab/outbound/India_Ahmedabad_Mirana_AssemblyLine_004_355.mp4,s3://humyn-data-partners-prod/visionlab/visionlab/outbound/India_Ahmedabad_Mirana_AssemblyLine_004_355.mp4,538721072,2026-06-13 17:52:14
visionlab/visionlab/outbound/India_Ahmedabad_Mirana_AssemblyLine_004_356.mp4,s3://humyn-data-partners-prod/visionlab/visionlab/outbound/India_Ahmedabad_Mirana_AssemblyLine_004_356.mp4,579310349,2026-06-13 17:52:15
visionlab/visionlab/outbound/India_Ahmedabad_Mirana_AssemblyLine_004_357.mp4,s3://humyn-data-partners-prod/visionlab/visionlab/outbound/India_Ahmedabad_Mirana_AssemblyLine_004_357.mp4,619557437,2026-06-13 17:52:15
visionlab/visionlab/outbound/India_Ahmedabad_Mirana_AssemblyLine_004_358.mp4,s3://humyn-data-partners-prod/visionlab/visionlab/outbound/India_Ahmedabad_Mirana_AssemblyLine_004_358.mp4,506702453,2026-06-13 17:52:15
visionlab/visionlab/outbound/India_Ahmedabad_Mirana_AssemblyLine_004_359.mp4,s3://humyn-data-partners-prod/visionlab/visionlab/outbound/India_Ahmedabad_Mirana_AssemblyLine_004_359.mp4,703523294,2026-06-13 17:52:15
visionlab/visionlab/outbound/India_Ahmedabad_Mirana_AssemblyLine_004_360.mp4,s3://humyn-data-partners-prod/visionlab/visionlab/outbound/India_Ahmedabad_Mirana_AssemblyLine_004_360.mp4,631290857,2026-06-13 17:52:15
visionlab/visionlab/outbound/India_Ahmedabad_Mirana_AssemblyLine_004_361.mp4,s3://humyn-data-partners-prod/visionlab/visionlab/outbound/India_Ahmedabad_Mirana_AssemblyLine_004_361.mp4,648988499,2026-06-13 17:52:16
visionlab/visionlab/outbound/India_Ahmedabad_Mirana_AssemblyLine_004_362.mp4,s3://humyn-data-partners-prod/visionlab/visionlab/outbound/India_Ahmedabad_Mirana_AssemblyLine_004_362.mp4,627333358,2026-06-13 17:52:16
visionlab/visionlab/outbound/India_Ahmedabad_Mirana_AssemblyLine_004_363.mp4,s3://humyn-data-partners-prod/visionlab/visionlab/outbound/India_Ahmedabad_Mirana_AssemblyLine_004_363.mp4,575173381,2026-06-13 17:52:16
visionlab/visionlab/outbound/India_Ahmedabad_Mirana_AssemblyLine_004_364.mp4,s3://humyn-data-partners-prod/visionlab/visionlab/outbound/India_Ahmedabad_Mirana_AssemblyLine_004_364.mp4,482104219,2026-06-13 17:52:16
visionlab/visionlab/outbound/India_Ahmedabad_Mirana_AssemblyLine_004_365.mp4,s3://humyn-data-partners-prod/visionlab/visionlab/outbound/India_Ahmedabad_Mirana_AssemblyLine_004_365.mp4,691412266,2026-06-13 17:52:16
visionlab/visionlab/outbound/India_Ahmedabad_Mirana_AssemblyLine_004_366.mp4,s3://humyn-data-partners-prod/visionlab/visionlab/outbound/India_Ahmedabad_Mirana_AssemblyLine_004_366.mp4,517954628,2026-06-13 17:52:16
visionlab/visionlab/outbound/India_Ahmedabad_Mirana_AssemblyLine_004_367.mp4,s3://humyn-data-partners-prod/visionlab/visionlab/outbound/India_Ahmedabad_Mirana_AssemblyLine_004_367.mp4,439658735,2026-06-13 17:52:17
visionlab/visionlab/outbound/India_Ahmedabad_Mirana_AssemblyLine_004_368.mp4,s3://humyn-data-partners-prod/visionlab/visionlab/outbound/India_Ahmedabad_Mirana_AssemblyLine_004_368.mp4,461063920,2026-06-13 17:52:18
visionlab/visionlab/outbound/India_Ahmedabad_Mirana_AssemblyLine_004_369.mp4,s3://humyn-data-partners-prod/visionlab/visionlab/outbound/India_Ahmedabad_Mirana_AssemblyLine_004_369.mp4,526132896,2026-06-13 17:52:18
visionlab/visionlab/outbound/India_Ahmedabad_Mirana_AssemblyLine_004_370.mp4,s3://humyn-data-partners-prod/visionlab/visionlab/outbound/India_Ahmedabad_Mirana_AssemblyLine_004_370.mp4,667894612,2026-06-13 17:52:19
visionlab/visionlab/outbound/India_Ahmedabad_Mirana_AssemblyLine_004_371.mp4,s3://humyn-data-partners-prod/visionlab/visionlab/outbound/India_Ahmedabad_Mirana_AssemblyLine_004_371.mp4,644277517,2026-06-13 17:52:19
visionlab/visionlab/outbound/India_Ahmedabad_Mirana_AssemblyLine_004_372.mp4,s3://humyn-data-partners-prod/visionlab/visionlab/outbound/India_Ahmedabad_Mirana_AssemblyLine_004_372.mp4,643126030,2026-06-13 17:52:20
visionlab/visionlab/outbound/India_Ahmedabad_Mirana_AssemblyLine_004_373.mp4,s3://humyn-data-partners-prod/visionlab/visionlab/outbound/India_Ahmedabad_Mirana_AssemblyLine_004_373.mp4,558188550,2026-06-13 17:52:20
visionlab/visionlab/outbound/India_Ahmedabad_Mirana_AssemblyLine_004_374.mp4,s3://humyn-data-partners-prod/visionlab/visionlab/outbound/India_Ahmedabad_Mirana_AssemblyLine_004_374.mp4,638379628,2026-06-13 17:52:20
visionlab/visionlab/outbound/India_Ahmedabad_Mirana_AssemblyLine_004_375.mp4,s3://humyn-data-partners-prod/visionlab/visionlab/outbound/India_Ahmedabad_Mirana_AssemblyLine_004_375.mp4,575656030,2026-06-13 17:52:20
visionlab/visionlab/outbound/India_Ahmedabad_Mirana_AssemblyLine_004_376.mp4,s3://humyn-data-partners-prod/visionlab/visionlab/outbound/India_Ahmedabad_Mirana_AssemblyLine_004_376.mp4,546960357,2026-06-13 17:52:21
visionlab/visionlab/outbound/India_Ahmedabad_Mirana_AssemblyLine_004_377.mp4,s3://humyn-data-partners-prod/visionlab/visionlab/outbound/India_Ahmedabad_Mirana_AssemblyLine_004_377.mp4,505010824,2026-06-13 17:52:22
visionlab/visionlab/outbound/India_Ahmedabad_Mirana_AssemblyLine_004_378.mp4,s3://humyn-data-partners-prod/visionlab/visionlab/outbound/India_Ahmedabad_Mirana_AssemblyLine_004_378.mp4,624120644,2026-06-13 17:52:22
visionlab/visionlab/outbound/India_Ahmedabad_Mirana_AssemblyLine_004_379.mp4,s3://humyn-data-partners-prod/visionlab/visionlab/outbound/India_Ahmedabad_Mirana_AssemblyLine_004_379.mp4,493949424,2026-06-13 17:52:23
visionlab/visionlab/outbound/India_Ahmedabad_Mirana_AssemblyLine_004_380.mp4,s3://humyn-data-partners-prod/visionlab/visionlab/outbound/India_Ahmedabad_Mirana_AssemblyLine_004_380.mp4,466240572,2026-06-13 17:52:23
visionlab/visionlab/outbound/India_Ahmedabad_Mirana_AssemblyLine_004_381.mp4,s3://humyn-data-partners-prod/visionlab/visionlab/outbound/India_Ahmedabad_Mirana_AssemblyLine_004_381.mp4,578624746,2026-06-13 17:52:23
visionlab/visionlab/outbound/India_Ahmedabad_Mirana_AssemblyLine_004_382.mp4,s3://humyn-data-partners-prod/visionlab/visionlab/outbound/India_Ahmedabad_Mirana_AssemblyLine_004_382.mp4,465822485,2026-06-13 17:52:23
visionlab/visionlab/outbound/India_Ahmedabad_Mirana_AssemblyLine_004_383.mp4,s3://humyn-data-partners-prod/visionlab/visionlab/outbound/India_Ahmedabad_Mirana_AssemblyLine_004_383.mp4,513262676,2026-06-13 17:52:24
visionlab/visionlab/outbound/India_Ahmedabad_Mirana_AssemblyLine_004_384.mp4,s3://humyn-data-partners-prod/visionlab/visionlab/outbound/India_Ahmedabad_Mirana_AssemblyLine_004_384.mp4,556593975,2026-06-13 17:52:25
visionlab/visionlab/outbound/India_Ahmedabad_Mirana_AssemblyLine_004_385.mp4,s3://humyn-data-partners-prod/visionlab/visionlab/outbound/India_Ahmedabad_Mirana_AssemblyLine_004_385.mp4,493000617,2026-06-13 17:52:25
visionlab/visionlab/outbound/India_Ahmedabad_Mirana_AssemblyLine_004_386.mp4,s3://humyn-data-partners-prod/visionlab/visionlab/outbound/India_Ahmedabad_Mirana_AssemblyLine_004_386.mp4,543995871,2026-06-13 17:52:25
visionlab/visionlab/outbound/India_Ahmedabad_Mirana_AssemblyLine_004_387.mp4,s3://humyn-data-partners-prod/visionlab/visionlab/outbound/India_Ahmedabad_Mirana_AssemblyLine_004_387.mp4,543207902,2026-06-13 17:52:25
visionlab/visionlab/outbound/India_Ahmedabad_Mirana_AssemblyLine_004_388.mp4,s3://humyn-data-partners-prod/visionlab/visionlab/outbound/India_Ahmedabad_Mirana_AssemblyLine_004_388.mp4,650881111,2026-06-13 17:52:25
visionlab/visionlab/outbound/India_Ahmedabad_Mirana_AssemblyLine_004_389.mp4,s3://humyn-data-partners-prod/visionlab/visionlab/outbound/India_Ahmedabad_Mirana_AssemblyLine_004_389.mp4,564475667,2026-06-13 17:52:26
visionlab/visionlab/outbound/India_Ahmedabad_Mirana_AssemblyLine_004_390.mp4,s3://humyn-data-partners-prod/visionlab/visionlab/outbound/India_Ahmedabad_Mirana_AssemblyLine_004_390.mp4,449519484,2026-06-13 17:52:26
visionlab/visionlab/outbound/India_Ahmedabad_Mirana_AssemblyLine_004_391.mp4,s3://humyn-data-partners-prod/visionlab/visionlab/outbound/India_Ahmedabad_Mirana_AssemblyLine_004_391.mp4,553755812,2026-06-13 17:52:26
visionlab/visionlab/outbound/India_Ahmedabad_Mirana_AssemblyLine_004_392.mp4,s3://humyn-data-partners-prod/visionlab/visionlab/outbound/India_Ahmedabad_Mirana_AssemblyLine_004_392.mp4,585496719,2026-06-13 17:52:26
visionlab/visionlab/outbound/India_Ahmedabad_Mirana_AssemblyLine_004_393.mp4,s3://humyn-data-partners-prod/visionlab/visionlab/outbound/India_Ahmedabad_Mirana_AssemblyLine_004_393.mp4,699744649,2026-06-13 17:52:27
visionlab/visionlab/outbound/India_Ahmedabad_Mirana_AssemblyLine_004_394.mp4,s3://humyn-data-partners-prod/visionlab/visionlab/outbound/India_Ahmedabad_Mirana_AssemblyLine_004_394.mp4,644455994,2026-06-13 17:52:27
visionlab/visionlab/outbound/India_Ahmedabad_Mirana_AssemblyLine_004_395.mp4,s3://humyn-data-partners-prod/visionlab/visionlab/outbound/India_Ahmedabad_Mirana_AssemblyLine_004_395.mp4,645106560,2026-06-13 17:52:27
visionlab/visionlab/outbound/India_Ahmedabad_Mirana_AssemblyLine_004_396.mp4,s3://humyn-data-partners-prod/visionlab/visionlab/outbound/India_Ahmedabad_Mirana_AssemblyLine_004_396.mp4,570643937,2026-06-13 17:52:27
visionlab/visionlab/outbound/India_Ahmedabad_Mirana_AssemblyLine_004_397.mp4,s3://humyn-data-partners-prod/visionlab/visionlab/outbound/India_Ahmedabad_Mirana_AssemblyLine_004_397.mp4,616197798,2026-06-13 17:52:27
visionlab/visionlab/outbound/India_Ahmedabad_Mirana_AssemblyLine_004_398.mp4,s3://humyn-data-partners-prod/visionlab/visionlab/outbound/India_Ahmedabad_Mirana_AssemblyLine_004_398.mp4,524380143,2026-06-13 17:52:28
visionlab/visionlab/outbound/India_Ahmedabad_Mirana_AssemblyLine_004_399.mp4,s3://humyn-data-partners-prod/visionlab/visionlab/outbound/India_Ahmedabad_Mirana_AssemblyLine_004_399.mp4,590347927,2026-06-13 17:52:29
visionlab/visionlab/outbound/India_Ahmedabad_Mirana_AssemblyLine_004_400.mp4,s3://humyn-data-partners-prod/visionlab/visionlab/outbound/India_Ahmedabad_Mirana_AssemblyLine_004_400.mp4,589734883,2026-06-13 17:52:30
visionlab/visionlab/outbound/India_Ahmedabad_Mirana_AssemblyLine_004_401.mp4,s3://humyn-data-partners-prod/visionlab/visionlab/outbound/India_Ahmedabad_Mirana_AssemblyLine_004_401.mp4,527130626,2026-06-13 17:52:31
visionlab/visionlab/outbound/India_Ahmedabad_Mirana_AssemblyLine_004_402.mp4,s3://humyn-data-partners-prod/visionlab/visionlab/outbound/India_Ahmedabad_Mirana_AssemblyLine_004_402.mp4,488946589,2026-06-13 17:52:32
visionlab/visionlab/outbound/India_Ahmedabad_Mirana_AssemblyLine_004_403.mp4,s3://humyn-data-partners-prod/visionlab/visionlab/outbound/India_Ahmedabad_Mirana_AssemblyLine_004_403.mp4,593592915,2026-06-13 17:52:32
visionlab/visionlab/outbound/India_Ahmedabad_Mirana_AssemblyLine_004_404.mp4,s3://humyn-data-partners-prod/visionlab/visionlab/outbound/India_Ahmedabad_Mirana_AssemblyLine_004_404.mp4,654698618,2026-06-13 17:52:32
visionlab/visionlab/outbound/India_Ahmedabad_Mirana_AssemblyLine_004_405.mp4,s3://humyn-data-partners-prod/visionlab/visionlab/outbound/India_Ahmedabad_Mirana_AssemblyLine_004_405.mp4,556697919,2026-06-13 17:52:33
visionlab/visionlab/outbound/India_Ahmedabad_Mirana_AssemblyLine_004_406.mp4,s3://humyn-data-partners-prod/visionlab/visionlab/outbound/India_Ahmedabad_Mirana_AssemblyLine_004_406.mp4,586273703,2026-06-13 17:52:33
visionlab/visionlab/outbound/India_Ahmedabad_Mirana_AssemblyLine_004_407.mp4,s3://humyn-data-partners-prod/visionlab/visionlab/outbound/India_Ahmedabad_Mirana_AssemblyLine_004_407.mp4,639327646,2026-06-13 17:52:33
visionlab/visionlab/outbound/India_Ahmedabad_Mirana_AssemblyLine_004_408.mp4,s3://humyn-data-partners-prod/visionlab/visionlab/outbound/India_Ahmedabad_Mirana_AssemblyLine_004_408.mp4,508832710,2026-06-13 17:52:33
visionlab/visionlab/outbound/India_Ahmedabad_Mirana_AssemblyLine_004_409.mp4,s3://humyn-data-partners-prod/visionlab/visionlab/outbound/India_Ahmedabad_Mirana_AssemblyLine_004_409.mp4,544991507,2026-06-13 17:52:33
visionlab/visionlab/outbound/India_Ahmedabad_Mirana_AssemblyLine_004_410.mp4,s3://humyn-data-partners-prod/visionlab/visionlab/outbound/India_Ahmedabad_Mirana_AssemblyLine_004_410.mp4,519713844,2026-06-13 17:52:33
visionlab/visionlab/outbound/India_Ahmedabad_Mirana_AssemblyLine_004_411.mp4,s3://humyn-data-partners-prod/visionlab/visionlab/outbound/India_Ahmedabad_Mirana_AssemblyLine_004_411.mp4,585656086,2026-06-13 17:52:33
visionlab/visionlab/outbound/India_Ahmedabad_Mirana_AssemblyLine_004_412.mp4,s3://humyn-data-partners-prod/visionlab/visionlab/outbound/India_Ahmedabad_Mirana_AssemblyLine_004_412.mp4,619193823,2026-06-13 17:52:34
visionlab/visionlab/outbound/India_Ahmedabad_Mirana_AssemblyLine_004_413.mp4,s3://humyn-data-partners-prod/visionlab/visionlab/outbound/India_Ahmedabad_Mirana_AssemblyLine_004_413.mp4,557921576,2026-06-13 17:52:35
visionlab/visionlab/outbound/India_Ahmedabad_Mirana_AssemblyLine_004_414.mp4,s3://humyn-data-partners-prod/visionlab/visionlab/outbound/India_Ahmedabad_Mirana_AssemblyLine_004_414.mp4,589984369,2026-06-13 17:52:35
visionlab/visionlab/outbound/India_Ahmedabad_Mirana_AssemblyLine_004_415.mp4,s3://humyn-data-partners-prod/visionlab/visionlab/outbound/India_Ahmedabad_Mirana_AssemblyLine_004_415.mp4,666027838,2026-06-13 17:52:35
visionlab/visionlab/outbound/India_Ahmedabad_Mirana_AssemblyLine_004_416.mp4,s3://humyn-data-partners-prod/visionlab/visionlab/outbound/India_Ahmedabad_Mirana_AssemblyLine_004_416.mp4,603801676,2026-06-13 17:52:36
visionlab/visionlab/outbound/India_Ahmedabad_Mirana_AssemblyLine_004_417.mp4,s3://humyn-data-partners-prod/visionlab/visionlab/outbound/India_Ahmedabad_Mirana_AssemblyLine_004_417.mp4,640601142,2026-06-13 17:52:37
visionlab/visionlab/outbound/India_Ahmedabad_Mirana_AssemblyLine_004_418.mp4,s3://humyn-data-partners-prod/visionlab/visionlab/outbound/India_Ahmedabad_Mirana_AssemblyLine_004_418.mp4,650711582,2026-06-13 17:52:37
visionlab/visionlab/outbound/India_Ahmedabad_Mirana_AssemblyLine_004_419.mp4,s3://humyn-data-partners-prod/visionlab/visionlab/outbound/India_Ahmedabad_Mirana_AssemblyLine_004_419.mp4,473598964,2026-06-13 17:52:37
visionlab/visionlab/outbound/India_Ahmedabad_Mirana_AssemblyLine_004_420.mp4,s3://humyn-data-partners-prod/visionlab/visionlab/outbound/India_Ahmedabad_Mirana_AssemblyLine_004_420.mp4,646671009,2026-06-13 17:52:37
visionlab/visionlab/outbound/India_Ahmedabad_Mirana_AssemblyLine_004_421.mp4,s3://humyn-data-partners-prod/visionlab/visionlab/outbound/India_Ahmedabad_Mirana_AssemblyLine_004_421.mp4,610350482,2026-06-13 17:52:38
visionlab/visionlab/outbound/India_Ahmedabad_Mirana_AssemblyLine_004_422.mp4,s3://humyn-data-partners-prod/visionlab/visionlab/outbound/India_Ahmedabad_Mirana_AssemblyLine_004_422.mp4,563403483,2026-06-13 17:52:38
visionlab/visionlab/outbound/India_Ahmedabad_Mirana_AssemblyLine_004_423.mp4,s3://humyn-data-partners-prod/visionlab/visionlab/outbound/India_Ahmedabad_Mirana_AssemblyLine_004_423.mp4,461355829,2026-06-13 17:52:38
visionlab/visionlab/outbound/India_Ahmedabad_Mirana_AssemblyLine_004_424.mp4,s3://humyn-data-partners-prod/visionlab/visionlab/outbound/India_Ahmedabad_Mirana_AssemblyLine_004_424.mp4,627718461,2026-06-13 17:52:38
visionlab/visionlab/outbound/India_Ahmedabad_Mirana_AssemblyLine_004_425.mp4,s3://humyn-data-partners-prod/visionlab/visionlab/outbound/India_Ahmedabad_Mirana_AssemblyLine_004_425.mp4,635790392,2026-06-13 17:52:38
visionlab/visionlab/outbound/India_Ahmedabad_Mirana_AssemblyLine_004_426.mp4,s3://humyn-data-partners-prod/visionlab/visionlab/outbound/India_Ahmedabad_Mirana_AssemblyLine_004_426.mp4,586355781,2026-06-13 17:52:39
visionlab/visionlab/outbound/India_Ahmedabad_Mirana_AssemblyLine_004_427.mp4,s3://humyn-data-partners-prod/visionlab/visionlab/outbound/India_Ahmedabad_Mirana_AssemblyLine_004_427.mp4,641533282,2026-06-13 17:52:39
visionlab/visionlab/outbound/India_Ahmedabad_Mirana_AssemblyLine_004_428.mp4,s3://humyn-data-partners-prod/visionlab/visionlab/outbound/India_Ahmedabad_Mirana_AssemblyLine_004_428.mp4,637352339,2026-06-13 17:52:39
visionlab/visionlab/outbound/India_Ahmedabad_Mirana_AssemblyLine_004_429.mp4,s3://humyn-data-partners-prod/visionlab/visionlab/outbound/India_Ahmedabad_Mirana_AssemblyLine_004_429.mp4,618649409,2026-06-13 17:52:40
visionlab/visionlab/outbound/India_Ahmedabad_Mirana_AssemblyLine_004_430.mp4,s3://humyn-data-partners-prod/visionlab/visionlab/outbound/India_Ahmedabad_Mirana_AssemblyLine_004_430.mp4,606721100,2026-06-13 17:52:40
visionlab/visionlab/outbound/India_Ahmedabad_Mirana_AssemblyLine_004_431.mp4,s3://humyn-data-partners-prod/visionlab/visionlab/outbound/India_Ahmedabad_Mirana_AssemblyLine_004_431.mp4,632002364,2026-06-13 17:52:40
visionlab/visionlab/outbound/India_Ahmedabad_Mirana_AssemblyLine_004_432.mp4,s3://humyn-data-partners-prod/visionlab/visionlab/outbound/India_Ahmedabad_Mirana_AssemblyLine_004_432.mp4,612913301,2026-06-13 17:52:40
visionlab/visionlab/outbound/India_Ahmedabad_Mirana_AssemblyLine_004_433.mp4,s3://humyn-data-partners-prod/visionlab/visionlab/outbound/India_Ahmedabad_Mirana_AssemblyLine_004_433.mp4,695577017,2026-06-13 17:52:41
visionlab/visionlab/outbound/India_Ahmedabad_Mirana_AssemblyLine_004_434.mp4,s3://humyn-data-partners-prod/visionlab/visionlab/outbound/India_Ahmedabad_Mirana_AssemblyLine_004_434.mp4,663973860,2026-06-13 17:52:42
visionlab/visionlab/outbound/India_Ahmedabad_Mirana_AssemblyLine_004_435.mp4,s3://humyn-data-partners-prod/visionlab/visionlab/outbound/India_Ahmedabad_Mirana_AssemblyLine_004_435.mp4,634487100,2026-06-13 17:52:42
visionlab/visionlab/outbound/India_Ahmedabad_Mirana_AssemblyLine_004_436.mp4,s3://humyn-data-partners-prod/visionlab/visionlab/outbound/India_Ahmedabad_Mirana_AssemblyLine_004_436.mp4,620250796,2026-06-13 17:52:42
visionlab/visionlab/outbound/India_Ahmedabad_Mirana_AssemblyLine_004_437.mp4,s3://humyn-data-partners-prod/visionlab/visionlab/outbound/India_Ahmedabad_Mirana_AssemblyLine_004_437.mp4,646589837,2026-06-13 17:52:42
visionlab/visionlab/outbound/India_Ahmedabad_Mirana_AssemblyLine_004_438.mp4,s3://humyn-data-partners-prod/visionlab/visionlab/outbound/India_Ahmedabad_Mirana_AssemblyLine_004_438.mp4,231039343,2026-06-13 17:52:42
visionlab/visionlab/outbound/India_Ahmedabad_Mirana_AssemblyLine_004_439.mp4,s3://humyn-data-partners-prod/visionlab/visionlab/outbound/India_Ahmedabad_Mirana_AssemblyLine_004_439.mp4,361352452,2026-06-13 17:52:43
visionlab/visionlab/outbound/India_Ahmedabad_Mirana_AssemblyLine_004_440.mp4,s3://humyn-data-partners-prod/visionlab/visionlab/outbound/India_Ahmedabad_Mirana_AssemblyLine_004_440.mp4,423993079,2026-06-13 17:52:43
visionlab/visionlab/outbound/India_Ahmedabad_Mirana_AssemblyLine_004_441.mp4,s3://humyn-data-partners-prod/visionlab/visionlab/outbound/India_Ahmedabad_Mirana_AssemblyLine_004_441.mp4,639227186,2026-06-13 17:52:43
visionlab/visionlab/outbound/India_Ahmedabad_Mirana_AssemblyLine_004_442.mp4,s3://humyn-data-partners-prod/visionlab/visionlab/outbound/India_Ahmedabad_Mirana_AssemblyLine_004_442.mp4,508335465,2026-06-13 17:52:44
visionlab/visionlab/outbound/India_Ahmedabad_Mirana_AssemblyLine_004_443.mp4,s3://humyn-data-partners-prod/visionlab/visionlab/outbound/India_Ahmedabad_Mirana_AssemblyLine_004_443.mp4,517412721,2026-06-13 17:52:44
visionlab/visionlab/outbound/India_Ahmedabad_Mirana_AssemblyLine_004_444.mp4,s3://humyn-data-partners-prod/visionlab/visionlab/outbound/India_Ahmedabad_Mirana_AssemblyLine_004_444.mp4,551105442,2026-06-13 17:52:44
visionlab/visionlab/outbound/India_Ahmedabad_Mirana_AssemblyLine_004_445.mp4,s3://humyn-data-partners-prod/visionlab/visionlab/outbound/India_Ahmedabad_Mirana_AssemblyLine_004_445.mp4,488871537,2026-06-13 17:52:45
visionlab/visionlab/outbound/India_Ahmedabad_Mirana_AssemblyLine_004_446.mp4,s3://humyn-data-partners-prod/visionlab/visionlab/outbound/India_Ahmedabad_Mirana_AssemblyLine_004_446.mp4,660247080,2026-06-13 17:52:45
visionlab/visionlab/outbound/India_Ahmedabad_Mirana_AssemblyLine_004_447.mp4,s3://humyn-data-partners-prod/visionlab/visionlab/outbound/India_Ahmedabad_Mirana_AssemblyLine_004_447.mp4,568336514,2026-06-13 17:52:46
visionlab/visionlab/outbound/India_Ahmedabad_Mirana_AssemblyLine_004_448.mp4,s3://humyn-data-partners-prod/visionlab/visionlab/outbound/India_Ahmedabad_Mirana_AssemblyLine_004_448.mp4,505269486,2026-06-13 17:52:46
visionlab/visionlab/outbound/India_Ahmedabad_Mirana_AssemblyLine_004_449.mp4,s3://humyn-data-partners-prod/visionlab/visionlab/outbound/India_Ahmedabad_Mirana_AssemblyLine_004_449.mp4,681630277,2026-06-13 17:52:47
visionlab/visionlab/outbound/India_Ahmedabad_Mirana_AssemblyLine_004_450.mp4,s3://humyn-data-partners-prod/visionlab/visionlab/outbound/India_Ahmedabad_Mirana_AssemblyLine_004_450.mp4,984309199,2026-06-13 17:52:48
visionlab/visionlab/outbound/India_Ahmedabad_Mirana_AssemblyLine_004_451.mp4,s3://humyn-data-partners-prod/visionlab/visionlab/outbound/India_Ahmedabad_Mirana_AssemblyLine_004_451.mp4,607627333,2026-06-13 17:52:48
visionlab/visionlab/outbound/India_Ahmedabad_Mirana_AssemblyLine_004_452.mp4,s3://humyn-data-partners-prod/visionlab/visionlab/outbound/India_Ahmedabad_Mirana_AssemblyLine_004_452.mp4,602798308,2026-06-13 17:52:48
visionlab/visionlab/outbound/India_Ahmedabad_Mirana_AssemblyLine_004_453.mp4,s3://humyn-data-partners-prod/visionlab/visionlab/outbound/India_Ahmedabad_Mirana_AssemblyLine_004_453.mp4,650847573,2026-06-13 17:52:48
visionlab/visionlab/outbound/India_Ahmedabad_Mirana_AssemblyLine_004_454.mp4,s3://humyn-data-partners-prod/visionlab/visionlab/outbound/India_Ahmedabad_Mirana_AssemblyLine_004_454.mp4,666488635,2026-06-13 17:52:48
visionlab/visionlab/outbound/India_Ahmedabad_Mirana_AssemblyLine_004_455.mp4,s3://humyn-data-partners-prod/visionlab/visionlab/outbound/India_Ahmedabad_Mirana_AssemblyLine_004_455.mp4,650515082,2026-06-13 17:52:48
visionlab/visionlab/outbound/India_Ahmedabad_Mirana_AssemblyLine_004_456.mp4,s3://humyn-data-partners-prod/visionlab/visionlab/outbound/India_Ahmedabad_Mirana_AssemblyLine_004_456.mp4,595827615,2026-06-13 17:52:50
visionlab/visionlab/outbound/India_Ahmedabad_Mirana_AssemblyLine_004_457.mp4,s3://humyn-data-partners-prod/visionlab/visionlab/outbound/India_Ahmedabad_Mirana_AssemblyLine_004_457.mp4,584581259,2026-06-13 17:52:51
visionlab/visionlab/outbound/India_Ahmedabad_Mirana_AssemblyLine_004_458.mp4,s3://humyn-data-partners-prod/visionlab/visionlab/outbound/India_Ahmedabad_Mirana_AssemblyLine_004_458.mp4,461469120,2026-06-13 17:52:51
visionlab/visionlab/outbound/India_Ahmedabad_Mirana_AssemblyLine_004_459.mp4,s3://humyn-data-partners-prod/visionlab/visionlab/outbound/India_Ahmedabad_Mirana_AssemblyLine_004_459.mp4,527247504,2026-06-13 17:52:51
visionlab/visionlab/outbound/India_Ahmedabad_Mirana_AssemblyLine_004_460.mp4,s3://humyn-data-partners-prod/visionlab/visionlab/outbound/India_Ahmedabad_Mirana_AssemblyLine_004_460.mp4,374788977,2026-06-13 17:52:51
visionlab/visionlab/outbound/India_Ahmedabad_Mirana_AssemblyLine_004_461.mp4,s3://humyn-data-partners-prod/visionlab/visionlab/outbound/India_Ahmedabad_Mirana_AssemblyLine_004_461.mp4,357914636,2026-06-13 17:52:51
visionlab/visionlab/outbound/India_Ahmedabad_Mirana_AssemblyLine_004_462.mp4,s3://humyn-data-partners-prod/visionlab/visionlab/outbound/India_Ahmedabad_Mirana_AssemblyLine_004_462.mp4,659340903,2026-06-13 17:52:51
visionlab/visionlab/outbound/India_Ahmedabad_Mirana_AssemblyLine_004_463.mp4,s3://humyn-data-partners-prod/visionlab/visionlab/outbound/India_Ahmedabad_Mirana_AssemblyLine_004_463.mp4,678022307,2026-06-13 17:52:51
visionlab/visionlab/outbound/India_Ahmedabad_Mirana_AssemblyLine_004_464.mp4,s3://humyn-data-partners-prod/visionlab/visionlab/outbound/India_Ahmedabad_Mirana_AssemblyLine_004_464.mp4,617080072,2026-06-13 17:52:52
visionlab/visionlab/outbound/India_Ahmedabad_Mirana_AssemblyLine_004_465.mp4,s3://humyn-data-partners-prod/visionlab/visionlab/outbound/India_Ahmedabad_Mirana_AssemblyLine_004_465.mp4,503154639,2026-06-13 17:52:52
visionlab/visionlab/outbound/India_Ahmedabad_Mirana_AssemblyLine_004_466.mp4,s3://humyn-data-partners-prod/visionlab/visionlab/outbound/India_Ahmedabad_Mirana_AssemblyLine_004_466.mp4,496209493,2026-06-13 17:52:52
visionlab/visionlab/outbound/India_Ahmedabad_Mirana_AssemblyLine_004_467.mp4,s3://humyn-data-partners-prod/visionlab/visionlab/outbound/India_Ahmedabad_Mirana_AssemblyLine_004_467.mp4,653370321,2026-06-13 17:52:53
visionlab/visionlab/outbound/India_Ahmedabad_Mirana_AssemblyLine_004_468.mp4,s3://humyn-data-partners-prod/visionlab/visionlab/outbound/India_Ahmedabad_Mirana_AssemblyLine_004_468.mp4,550447804,2026-06-13 17:52:53
visionlab/visionlab/outbound/India_Ahmedabad_Mirana_AssemblyLine_004_469.mp4,s3://humyn-data-partners-prod/visionlab/visionlab/outbound/India_Ahmedabad_Mirana_AssemblyLine_004_469.mp4,669933890,2026-06-13 17:52:53
visionlab/visionlab/outbound/India_Ahmedabad_Mirana_AssemblyLine_004_470.mp4,s3://humyn-data-partners-prod/visionlab/visionlab/outbound/India_Ahmedabad_Mirana_AssemblyLine_004_470.mp4,654268328,2026-06-13 17:52:54
visionlab/visionlab/outbound/India_Ahmedabad_Mirana_AssemblyLine_004_471.mp4,s3://humyn-data-partners-prod/visionlab/visionlab/outbound/India_Ahmedabad_Mirana_AssemblyLine_004_471.mp4,464508100,2026-06-13 17:52:55
visionlab/visionlab/outbound/India_Ahmedabad_Mirana_AssemblyLine_004_472.mp4,s3://humyn-data-partners-prod/visionlab/visionlab/outbound/India_Ahmedabad_Mirana_AssemblyLine_004_472.mp4,437011214,2026-06-13 17:52:55
visionlab/visionlab/outbound/India_Ahmedabad_Mirana_AssemblyLine_004_473.mp4,s3://humyn-data-partners-prod/visionlab/visionlab/outbound/India_Ahmedabad_Mirana_AssemblyLine_004_473.mp4,704511526,2026-06-13 17:52:56
visionlab/visionlab/outbound/India_Ahmedabad_Mirana_AssemblyLine_004_474.mp4,s3://humyn-data-partners-prod/visionlab/visionlab/outbound/India_Ahmedabad_Mirana_AssemblyLine_004_474.mp4,565899261,2026-06-13 17:52:56
visionlab/visionlab/outbound/India_Ahmedabad_Mirana_AssemblyLine_004_475.mp4,s3://humyn-data-partners-prod/visionlab/visionlab/outbound/India_Ahmedabad_Mirana_AssemblyLine_004_475.mp4,542794323,2026-06-13 17:52:56
visionlab/visionlab/outbound/India_Ahmedabad_Mirana_AssemblyLine_004_476.mp4,s3://humyn-data-partners-prod/visionlab/visionlab/outbound/India_Ahmedabad_Mirana_AssemblyLine_004_476.mp4,594405270,2026-06-13 17:52:56
visionlab/visionlab/outbound/India_Ahmedabad_Mirana_AssemblyLine_004_477.mp4,s3://humyn-data-partners-prod/visionlab/visionlab/outbound/India_Ahmedabad_Mirana_AssemblyLine_004_477.mp4,465007162,2026-06-13 17:52:57
visionlab/visionlab/outbound/India_Ahmedabad_Mirana_AssemblyLine_004_478.mp4,s3://humyn-data-partners-prod/visionlab/visionlab/outbound/India_Ahmedabad_Mirana_AssemblyLine_004_478.mp4,458302661,2026-06-13 17:52:57
visionlab/visionlab/outbound/India_Ahmedabad_Mirana_AssemblyLine_004_479.mp4,s3://humyn-data-partners-prod/visionlab/visionlab/outbound/India_Ahmedabad_Mirana_AssemblyLine_004_479.mp4,533374362,2026-06-13 17:52:58
visionlab/visionlab/outbound/India_Ahmedabad_Mirana_AssemblyLine_004_480.mp4,s3://humyn-data-partners-prod/visionlab/visionlab/outbound/India_Ahmedabad_Mirana_AssemblyLine_004_480.mp4,523855561,2026-06-13 17:52:58
visionlab/visionlab/outbound/India_Ahmedabad_Mirana_AssemblyLine_004_481.mp4,s3://humyn-data-partners-prod/visionlab/visionlab/outbound/India_Ahmedabad_Mirana_AssemblyLine_004_481.mp4,711607624,2026-06-13 17:52:58
visionlab/visionlab/outbound/India_Ahmedabad_Mirana_AssemblyLine_004_482.mp4,s3://humyn-data-partners-prod/visionlab/visionlab/outbound/India_Ahmedabad_Mirana_AssemblyLine_004_482.mp4,631279867,2026-06-13 17:52:59
visionlab/visionlab/outbound/India_Ahmedabad_Mirana_AssemblyLine_004_483.mp4,s3://humyn-data-partners-prod/visionlab/visionlab/outbound/India_Ahmedabad_Mirana_AssemblyLine_004_483.mp4,471539169,2026-06-13 17:52:59
visionlab/visionlab/outbound/India_Ahmedabad_Mirana_AssemblyLine_004_484.mp4,s3://humyn-data-partners-prod/visionlab/visionlab/outbound/India_Ahmedabad_Mirana_AssemblyLine_004_484.mp4,500518153,2026-06-13 17:53:01
visionlab/visionlab/outbound/India_Ahmedabad_Mirana_AssemblyLine_004_485.mp4,s3://humyn-data-partners-prod/visionlab/visionlab/outbound/India_Ahmedabad_Mirana_AssemblyLine_004_485.mp4,550959149,2026-06-13 17:53:01
visionlab/visionlab/outbound/India_Ahmedabad_Mirana_AssemblyLine_004_486.mp4,s3://humyn-data-partners-prod/visionlab/visionlab/outbound/India_Ahmedabad_Mirana_AssemblyLine_004_486.mp4,580710941,2026-06-13 17:53:01
visionlab/visionlab/outbound/India_Ahmedabad_Mirana_AssemblyLine_004_487.mp4,s3://humyn-data-partners-prod/visionlab/visionlab/outbound/India_Ahmedabad_Mirana_AssemblyLine_004_487.mp4,640631326,2026-06-13 17:53:01
visionlab/visionlab/outbound/India_Ahmedabad_Mirana_AssemblyLine_004_488.mp4,s3://humyn-data-partners-prod/visionlab/visionlab/outbound/India_Ahmedabad_Mirana_AssemblyLine_004_488.mp4,584964816,2026-06-13 17:53:01
visionlab/visionlab/outbound/India_Ahmedabad_Mirana_AssemblyLine_004_489.mp4,s3://humyn-data-partners-prod/visionlab/visionlab/outbound/India_Ahmedabad_Mirana_AssemblyLine_004_489.mp4,445970492,2026-06-13 17:53:01
visionlab/visionlab/outbound/India_Ahmedabad_Mirana_AssemblyLine_004_490.mp4,s3://humyn-data-partners-prod/visionlab/visionlab/outbound/India_Ahmedabad_Mirana_AssemblyLine_004_490.mp4,545702294,2026-06-13 17:53:02
visionlab/visionlab/outbound/India_Ahmedabad_Mirana_AssemblyLine_004_491.mp4,s3://humyn-data-partners-prod/visionlab/visionlab/outbound/India_Ahmedabad_Mirana_AssemblyLine_004_491.mp4,472460730,2026-06-13 17:53:02
visionlab/visionlab/outbound/India_Ahmedabad_Mirana_AssemblyLine_004_492.mp4,s3://humyn-data-partners-prod/visionlab/visionlab/outbound/India_Ahmedabad_Mirana_AssemblyLine_004_492.mp4,529220941,2026-06-13 17:53:02
visionlab/visionlab/outbound/India_Ahmedabad_Mirana_AssemblyLine_004_493.mp4,s3://humyn-data-partners-prod/visionlab/visionlab/outbound/India_Ahmedabad_Mirana_AssemblyLine_004_493.mp4,512315077,2026-06-13 17:53:02
visionlab/visionlab/outbound/India_Ahmedabad_Mirana_AssemblyLine_004_494.mp4,s3://humyn-data-partners-prod/visionlab/visionlab/outbound/India_Ahmedabad_Mirana_AssemblyLine_004_494.mp4,653865605,2026-06-13 17:53:02
visionlab/visionlab/outbound/India_Ahmedabad_Mirana_AssemblyLine_004_495.mp4,s3://humyn-data-partners-prod/visionlab/visionlab/outbound/India_Ahmedabad_Mirana_AssemblyLine_004_495.mp4,559498850,2026-06-13 17:53:03
visionlab/visionlab/outbound/India_Ahmedabad_Mirana_AssemblyLine_004_496.mp4,s3://humyn-data-partners-prod/visionlab/visionlab/outbound/India_Ahmedabad_Mirana_AssemblyLine_004_496.mp4,422262544,2026-06-13 17:53:03
visionlab/visionlab/outbound/India_Ahmedabad_Mirana_AssemblyLine_004_497.mp4,s3://humyn-data-partners-prod/visionlab/visionlab/outbound/India_Ahmedabad_Mirana_AssemblyLine_004_497.mp4,659937033,2026-06-13 17:53:03
visionlab/visionlab/outbound/India_Ahmedabad_Mirana_AssemblyLine_004_498.mp4,s3://humyn-data-partners-prod/visionlab/visionlab/outbound/India_Ahmedabad_Mirana_AssemblyLine_004_498.mp4,470629783,2026-06-13 17:53:03
visionlab/visionlab/outbound/India_Ahmedabad_Mirana_AssemblyLine_004_499.mp4,s3://humyn-data-partners-prod/visionlab/visionlab/outbound/India_Ahmedabad_Mirana_AssemblyLine_004_499.mp4,583410436,2026-06-13 17:53:03
visionlab/visionlab/outbound/India_Ahmedabad_Mirana_AssemblyLine_004_500.mp4,s3://humyn-data-partners-prod/visionlab/visionlab/outbound/India_Ahmedabad_Mirana_AssemblyLine_004_500.mp4,633602534,2026-06-13 17:53:04
visionlab/visionlab/outbound/India_Ahmedabad_Mirana_AssemblyLine_004_501.mp4,s3://humyn-data-partners-prod/visionlab/visionlab/outbound/India_Ahmedabad_Mirana_AssemblyLine_004_501.mp4,486160245,2026-06-13 17:53:04
visionlab/visionlab/outbound/India_Ahmedabad_Mirana_AssemblyLine_004_502.mp4,s3://humyn-data-partners-prod/visionlab/visionlab/outbound/India_Ahmedabad_Mirana_AssemblyLine_004_502.mp4,511090865,2026-06-13 17:53:05
visionlab/visionlab/outbound/India_Ahmedabad_Mirana_AssemblyLine_004_503.mp4,s3://humyn-data-partners-prod/visionlab/visionlab/outbound/India_Ahmedabad_Mirana_AssemblyLine_004_503.mp4,968350568,2026-06-13 17:53:05
visionlab/visionlab/outbound/India_Ahmedabad_Mirana_AssemblyLine_004_504.mp4,s3://humyn-data-partners-prod/visionlab/visionlab/outbound/India_Ahmedabad_Mirana_AssemblyLine_004_504.mp4,484957214,2026-06-13 17:53:05
visionlab/visionlab/outbound/India_Ahmedabad_Mirana_AssemblyLine_004_505.mp4,s3://humyn-data-partners-prod/visionlab/visionlab/outbound/India_Ahmedabad_Mirana_AssemblyLine_004_505.mp4,582031993,2026-06-13 17:53:05
visionlab/visionlab/outbound/India_Ahmedabad_Mirana_AssemblyLine_004_506.mp4,s3://humyn-data-partners-prod/visionlab/visionlab/outbound/India_Ahmedabad_Mirana_AssemblyLine_004_506.mp4,521745613,2026-06-13 17:53:07
visionlab/visionlab/outbound/India_Ahmedabad_Mirana_AssemblyLine_004_507.mp4,s3://humyn-data-partners-prod/visionlab/visionlab/outbound/India_Ahmedabad_Mirana_AssemblyLine_004_507.mp4,589720644,2026-06-13 17:53:07
visionlab/visionlab/outbound/India_Ahmedabad_Mirana_AssemblyLine_004_508.mp4,s3://humyn-data-partners-prod/visionlab/visionlab/outbound/India_Ahmedabad_Mirana_AssemblyLine_004_508.mp4,533784943,2026-06-13 17:53:08
visionlab/visionlab/outbound/India_Ahmedabad_Mirana_AssemblyLine_004_509.mp4,s3://humyn-data-partners-prod/visionlab/visionlab/outbound/India_Ahmedabad_Mirana_AssemblyLine_004_509.mp4,519057288,2026-06-13 17:53:08
visionlab/visionlab/outbound/India_Ahmedabad_Mirana_AssemblyLine_004_510.mp4,s3://humyn-data-partners-prod/visionlab/visionlab/outbound/India_Ahmedabad_Mirana_AssemblyLine_004_510.mp4,788009358,2026-06-13 17:53:08
visionlab/visionlab/outbound/India_Ahmedabad_Mirana_AssemblyLine_004_511.mp4,s3://humyn-data-partners-prod/visionlab/visionlab/outbound/India_Ahmedabad_Mirana_AssemblyLine_004_511.mp4,913381009,2026-06-13 17:53:08
visionlab/visionlab/outbound/India_Ahmedabad_Mirana_AssemblyLine_004_512.mp4,s3://humyn-data-partners-prod/visionlab/visionlab/outbound/India_Ahmedabad_Mirana_AssemblyLine_004_512.mp4,221564783,2026-06-13 17:53:08
visionlab/visionlab/outbound/India_Ahmedabad_Mirana_AssemblyLine_004_513.mp4,s3://humyn-data-partners-prod/visionlab/visionlab/outbound/India_Ahmedabad_Mirana_AssemblyLine_004_513.mp4,508148773,2026-06-13 17:53:09
visionlab/visionlab/outbound/India_Ahmedabad_Mirana_AssemblyLine_004_514.mp4,s3://humyn-data-partners-prod/visionlab/visionlab/outbound/India_Ahmedabad_Mirana_AssemblyLine_004_514.mp4,445822296,2026-06-13 17:53:09
visionlab/visionlab/outbound/India_Ahmedabad_Mirana_AssemblyLine_004_515.mp4,s3://humyn-data-partners-prod/visionlab/visionlab/outbound/India_Ahmedabad_Mirana_AssemblyLine_004_515.mp4,540399078,2026-06-13 17:53:10
visionlab/visionlab/outbound/India_Ahmedabad_Mirana_AssemblyLine_004_516.mp4,s3://humyn-data-partners-prod/visionlab/visionlab/outbound/India_Ahmedabad_Mirana_AssemblyLine_004_516.mp4,524315922,2026-06-13 17:53:10
visionlab/visionlab/outbound/India_Ahmedabad_Mirana_AssemblyLine_004_517.mp4,s3://humyn-data-partners-prod/visionlab/visionlab/outbound/India_Ahmedabad_Mirana_AssemblyLine_004_517.mp4,511460542,2026-06-13 17:53:10
visionlab/visionlab/outbound/India_Ahmedabad_Mirana_AssemblyLine_004_518.mp4,s3://humyn-data-partners-prod/visionlab/visionlab/outbound/India_Ahmedabad_Mirana_AssemblyLine_004_518.mp4,576375298,2026-06-13 17:53:11
visionlab/visionlab/outbound/India_Ahmedabad_Mirana_AssemblyLine_004_519.mp4,s3://humyn-data-partners-prod/visionlab/visionlab/outbound/India_Ahmedabad_Mirana_AssemblyLine_004_519.mp4,523994784,2026-06-13 17:53:11
visionlab/visionlab/outbound/India_Ahmedabad_Mirana_AssemblyLine_004_520.mp4,s3://humyn-data-partners-prod/visionlab/visionlab/outbound/India_Ahmedabad_Mirana_AssemblyLine_004_520.mp4,639152636,2026-06-13 17:53:11
visionlab/visionlab/outbound/India_Ahmedabad_Mirana_AssemblyLine_004_521.mp4,s3://humyn-data-partners-prod/visionlab/visionlab/outbound/India_Ahmedabad_Mirana_AssemblyLine_004_521.mp4,433550064,2026-06-13 17:53:11
visionlab/visionlab/outbound/India_Ahmedabad_Mirana_AssemblyLine_004_522.mp4,s3://humyn-data-partners-prod/visionlab/visionlab/outbound/India_Ahmedabad_Mirana_AssemblyLine_004_522.mp4,567235306,2026-06-13 17:53:11
visionlab/visionlab/outbound/India_Ahmedabad_Mirana_AssemblyLine_004_523.mp4,s3://humyn-data-partners-prod/visionlab/visionlab/outbound/India_Ahmedabad_Mirana_AssemblyLine_004_523.mp4,493471959,2026-06-13 17:53:11
visionlab/visionlab/outbound/India_Ahmedabad_Mirana_AssemblyLine_004_524.mp4,s3://humyn-data-partners-prod/visionlab/visionlab/outbound/India_Ahmedabad_Mirana_AssemblyLine_004_524.mp4,522277509,2026-06-13 17:53:11
visionlab/visionlab/outbound/India_Ahmedabad_Mirana_AssemblyLine_004_525.mp4,s3://humyn-data-partners-prod/visionlab/visionlab/outbound/India_Ahmedabad_Mirana_AssemblyLine_004_525.mp4,505948114,2026-06-13 17:53:12
visionlab/visionlab/outbound/India_Ahmedabad_Mirana_AssemblyLine_004_526.mp4,s3://humyn-data-partners-prod/visionlab/visionlab/outbound/India_Ahmedabad_Mirana_AssemblyLine_004_526.mp4,826867906,2026-06-13 17:53:12
visionlab/visionlab/outbound/India_Ahmedabad_Mirana_AssemblyLine_004_527.mp4,s3://humyn-data-partners-prod/visionlab/visionlab/outbound/India_Ahmedabad_Mirana_AssemblyLine_004_527.mp4,548804659,2026-06-13 17:53:13
visionlab/visionlab/outbound/India_Ahmedabad_Mirana_AssemblyLine_004_528.mp4,s3://humyn-data-partners-prod/visionlab/visionlab/outbound/India_Ahmedabad_Mirana_AssemblyLine_004_528.mp4,524357595,2026-06-13 17:53:13
visionlab/visionlab/outbound/India_Ahmedabad_Mirana_AssemblyLine_004_529.mp4,s3://humyn-data-partners-prod/visionlab/visionlab/outbound/India_Ahmedabad_Mirana_AssemblyLine_004_529.mp4,611138325,2026-06-13 17:53:13
visionlab/visionlab/outbound/India_Ahmedabad_Mirana_AssemblyLine_004_530.mp4,s3://humyn-data-partners-prod/visionlab/visionlab/outbound/India_Ahmedabad_Mirana_AssemblyLine_004_530.mp4,601175948,2026-06-13 17:53:13
visionlab/visionlab/outbound/India_Ahmedabad_Mirana_AssemblyLine_004_531.mp4,s3://humyn-data-partners-prod/visionlab/visionlab/outbound/India_Ahmedabad_Mirana_AssemblyLine_004_531.mp4,449756089,2026-06-13 17:53:13
visionlab/visionlab/outbound/India_Ahmedabad_Mirana_AssemblyLine_004_532.mp4,s3://humyn-data-partners-prod/visionlab/visionlab/outbound/India_Ahmedabad_Mirana_AssemblyLine_004_532.mp4,612261059,2026-06-13 17:53:14
visionlab/visionlab/outbound/India_Ahmedabad_Mirana_AssemblyLine_004_533.mp4,s3://humyn-data-partners-prod/visionlab/visionlab/outbound/India_Ahmedabad_Mirana_AssemblyLine_004_533.mp4,582607013,2026-06-13 17:53:14
visionlab/visionlab/outbound/India_Ahmedabad_Mirana_AssemblyLine_004_534.mp4,s3://humyn-data-partners-prod/visionlab/visionlab/outbound/India_Ahmedabad_Mirana_AssemblyLine_004_534.mp4,506436018,2026-06-13 17:53:15
visionlab/visionlab/outbound/India_Ahmedabad_Mirana_AssemblyLine_004_535.mp4,s3://humyn-data-partners-prod/visionlab/visionlab/outbound/India_Ahmedabad_Mirana_AssemblyLine_004_535.mp4,485582382,2026-06-13 17:53:15
visionlab/visionlab/outbound/India_Ahmedabad_Mirana_AssemblyLine_004_536.mp4,s3://humyn-data-partners-prod/visionlab/visionlab/outbound/India_Ahmedabad_Mirana_AssemblyLine_004_536.mp4,481686334,2026-06-13 17:53:16
visionlab/visionlab/outbound/India_Ahmedabad_Mirana_AssemblyLine_004_537.mp4,s3://humyn-data-partners-prod/visionlab/visionlab/outbound/India_Ahmedabad_Mirana_AssemblyLine_004_537.mp4,574114806,2026-06-13 17:53:17
visionlab/visionlab/outbound/India_Ahmedabad_Mirana_AssemblyLine_004_538.mp4,s3://humyn-data-partners-prod/visionlab/visionlab/outbound/India_Ahmedabad_Mirana_AssemblyLine_004_538.mp4,581565124,2026-06-13 17:53:17
visionlab/visionlab/outbound/India_Ahmedabad_Mirana_AssemblyLine_004_539.mp4,s3://humyn-data-partners-prod/visionlab/visionlab/outbound/India_Ahmedabad_Mirana_AssemblyLine_004_539.mp4,637015144,2026-06-13 17:53:18
visionlab/visionlab/outbound/India_Ahmedabad_Mirana_AssemblyLine_004_540.mp4,s3://humyn-data-partners-prod/visionlab/visionlab/outbound/India_Ahmedabad_Mirana_AssemblyLine_004_540.mp4,650332531,2026-06-13 17:53:18
visionlab/visionlab/outbound/India_Ahmedabad_Mirana_AssemblyLine_004_541.mp4,s3://humyn-data-partners-prod/visionlab/visionlab/outbound/India_Ahmedabad_Mirana_AssemblyLine_004_541.mp4,563035574,2026-06-13 17:53:19
visionlab/visionlab/outbound/India_Ahmedabad_Mirana_AssemblyLine_004_542.mp4,s3://humyn-data-partners-prod/visionlab/visionlab/outbound/India_Ahmedabad_Mirana_AssemblyLine_004_542.mp4,542610532,2026-06-13 17:53:19
visionlab/visionlab/outbound/India_Ahmedabad_Mirana_AssemblyLine_004_543.mp4,s3://humyn-data-partners-prod/visionlab/visionlab/outbound/India_Ahmedabad_Mirana_AssemblyLine_004_543.mp4,440225665,2026-06-13 17:53:19
visionlab/visionlab/outbound/India_Ahmedabad_Mirana_AssemblyLine_004_544.mp4,s3://humyn-data-partners-prod/visionlab/visionlab/outbound/India_Ahmedabad_Mirana_AssemblyLine_004_544.mp4,602910643,2026-06-13 17:53:19
visionlab/visionlab/outbound/India_Ahmedabad_Mirana_AssemblyLine_004_545.mp4,s3://humyn-data-partners-prod/visionlab/visionlab/outbound/India_Ahmedabad_Mirana_AssemblyLine_004_545.mp4,627678747,2026-06-13 17:53:19
visionlab/visionlab/outbound/India_Ahmedabad_Mirana_AssemblyLine_004_546.mp4,s3://humyn-data-partners-prod/visionlab/visionlab/outbound/India_Ahmedabad_Mirana_AssemblyLine_004_546.mp4,346825235,2026-06-13 17:53:20
visionlab/visionlab/outbound/India_Ahmedabad_Mirana_AssemblyLine_004_547.mp4,s3://humyn-data-partners-prod/visionlab/visionlab/outbound/India_Ahmedabad_Mirana_AssemblyLine_004_547.mp4,493987899,2026-06-13 17:53:21
visionlab/visionlab/outbound/India_Ahmedabad_Mirana_AssemblyLine_004_548.mp4,s3://humyn-data-partners-prod/visionlab/visionlab/outbound/India_Ahmedabad_Mirana_AssemblyLine_004_548.mp4,624639283,2026-06-13 17:53:21
visionlab/visionlab/outbound/India_Ahmedabad_Mirana_AssemblyLine_004_549.mp4,s3://humyn-data-partners-prod/visionlab/visionlab/outbound/India_Ahmedabad_Mirana_AssemblyLine_004_549.mp4,614234109,2026-06-13 17:53:21
visionlab/visionlab/outbound/India_Ahmedabad_Mirana_AssemblyLine_004_550.mp4,s3://humyn-data-partners-prod/visionlab/visionlab/outbound/India_Ahmedabad_Mirana_AssemblyLine_004_550.mp4,506623188,2026-06-13 17:53:21
visionlab/visionlab/outbound/India_Ahmedabad_Mirana_AssemblyLine_004_551.mp4,s3://humyn-data-partners-prod/visionlab/visionlab/outbound/India_Ahmedabad_Mirana_AssemblyLine_004_551.mp4,546814804,2026-06-13 17:53:22
visionlab/visionlab/outbound/India_Ahmedabad_Mirana_AssemblyLine_004_552.mp4,s3://humyn-data-partners-prod/visionlab/visionlab/outbound/India_Ahmedabad_Mirana_AssemblyLine_004_552.mp4,597074064,2026-06-13 17:53:22
visionlab/visionlab/outbound/India_Ahmedabad_Mirana_AssemblyLine_004_553.mp4,s3://humyn-data-partners-prod/visionlab/visionlab/outbound/India_Ahmedabad_Mirana_AssemblyLine_004_553.mp4,717791608,2026-06-13 17:53:22
visionlab/visionlab/outbound/India_Ahmedabad_Mirana_AssemblyLine_004_554.mp4,s3://humyn-data-partners-prod/visionlab/visionlab/outbound/India_Ahmedabad_Mirana_AssemblyLine_004_554.mp4,475097649,2026-06-13 17:53:23
visionlab/visionlab/outbound/India_Ahmedabad_Mirana_AssemblyLine_004_555.mp4,s3://humyn-data-partners-prod/visionlab/visionlab/outbound/India_Ahmedabad_Mirana_AssemblyLine_004_555.mp4,651627986,2026-06-13 17:53:24
visionlab/visionlab/outbound/India_Ahmedabad_Mirana_AssemblyLine_004_556.mp4,s3://humyn-data-partners-prod/visionlab/visionlab/outbound/India_Ahmedabad_Mirana_AssemblyLine_004_556.mp4,587119865,2026-06-13 17:53:24
visionlab/visionlab/outbound/India_Ahmedabad_Mirana_AssemblyLine_004_557.mp4,s3://humyn-data-partners-prod/visionlab/visionlab/outbound/India_Ahmedabad_Mirana_AssemblyLine_004_557.mp4,624487904,2026-06-13 17:53:25
visionlab/visionlab/outbound/India_Ahmedabad_Mirana_AssemblyLine_004_558.mp4,s3://humyn-data-partners-prod/visionlab/visionlab/outbound/India_Ahmedabad_Mirana_AssemblyLine_004_558.mp4,574524066,2026-06-13 17:53:25
visionlab/visionlab/outbound/India_Ahmedabad_Mirana_AssemblyLine_004_559.mp4,s3://humyn-data-partners-prod/visionlab/visionlab/outbound/India_Ahmedabad_Mirana_AssemblyLine_004_559.mp4,616225404,2026-06-13 17:53:25
visionlab/visionlab/outbound/India_Ahmedabad_Mirana_AssemblyLine_004_560.mp4,s3://humyn-data-partners-prod/visionlab/visionlab/outbound/India_Ahmedabad_Mirana_AssemblyLine_004_560.mp4,539764279,2026-06-13 17:53:26
visionlab/visionlab/outbound/India_Ahmedabad_Mirana_AssemblyLine_004_561.mp4,s3://humyn-data-partners-prod/visionlab/visionlab/outbound/India_Ahmedabad_Mirana_AssemblyLine_004_561.mp4,568993714,2026-06-13 17:53:26
visionlab/visionlab/outbound/India_Ahmedabad_Mirana_AssemblyLine_004_562.mp4,s3://humyn-data-partners-prod/visionlab/visionlab/outbound/India_Ahmedabad_Mirana_AssemblyLine_004_562.mp4,498615528,2026-06-13 17:53:26
visionlab/visionlab/outbound/India_Ahmedabad_Mirana_AssemblyLine_004_563.mp4,s3://humyn-data-partners-prod/visionlab/visionlab/outbound/India_Ahmedabad_Mirana_AssemblyLine_004_563.mp4,465840666,2026-06-13 17:53:26
visionlab/visionlab/outbound/India_Ahmedabad_Mirana_AssemblyLine_004_564.mp4,s3://humyn-data-partners-prod/visionlab/visionlab/outbound/India_Ahmedabad_Mirana_AssemblyLine_004_564.mp4,498151589,2026-06-13 17:53:26
visionlab/visionlab/outbound/India_Ahmedabad_Mirana_AssemblyLine_004_565.mp4,s3://humyn-data-partners-prod/visionlab/visionlab/outbound/India_Ahmedabad_Mirana_AssemblyLine_004_565.mp4,514361239,2026-06-13 17:53:27
visionlab/visionlab/outbound/India_Ahmedabad_Mirana_AssemblyLine_004_566.mp4,s3://humyn-data-partners-prod/visionlab/visionlab/outbound/India_Ahmedabad_Mirana_AssemblyLine_004_566.mp4,544844145,2026-06-13 17:53:27
visionlab/visionlab/outbound/India_Ahmedabad_Mirana_AssemblyLine_004_567.mp4,s3://humyn-data-partners-prod/visionlab/visionlab/outbound/India_Ahmedabad_Mirana_AssemblyLine_004_567.mp4,619348569,2026-06-13 17:53:27
visionlab/visionlab/outbound/India_Ahmedabad_Mirana_AssemblyLine_004_568.mp4,s3://humyn-data-partners-prod/visionlab/visionlab/outbound/India_Ahmedabad_Mirana_AssemblyLine_004_568.mp4,600628599,2026-06-13 17:53:27
visionlab/visionlab/outbound/India_Ahmedabad_Mirana_AssemblyLine_004_569.mp4,s3://humyn-data-partners-prod/visionlab/visionlab/outbound/India_Ahmedabad_Mirana_AssemblyLine_004_569.mp4,532608614,2026-06-13 17:53:27
visionlab/visionlab/outbound/India_Ahmedabad_Mirana_AssemblyLine_004_570.mp4,s3://humyn-data-partners-prod/visionlab/visionlab/outbound/India_Ahmedabad_Mirana_AssemblyLine_004_570.mp4,527839845,2026-06-13 17:53:29
visionlab/visionlab/outbound/India_Ahmedabad_Mirana_AssemblyLine_004_571.mp4,s3://humyn-data-partners-prod/visionlab/visionlab/outbound/India_Ahmedabad_Mirana_AssemblyLine_004_571.mp4,527722776,2026-06-13 17:53:29
visionlab/visionlab/outbound/India_Ahmedabad_Mirana_AssemblyLine_004_572.mp4,s3://humyn-data-partners-prod/visionlab/visionlab/outbound/India_Ahmedabad_Mirana_AssemblyLine_004_572.mp4,509126041,2026-06-13 17:53:30
visionlab/visionlab/outbound/India_Ahmedabad_Mirana_AssemblyLine_004_573.mp4,s3://humyn-data-partners-prod/visionlab/visionlab/outbound/India_Ahmedabad_Mirana_AssemblyLine_004_573.mp4,516389820,2026-06-13 17:53:30
visionlab/visionlab/outbound/India_Ahmedabad_Mirana_AssemblyLine_004_574.mp4,s3://humyn-data-partners-prod/visionlab/visionlab/outbound/India_Ahmedabad_Mirana_AssemblyLine_004_574.mp4,656673576,2026-06-13 17:53:30
visionlab/visionlab/outbound/India_Ahmedabad_Mirana_AssemblyLine_004_575.mp4,s3://humyn-data-partners-prod/visionlab/visionlab/outbound/India_Ahmedabad_Mirana_AssemblyLine_004_575.mp4,634769999,2026-06-13 17:53:31
visionlab/visionlab/outbound/India_Ahmedabad_Mirana_AssemblyLine_004_576.mp4,s3://humyn-data-partners-prod/visionlab/visionlab/outbound/India_Ahmedabad_Mirana_AssemblyLine_004_576.mp4,599383811,2026-06-13 17:53:31
visionlab/visionlab/outbound/India_Ahmedabad_Mirana_AssemblyLine_004_577.mp4,s3://humyn-data-partners-prod/visionlab/visionlab/outbound/India_Ahmedabad_Mirana_AssemblyLine_004_577.mp4,704957469,2026-06-13 17:53:31
visionlab/visionlab/outbound/India_Ahmedabad_Mirana_AssemblyLine_004_578.mp4,s3://humyn-data-partners-prod/visionlab/visionlab/outbound/India_Ahmedabad_Mirana_AssemblyLine_004_578.mp4,614262936,2026-06-13 17:53:32
visionlab/visionlab/outbound/India_Ahmedabad_Mirana_AssemblyLine_004_579.mp4,s3://humyn-data-partners-prod/visionlab/visionlab/outbound/India_Ahmedabad_Mirana_AssemblyLine_004_579.mp4,617767415,2026-06-13 17:53:32
visionlab/visionlab/outbound/India_Ahmedabad_Mirana_AssemblyLine_004_580.mp4,s3://humyn-data-partners-prod/visionlab/visionlab/outbound/India_Ahmedabad_Mirana_AssemblyLine_004_580.mp4,618344830,2026-06-13 17:53:32
visionlab/visionlab/outbound/India_Ahmedabad_Mirana_AssemblyLine_004_581.mp4,s3://humyn-data-partners-prod/visionlab/visionlab/outbound/India_Ahmedabad_Mirana_AssemblyLine_004_581.mp4,663284424,2026-06-13 17:53:33
visionlab/visionlab/outbound/India_Ahmedabad_Mirana_AssemblyLine_004_582.mp4,s3://humyn-data-partners-prod/visionlab/visionlab/outbound/India_Ahmedabad_Mirana_AssemblyLine_004_582.mp4,553457438,2026-06-13 17:53:33
visionlab/visionlab/outbound/India_Ahmedabad_Mirana_AssemblyLine_004_583.mp4,s3://humyn-data-partners-prod/visionlab/visionlab/outbound/India_Ahmedabad_Mirana_AssemblyLine_004_583.mp4,668370727,2026-06-13 17:53:33
visionlab/visionlab/outbound/India_Ahmedabad_Mirana_AssemblyLine_004_584.mp4,s3://humyn-data-partners-prod/visionlab/visionlab/outbound/India_Ahmedabad_Mirana_AssemblyLine_004_584.mp4,630542185,2026-06-13 17:53:33
visionlab/visionlab/outbound/India_Ahmedabad_Mirana_AssemblyLine_004_585.mp4,s3://humyn-data-partners-prod/visionlab/visionlab/outbound/India_Ahmedabad_Mirana_AssemblyLine_004_585.mp4,660540211,2026-06-13 17:53:35
visionlab/visionlab/outbound/India_Ahmedabad_Mirana_AssemblyLine_004_586.mp4,s3://humyn-data-partners-prod/visionlab/visionlab/outbound/India_Ahmedabad_Mirana_AssemblyLine_004_586.mp4,482135483,2026-06-13 17:53:35
visionlab/visionlab/outbound/India_Ahmedabad_Mirana_AssemblyLine_004_587.mp4,s3://humyn-data-partners-prod/visionlab/visionlab/outbound/India_Ahmedabad_Mirana_AssemblyLine_004_587.mp4,610846517,2026-06-13 17:53:35
visionlab/visionlab/outbound/India_Ahmedabad_Mirana_AssemblyLine_004_588.mp4,s3://humyn-data-partners-prod/visionlab/visionlab/outbound/India_Ahmedabad_Mirana_AssemblyLine_004_588.mp4,535528391,2026-06-13 17:53:36
visionlab/visionlab/outbound/India_Ahmedabad_Mirana_AssemblyLine_004_589.mp4,s3://humyn-data-partners-prod/visionlab/visionlab/outbound/India_Ahmedabad_Mirana_AssemblyLine_004_589.mp4,520074080,2026-06-13 17:53:36
visionlab/visionlab/outbound/India_Ahmedabad_Mirana_AssemblyLine_004_590.mp4,s3://humyn-data-partners-prod/visionlab/visionlab/outbound/India_Ahmedabad_Mirana_AssemblyLine_004_590.mp4,567043812,2026-06-13 17:53:36
visionlab/visionlab/outbound/India_Ahmedabad_Mirana_AssemblyLine_004_591.mp4,s3://humyn-data-partners-prod/visionlab/visionlab/outbound/India_Ahmedabad_Mirana_AssemblyLine_004_591.mp4,525657926,2026-06-13 17:53:37
visionlab/visionlab/outbound/India_Ahmedabad_Mirana_AssemblyLine_004_592.mp4,s3://humyn-data-partners-prod/visionlab/visionlab/outbound/India_Ahmedabad_Mirana_AssemblyLine_004_592.mp4,582365749,2026-06-13 17:53:37
visionlab/visionlab/outbound/India_Ahmedabad_Mirana_AssemblyLine_004_593.mp4,s3://humyn-data-partners-prod/visionlab/visionlab/outbound/India_Ahmedabad_Mirana_AssemblyLine_004_593.mp4,548127936,2026-06-13 17:53:37
visionlab/visionlab/outbound/India_Ahmedabad_Mirana_AssemblyLine_004_594.mp4,s3://humyn-data-partners-prod/visionlab/visionlab/outbound/India_Ahmedabad_Mirana_AssemblyLine_004_594.mp4,598775280,2026-06-13 17:53:37
visionlab/visionlab/outbound/India_Ahmedabad_Mirana_AssemblyLine_004_595.mp4,s3://humyn-data-partners-prod/visionlab/visionlab/outbound/India_Ahmedabad_Mirana_AssemblyLine_004_595.mp4,643037996,2026-06-13 17:53:37
visionlab/visionlab/outbound/India_Ahmedabad_Mirana_AssemblyLine_004_596.mp4,s3://humyn-data-partners-prod/visionlab/visionlab/outbound/India_Ahmedabad_Mirana_AssemblyLine_004_596.mp4,592190275,2026-06-13 17:53:37
visionlab/visionlab/outbound/India_Ahmedabad_Mirana_AssemblyLine_004_597.mp4,s3://humyn-data-partners-prod/visionlab/visionlab/outbound/India_Ahmedabad_Mirana_AssemblyLine_004_597.mp4,492902078,2026-06-13 17:53:37
visionlab/visionlab/outbound/India_Ahmedabad_Mirana_AssemblyLine_004_598.mp4,s3://humyn-data-partners-prod/visionlab/visionlab/outbound/India_Ahmedabad_Mirana_AssemblyLine_004_598.mp4,598505880,2026-06-13 17:53:38
visionlab/visionlab/outbound/India_Ahmedabad_Mirana_AssemblyLine_004_599.mp4,s3://humyn-data-partners-prod/visionlab/visionlab/outbound/India_Ahmedabad_Mirana_AssemblyLine_004_599.mp4,553554030,2026-06-13 17:53:38
visionlab/visionlab/outbound/India_Ahmedabad_Mirana_AssemblyLine_004_600.mp4,s3://humyn-data-partners-prod/visionlab/visionlab/outbound/India_Ahmedabad_Mirana_AssemblyLine_004_600.mp4,458732892,2026-06-13 17:53:38
visionlab/visionlab/outbound/India_Ahmedabad_Mirana_AssemblyLine_004_601.mp4,s3://humyn-data-partners-prod/visionlab/visionlab/outbound/India_Ahmedabad_Mirana_AssemblyLine_004_601.mp4,521890205,2026-06-13 17:53:38
visionlab/visionlab/outbound/India_Ahmedabad_Mirana_AssemblyLine_004_602.mp4,s3://humyn-data-partners-prod/visionlab/visionlab/outbound/India_Ahmedabad_Mirana_AssemblyLine_004_602.mp4,524409460,2026-06-13 17:53:38
visionlab/visionlab/outbound/India_Ahmedabad_Mirana_AssemblyLine_004_603.mp4,s3://humyn-data-partners-prod/visionlab/visionlab/outbound/India_Ahmedabad_Mirana_AssemblyLine_004_603.mp4,405746196,2026-06-13 17:53:38
visionlab/visionlab/outbound/India_Ahmedabad_Mirana_AssemblyLine_004_604.mp4,s3://humyn-data-partners-prod/visionlab/visionlab/outbound/India_Ahmedabad_Mirana_AssemblyLine_004_604.mp4,903527496,2026-06-13 17:53:39
visionlab/visionlab/outbound/India_Ahmedabad_Mirana_AssemblyLine_004_605.mp4,s3://humyn-data-partners-prod/visionlab/visionlab/outbound/India_Ahmedabad_Mirana_AssemblyLine_004_605.mp4,934502149,2026-06-13 17:53:40
visionlab/visionlab/outbound/India_Ahmedabad_Mirana_AssemblyLine_004_606.mp4,s3://humyn-data-partners-prod/visionlab/visionlab/outbound/India_Ahmedabad_Mirana_AssemblyLine_004_606.mp4,639399314,2026-06-13 17:53:42
visionlab/visionlab/outbound/India_Ahmedabad_Mirana_AssemblyLine_004_607.mp4,s3://humyn-data-partners-prod/visionlab/visionlab/outbound/India_Ahmedabad_Mirana_AssemblyLine_004_607.mp4,571719238,2026-06-13 17:53:42
visionlab/visionlab/outbound/India_Ahmedabad_Mirana_AssemblyLine_004_608.mp4,s3://humyn-data-partners-prod/visionlab/visionlab/outbound/India_Ahmedabad_Mirana_AssemblyLine_004_608.mp4,513392573,2026-06-13 17:53:42
visionlab/visionlab/outbound/India_Ahmedabad_Mirana_AssemblyLine_004_609.mp4,s3://humyn-data-partners-prod/visionlab/visionlab/outbound/India_Ahmedabad_Mirana_AssemblyLine_004_609.mp4,577109304,2026-06-13 17:53:43
visionlab/visionlab/outbound/India_Ahmedabad_Mirana_AssemblyLine_004_610.mp4,s3://humyn-data-partners-prod/visionlab/visionlab/outbound/India_Ahmedabad_Mirana_AssemblyLine_004_610.mp4,989815938,2026-06-13 17:53:43
visionlab/visionlab/outbound/India_Ahmedabad_Mirana_AssemblyLine_004_611.mp4,s3://humyn-data-partners-prod/visionlab/visionlab/outbound/India_Ahmedabad_Mirana_AssemblyLine_004_611.mp4,583473252,2026-06-13 17:53:43
visionlab/visionlab/outbound/India_Ahmedabad_Mirana_AssemblyLine_004_612.mp4,s3://humyn-data-partners-prod/visionlab/visionlab/outbound/India_Ahmedabad_Mirana_AssemblyLine_004_612.mp4,650293331,2026-06-13 17:53:43
visionlab/visionlab/outbound/India_Ahmedabad_Mirana_AssemblyLine_004_613.mp4,s3://humyn-data-partners-prod/visionlab/visionlab/outbound/India_Ahmedabad_Mirana_AssemblyLine_004_613.mp4,550933969,2026-06-13 17:53:43
visionlab/visionlab/outbound/India_Ahmedabad_Mirana_AssemblyLine_004_614.mp4,s3://humyn-data-partners-prod/visionlab/visionlab/outbound/India_Ahmedabad_Mirana_AssemblyLine_004_614.mp4,625254521,2026-06-13 17:53:44
visionlab/visionlab/outbound/India_Ahmedabad_Mirana_AssemblyLine_004_615.mp4,s3://humyn-data-partners-prod/visionlab/visionlab/outbound/India_Ahmedabad_Mirana_AssemblyLine_004_615.mp4,475715991,2026-06-13 17:53:44
visionlab/visionlab/outbound/India_Ahmedabad_Mirana_AssemblyLine_004_616.mp4,s3://humyn-data-partners-prod/visionlab/visionlab/outbound/India_Ahmedabad_Mirana_AssemblyLine_004_616.mp4,400170238,2026-06-13 17:53:45
visionlab/visionlab/outbound/India_Ahmedabad_Mirana_AssemblyLine_004_617.mp4,s3://humyn-data-partners-prod/visionlab/visionlab/outbound/India_Ahmedabad_Mirana_AssemblyLine_004_617.mp4,504621331,2026-06-13 17:53:45
visionlab/visionlab/outbound/India_Ahmedabad_Mirana_AssemblyLine_004_618.mp4,s3://humyn-data-partners-prod/visionlab/visionlab/outbound/India_Ahmedabad_Mirana_AssemblyLine_004_618.mp4,498735678,2026-06-13 17:53:45
visionlab/visionlab/outbound/India_Ahmedabad_Mirana_AssemblyLine_004_619.mp4,s3://humyn-data-partners-prod/visionlab/visionlab/outbound/India_Ahmedabad_Mirana_AssemblyLine_004_619.mp4,551511564,2026-06-13 17:53:45
visionlab/visionlab/outbound/India_Ahmedabad_Mirana_AssemblyLine_004_620.mp4,s3://humyn-data-partners-prod/visionlab/visionlab/outbound/India_Ahmedabad_Mirana_AssemblyLine_004_620.mp4,631760353,2026-06-13 17:53:46
visionlab/visionlab/outbound/India_Ahmedabad_Mirana_AssemblyLine_004_621.mp4,s3://humyn-data-partners-prod/visionlab/visionlab/outbound/India_Ahmedabad_Mirana_AssemblyLine_004_621.mp4,359184847,2026-06-13 17:53:46
visionlab/visionlab/outbound/India_Ahmedabad_Mirana_AssemblyLine_004_622.mp4,s3://humyn-data-partners-prod/visionlab/visionlab/outbound/India_Ahmedabad_Mirana_AssemblyLine_004_622.mp4,530814456,2026-06-13 17:53:46
visionlab/visionlab/outbound/India_Ahmedabad_Mirana_AssemblyLine_004_623.mp4,s3://humyn-data-partners-prod/visionlab/visionlab/outbound/India_Ahmedabad_Mirana_AssemblyLine_004_623.mp4,543466658,2026-06-13 17:53:46
visionlab/visionlab/outbound/India_Ahmedabad_Mirana_AssemblyLine_004_624.mp4,s3://humyn-data-partners-prod/visionlab/visionlab/outbound/India_Ahmedabad_Mirana_AssemblyLine_004_624.mp4,505529684,2026-06-13 17:53:46
visionlab/visionlab/outbound/India_Ahmedabad_Mirana_AssemblyLine_004_625.mp4,s3://humyn-data-partners-prod/visionlab/visionlab/outbound/India_Ahmedabad_Mirana_AssemblyLine_004_625.mp4,571604445,2026-06-13 17:53:46
visionlab/visionlab/outbound/India_Ahmedabad_Mirana_AssemblyLine_004_626.mp4,s3://humyn-data-partners-prod/visionlab/visionlab/outbound/India_Ahmedabad_Mirana_AssemblyLine_004_626.mp4,520059942,2026-06-13 17:53:46
visionlab/visionlab/outbound/India_Ahmedabad_Mirana_AssemblyLine_004_627.mp4,s3://humyn-data-partners-prod/visionlab/visionlab/outbound/India_Ahmedabad_Mirana_AssemblyLine_004_627.mp4,644209468,2026-06-13 17:53:47
visionlab/visionlab/outbound/India_Ahmedabad_Mirana_AssemblyLine_004_628.mp4,s3://humyn-data-partners-prod/visionlab/visionlab/outbound/India_Ahmedabad_Mirana_AssemblyLine_004_628.mp4,597755251,2026-06-13 17:53:47
visionlab/visionlab/outbound/India_Ahmedabad_Mirana_AssemblyLine_004_629.mp4,s3://humyn-data-partners-prod/visionlab/visionlab/outbound/India_Ahmedabad_Mirana_AssemblyLine_004_629.mp4,532175901,2026-06-13 17:53:47
visionlab/visionlab/outbound/India_Ahmedabad_Mirana_AssemblyLine_004_630.mp4,s3://humyn-data-partners-prod/visionlab/visionlab/outbound/India_Ahmedabad_Mirana_AssemblyLine_004_630.mp4,530536789,2026-06-13 17:53:47
visionlab/visionlab/outbound/India_Ahmedabad_Mirana_AssemblyLine_004_631.mp4,s3://humyn-data-partners-prod/visionlab/visionlab/outbound/India_Ahmedabad_Mirana_AssemblyLine_004_631.mp4,263063843,2026-06-13 17:53:47
visionlab/visionlab/outbound/India_Ahmedabad_Mirana_AssemblyLine_004_632.mp4,s3://humyn-data-partners-prod/visionlab/visionlab/outbound/India_Ahmedabad_Mirana_AssemblyLine_004_632.mp4,648145555,2026-06-13 17:53:47
visionlab/visionlab/outbound/India_Ahmedabad_Mirana_AssemblyLine_004_633.mp4,s3://humyn-data-partners-prod/visionlab/visionlab/outbound/India_Ahmedabad_Mirana_AssemblyLine_004_633.mp4,668468093,2026-06-13 17:53:48
visionlab/visionlab/outbound/India_Ahmedabad_Mirana_AssemblyLine_004_634.mp4,s3://humyn-data-partners-prod/visionlab/visionlab/outbound/India_Ahmedabad_Mirana_AssemblyLine_004_634.mp4,521113308,2026-06-13 17:53:48
visionlab/visionlab/outbound/India_Ahmedabad_Mirana_AssemblyLine_004_635.mp4,s3://humyn-data-partners-prod/visionlab/visionlab/outbound/India_Ahmedabad_Mirana_AssemblyLine_004_635.mp4,613937498,2026-06-13 17:53:48
visionlab/visionlab/outbound/India_Ahmedabad_Mirana_AssemblyLine_004_636.mp4,s3://humyn-data-partners-prod/visionlab/visionlab/outbound/India_Ahmedabad_Mirana_AssemblyLine_004_636.mp4,586735395,2026-06-13 17:53:52
visionlab/visionlab/outbound/India_Ahmedabad_Mirana_AssemblyLine_004_637.mp4,s3://humyn-data-partners-prod/visionlab/visionlab/outbound/India_Ahmedabad_Mirana_AssemblyLine_004_637.mp4,501942568,2026-06-13 17:53:52
visionlab/visionlab/outbound/India_Ahmedabad_Mirana_AssemblyLine_004_638.mp4,s3://humyn-data-partners-prod/visionlab/visionlab/outbound/India_Ahmedabad_Mirana_AssemblyLine_004_638.mp4,528895812,2026-06-13 17:53:52
visionlab/visionlab/outbound/India_Ahmedabad_Mirana_AssemblyLine_004_639.mp4,s3://humyn-data-partners-prod/visionlab/visionlab/outbound/India_Ahmedabad_Mirana_AssemblyLine_004_639.mp4,481605912,2026-06-13 17:53:52
visionlab/visionlab/outbound/India_Ahmedabad_Mirana_AssemblyLine_004_640.mp4,s3://humyn-data-partners-prod/visionlab/visionlab/outbound/India_Ahmedabad_Mirana_AssemblyLine_004_640.mp4,539739854,2026-06-13 17:53:52
visionlab/visionlab/outbound/India_Ahmedabad_Mirana_AssemblyLine_004_641.mp4,s3://humyn-data-partners-prod/visionlab/visionlab/outbound/India_Ahmedabad_Mirana_AssemblyLine_004_641.mp4,550282817,2026-06-13 17:53:53
visionlab/visionlab/outbound/India_Ahmedabad_Mirana_AssemblyLine_004_642.mp4,s3://humyn-data-partners-prod/visionlab/visionlab/outbound/India_Ahmedabad_Mirana_AssemblyLine_004_642.mp4,681583664,2026-06-13 17:53:53
visionlab/visionlab/outbound/India_Ahmedabad_Mirana_AssemblyLine_004_643.mp4,s3://humyn-data-partners-prod/visionlab/visionlab/outbound/India_Ahmedabad_Mirana_AssemblyLine_004_643.mp4,643803494,2026-06-13 17:53:53
visionlab/visionlab/outbound/India_Ahmedabad_Mirana_AssemblyLine_004_644.mp4,s3://humyn-data-partners-prod/visionlab/visionlab/outbound/India_Ahmedabad_Mirana_AssemblyLine_004_644.mp4,635931577,2026-06-13 17:53:54
visionlab/visionlab/outbound/India_Ahmedabad_Mirana_AssemblyLine_004_645.mp4,s3://humyn-data-partners-prod/visionlab/visionlab/outbound/India_Ahmedabad_Mirana_AssemblyLine_004_645.mp4,586496676,2026-06-13 17:53:54
visionlab/visionlab/outbound/India_Ahmedabad_Mirana_AssemblyLine_004_646.mp4,s3://humyn-data-partners-prod/visionlab/visionlab/outbound/India_Ahmedabad_Mirana_AssemblyLine_004_646.mp4,484988937,2026-06-13 17:53:55
visionlab/visionlab/outbound/India_Ahmedabad_Mirana_AssemblyLine_004_647.mp4,s3://humyn-data-partners-prod/visionlab/visionlab/outbound/India_Ahmedabad_Mirana_AssemblyLine_004_647.mp4,613492084,2026-06-13 17:53:55
visionlab/visionlab/outbound/India_Ahmedabad_Mirana_AssemblyLine_004_648.mp4,s3://humyn-data-partners-prod/visionlab/visionlab/outbound/India_Ahmedabad_Mirana_AssemblyLine_004_648.mp4,295978729,2026-06-13 17:53:55
visionlab/visionlab/outbound/India_Ahmedabad_Mirana_AssemblyLine_004_649.mp4,s3://humyn-data-partners-prod/visionlab/visionlab/outbound/India_Ahmedabad_Mirana_AssemblyLine_004_649.mp4,292381316,2026-06-13 17:53:55
visionlab/visionlab/outbound/India_Ahmedabad_Mirana_AssemblyLine_004_650.mp4,s3://humyn-data-partners-prod/visionlab/visionlab/outbound/India_Ahmedabad_Mirana_AssemblyLine_004_650.mp4,625526943,2026-06-13 17:53:55
visionlab/visionlab/outbound/India_Ahmedabad_Mirana_AssemblyLine_004_651.mp4,s3://humyn-data-partners-prod/visionlab/visionlab/outbound/India_Ahmedabad_Mirana_AssemblyLine_004_651.mp4,703134482,2026-06-13 17:53:55
visionlab/visionlab/outbound/India_Ahmedabad_Mirana_AssemblyLine_004_652.mp4,s3://humyn-data-partners-prod/visionlab/visionlab/outbound/India_Ahmedabad_Mirana_AssemblyLine_004_652.mp4,512612681,2026-06-13 17:53:56
visionlab/visionlab/outbound/India_Ahmedabad_Mirana_AssemblyLine_004_653.mp4,s3://humyn-data-partners-prod/visionlab/visionlab/outbound/India_Ahmedabad_Mirana_AssemblyLine_004_653.mp4,550598395,2026-06-13 17:53:56
visionlab/visionlab/outbound/India_Ahmedabad_Mirana_AssemblyLine_004_654.mp4,s3://humyn-data-partners-prod/visionlab/visionlab/outbound/India_Ahmedabad_Mirana_AssemblyLine_004_654.mp4,576201011,2026-06-13 17:53:56
visionlab/visionlab/outbound/India_Ahmedabad_Mirana_AssemblyLine_004_655.mp4,s3://humyn-data-partners-prod/visionlab/visionlab/outbound/India_Ahmedabad_Mirana_AssemblyLine_004_655.mp4,596050040,2026-06-13 17:53:56
visionlab/visionlab/outbound/India_Ahmedabad_Mirana_AssemblyLine_004_656.mp4,s3://humyn-data-partners-prod/visionlab/visionlab/outbound/India_Ahmedabad_Mirana_AssemblyLine_004_656.mp4,589010683,2026-06-13 17:53:57
visionlab/visionlab/outbound/India_Ahmedabad_Mirana_AssemblyLine_004_657.mp4,s3://humyn-data-partners-prod/visionlab/visionlab/outbound/India_Ahmedabad_Mirana_AssemblyLine_004_657.mp4,969395864,2026-06-13 17:53:57
visionlab/visionlab/outbound/India_Ahmedabad_Mirana_AssemblyLine_004_658.mp4,s3://humyn-data-partners-prod/visionlab/visionlab/outbound/India_Ahmedabad_Mirana_AssemblyLine_004_658.mp4,595406225,2026-06-13 17:53:57
visionlab/visionlab/outbound/India_Ahmedabad_Mirana_AssemblyLine_004_659.mp4,s3://humyn-data-partners-prod/visionlab/visionlab/outbound/India_Ahmedabad_Mirana_AssemblyLine_004_659.mp4,575997864,2026-06-13 17:53:57
visionlab/visionlab/outbound/India_Ahmedabad_Mirana_AssemblyLine_004_660.mp4,s3://humyn-data-partners-prod/visionlab/visionlab/outbound/India_Ahmedabad_Mirana_AssemblyLine_004_660.mp4,512743170,2026-06-13 17:53:57
visionlab/visionlab/outbound/India_Ahmedabad_Mirana_AssemblyLine_004_661.mp4,s3://humyn-data-partners-prod/visionlab/visionlab/outbound/India_Ahmedabad_Mirana_AssemblyLine_004_661.mp4,442423938,2026-06-13 17:53:57
visionlab/visionlab/outbound/India_Ahmedabad_Mirana_AssemblyLine_004_662.mp4,s3://humyn-data-partners-prod/visionlab/visionlab/outbound/India_Ahmedabad_Mirana_AssemblyLine_004_662.mp4,618582970,2026-06-13 17:53:57
visionlab/visionlab/outbound/India_Ahmedabad_Mirana_AssemblyLine_004_663.mp4,s3://humyn-data-partners-prod/visionlab/visionlab/outbound/India_Ahmedabad_Mirana_AssemblyLine_004_663.mp4,579150623,2026-06-13 17:53:58
visionlab/visionlab/outbound/India_Ahmedabad_Mirana_AssemblyLine_004_664.mp4,s3://humyn-data-partners-prod/visionlab/visionlab/outbound/India_Ahmedabad_Mirana_AssemblyLine_004_664.mp4,603410415,2026-06-13 17:53:59
visionlab/visionlab/outbound/India_Ahmedabad_Mirana_AssemblyLine_004_665.mp4,s3://humyn-data-partners-prod/visionlab/visionlab/outbound/India_Ahmedabad_Mirana_AssemblyLine_004_665.mp4,262275171,2026-06-13 17:53:59
visionlab/visionlab/outbound/India_Ahmedabad_Mirana_AssemblyLine_004_666.mp4,s3://humyn-data-partners-prod/visionlab/visionlab/outbound/India_Ahmedabad_Mirana_AssemblyLine_004_666.mp4,897184640,2026-06-13 17:54:00
visionlab/visionlab/outbound/India_Ahmedabad_Mirana_AssemblyLine_004_667.mp4,s3://humyn-data-partners-prod/visionlab/visionlab/outbound/India_Ahmedabad_Mirana_AssemblyLine_004_667.mp4,663282411,2026-06-13 17:54:00
visionlab/visionlab/outbound/India_Ahmedabad_Mirana_AssemblyLine_004_668.mp4,s3://humyn-data-partners-prod/visionlab/visionlab/outbound/India_Ahmedabad_Mirana_AssemblyLine_004_668.mp4,502226644,2026-06-13 17:54:00
visionlab/visionlab/outbound/India_Ahmedabad_Mirana_AssemblyLine_004_669.mp4,s3://humyn-data-partners-prod/visionlab/visionlab/outbound/India_Ahmedabad_Mirana_AssemblyLine_004_669.mp4,506893758,2026-06-13 17:54:01
visionlab/visionlab/outbound/India_Ahmedabad_Mirana_AssemblyLine_004_670.mp4,s3://humyn-data-partners-prod/visionlab/visionlab/outbound/India_Ahmedabad_Mirana_AssemblyLine_004_670.mp4,575232527,2026-06-13 17:54:02
visionlab/visionlab/outbound/India_Ahmedabad_Mirana_AssemblyLine_004_671.mp4,s3://humyn-data-partners-prod/visionlab/visionlab/outbound/India_Ahmedabad_Mirana_AssemblyLine_004_671.mp4,629148579,2026-06-13 17:54:03
visionlab/visionlab/outbound/India_Ahmedabad_Mirana_AssemblyLine_004_672.mp4,s3://humyn-data-partners-prod/visionlab/visionlab/outbound/India_Ahmedabad_Mirana_AssemblyLine_004_672.mp4,649599233,2026-06-13 17:54:03
visionlab/visionlab/outbound/India_Ahmedabad_Mirana_AssemblyLine_004_673.mp4,s3://humyn-data-partners-prod/visionlab/visionlab/outbound/India_Ahmedabad_Mirana_AssemblyLine_004_673.mp4,551769941,2026-06-13 17:54:03
visionlab/visionlab/outbound/India_Ahmedabad_Mirana_AssemblyLine_004_674.mp4,s3://humyn-data-partners-prod/visionlab/visionlab/outbound/India_Ahmedabad_Mirana_AssemblyLine_004_674.mp4,342563843,2026-06-13 17:54:04
visionlab/visionlab/outbound/India_Ahmedabad_Mirana_AssemblyLine_004_675.mp4,s3://humyn-data-partners-prod/visionlab/visionlab/outbound/India_Ahmedabad_Mirana_AssemblyLine_004_675.mp4,507949113,2026-06-13 17:54:04
visionlab/visionlab/outbound/India_Ahmedabad_Mirana_AssemblyLine_004_676.mp4,s3://humyn-data-partners-prod/visionlab/visionlab/outbound/India_Ahmedabad_Mirana_AssemblyLine_004_676.mp4,621613823,2026-06-13 17:54:04
visionlab/visionlab/outbound/India_Ahmedabad_Mirana_AssemblyLine_004_677.mp4,s3://humyn-data-partners-prod/visionlab/visionlab/outbound/India_Ahmedabad_Mirana_AssemblyLine_004_677.mp4,539497412,2026-06-13 17:54:05
visionlab/visionlab/outbound/India_Ahmedabad_Mirana_AssemblyLine_004_678.mp4,s3://humyn-data-partners-prod/visionlab/visionlab/outbound/India_Ahmedabad_Mirana_AssemblyLine_004_678.mp4,621661386,2026-06-13 17:54:05
visionlab/visionlab/outbound/India_Ahmedabad_Mirana_AssemblyLine_004_679.mp4,s3://humyn-data-partners-prod/visionlab/visionlab/outbound/India_Ahmedabad_Mirana_AssemblyLine_004_679.mp4,481868760,2026-06-13 17:54:05
visionlab/visionlab/outbound/India_Ahmedabad_Mirana_AssemblyLine_004_680.mp4,s3://humyn-data-partners-prod/visionlab/visionlab/outbound/India_Ahmedabad_Mirana_AssemblyLine_004_680.mp4,514910627,2026-06-13 17:54:06
visionlab/visionlab/outbound/India_Ahmedabad_Mirana_AssemblyLine_004_681.mp4,s3://humyn-data-partners-prod/visionlab/visionlab/outbound/India_Ahmedabad_Mirana_AssemblyLine_004_681.mp4,544220137,2026-06-13 17:54:06
visionlab/visionlab/outbound/India_Ahmedabad_Mirana_AssemblyLine_004_682.mp4,s3://humyn-data-partners-prod/visionlab/visionlab/outbound/India_Ahmedabad_Mirana_AssemblyLine_004_682.mp4,630690257,2026-06-13 17:54:06
visionlab/visionlab/outbound/India_Ahmedabad_Mirana_AssemblyLine_004_683.mp4,s3://humyn-data-partners-prod/visionlab/visionlab/outbound/India_Ahmedabad_Mirana_AssemblyLine_004_683.mp4,595010936,2026-06-13 17:54:06
visionlab/visionlab/outbound/India_Ahmedabad_Mirana_AssemblyLine_004_684.mp4,s3://humyn-data-partners-prod/visionlab/visionlab/outbound/India_Ahmedabad_Mirana_AssemblyLine_004_684.mp4,649776777,2026-06-13 17:54:06
visionlab/visionlab/outbound/India_Ahmedabad_Mirana_AssemblyLine_004_685.mp4,s3://humyn-data-partners-prod/visionlab/visionlab/outbound/India_Ahmedabad_Mirana_AssemblyLine_004_685.mp4,598575054,2026-06-13 17:54:07
visionlab/visionlab/outbound/India_Ahmedabad_Mirana_AssemblyLine_004_686.mp4,s3://humyn-data-partners-prod/visionlab/visionlab/outbound/India_Ahmedabad_Mirana_AssemblyLine_004_686.mp4,638180560,2026-06-13 17:54:08
visionlab/visionlab/outbound/India_Ahmedabad_Mirana_AssemblyLine_004_687.mp4,s3://humyn-data-partners-prod/visionlab/visionlab/outbound/India_Ahmedabad_Mirana_AssemblyLine_004_687.mp4,627602449,2026-06-13 17:54:08
visionlab/visionlab/outbound/India_Ahmedabad_Mirana_AssemblyLine_004_688.mp4,s3://humyn-data-partners-prod/visionlab/visionlab/outbound/India_Ahmedabad_Mirana_AssemblyLine_004_688.mp4,523540085,2026-06-13 17:54:08
visionlab/visionlab/outbound/India_Ahmedabad_Mirana_AssemblyLine_004_689.mp4,s3://humyn-data-partners-prod/visionlab/visionlab/outbound/India_Ahmedabad_Mirana_AssemblyLine_004_689.mp4,553237271,2026-06-13 17:54:09
visionlab/visionlab/outbound/India_Ahmedabad_Mirana_AssemblyLine_004_690.mp4,s3://humyn-data-partners-prod/visionlab/visionlab/outbound/India_Ahmedabad_Mirana_AssemblyLine_004_690.mp4,595428276,2026-06-13 17:54:09
visionlab/visionlab/outbound/India_Ahmedabad_Mirana_AssemblyLine_004_691.mp4,s3://humyn-data-partners-prod/visionlab/visionlab/outbound/India_Ahmedabad_Mirana_AssemblyLine_004_691.mp4,638820642,2026-06-13 17:54:09
visionlab/visionlab/outbound/India_Ahmedabad_Mirana_AssemblyLine_004_692.mp4,s3://humyn-data-partners-prod/visionlab/visionlab/outbound/India_Ahmedabad_Mirana_AssemblyLine_004_692.mp4,520139784,2026-06-13 17:54:09
visionlab/visionlab/outbound/India_Ahmedabad_Mirana_AssemblyLine_004_693.mp4,s3://humyn-data-partners-prod/visionlab/visionlab/outbound/India_Ahmedabad_Mirana_AssemblyLine_004_693.mp4,605957225,2026-06-13 17:54:10
visionlab/visionlab/outbound/India_Ahmedabad_Mirana_AssemblyLine_004_694.mp4,s3://humyn-data-partners-prod/visionlab/visionlab/outbound/India_Ahmedabad_Mirana_AssemblyLine_004_694.mp4,605901671,2026-06-13 17:54:10
visionlab/visionlab/outbound/India_Ahmedabad_Mirana_AssemblyLine_004_695.mp4,s3://humyn-data-partners-prod/visionlab/visionlab/outbound/India_Ahmedabad_Mirana_AssemblyLine_004_695.mp4,770073169,2026-06-13 17:54:10
visionlab/visionlab/outbound/India_Ahmedabad_Mirana_AssemblyLine_004_696.mp4,s3://humyn-data-partners-prod/visionlab/visionlab/outbound/India_Ahmedabad_Mirana_AssemblyLine_004_696.mp4,600508113,2026-06-13 17:54:11
visionlab/visionlab/outbound/India_Ahmedabad_Mirana_AssemblyLine_004_697.mp4,s3://humyn-data-partners-prod/visionlab/visionlab/outbound/India_Ahmedabad_Mirana_AssemblyLine_004_697.mp4,696835791,2026-06-13 17:54:11
visionlab/visionlab/outbound/India_Ahmedabad_Mirana_AssemblyLine_004_698.mp4,s3://humyn-data-partners-prod/visionlab/visionlab/outbound/India_Ahmedabad_Mirana_AssemblyLine_004_698.mp4,619151990,2026-06-13 17:54:11
visionlab/visionlab/outbound/India_Ahmedabad_Mirana_AssemblyLine_004_699.mp4,s3://humyn-data-partners-prod/visionlab/visionlab/outbound/India_Ahmedabad_Mirana_AssemblyLine_004_699.mp4,484651966,2026-06-13 17:54:11
visionlab/visionlab/outbound/India_Ahmedabad_Mirana_AssemblyLine_004_700.mp4,s3://humyn-data-partners-prod/visionlab/visionlab/outbound/India_Ahmedabad_Mirana_AssemblyLine_004_700.mp4,576960816,2026-06-13 17:54:14
visionlab/visionlab/outbound/India_Ahmedabad_Mirana_AssemblyLine_004_701.mp4,s3://humyn-data-partners-prod/visionlab/visionlab/outbound/India_Ahmedabad_Mirana_AssemblyLine_004_701.mp4,576432993,2026-06-13 17:54:15
visionlab/visionlab/outbound/India_Ahmedabad_Mirana_AssemblyLine_004_702.mp4,s3://humyn-data-partners-prod/visionlab/visionlab/outbound/India_Ahmedabad_Mirana_AssemblyLine_004_702.mp4,592632128,2026-06-13 17:54:15
visionlab/visionlab/outbound/India_Ahmedabad_Mirana_AssemblyLine_004_703.mp4,s3://humyn-data-partners-prod/visionlab/visionlab/outbound/India_Ahmedabad_Mirana_AssemblyLine_004_703.mp4,483024429,2026-06-13 17:54:15
visionlab/visionlab/outbound/India_Ahmedabad_Mirana_AssemblyLine_004_704.mp4,s3://humyn-data-partners-prod/visionlab/visionlab/outbound/India_Ahmedabad_Mirana_AssemblyLine_004_704.mp4,648965433,2026-06-13 17:54:16
visionlab/visionlab/outbound/India_Ahmedabad_Mirana_AssemblyLine_004_705.mp4,s3://humyn-data-partners-prod/visionlab/visionlab/outbound/India_Ahmedabad_Mirana_AssemblyLine_004_705.mp4,682488086,2026-06-13 17:54:16
visionlab/visionlab/outbound/India_Ahmedabad_Mirana_AssemblyLine_004_706.mp4,s3://humyn-data-partners-prod/visionlab/visionlab/outbound/India_Ahmedabad_Mirana_AssemblyLine_004_706.mp4,577235732,2026-06-13 17:54:16
visionlab/visionlab/outbound/India_Ahmedabad_Mirana_AssemblyLine_004_707.mp4,s3://humyn-data-partners-prod/visionlab/visionlab/outbound/India_Ahmedabad_Mirana_AssemblyLine_004_707.mp4,537057000,2026-06-13 17:54:16
visionlab/visionlab/outbound/India_Ahmedabad_Mirana_AssemblyLine_004_708.mp4,s3://humyn-data-partners-prod/visionlab/visionlab/outbound/India_Ahmedabad_Mirana_AssemblyLine_004_708.mp4,474340053,2026-06-13 17:54:17
visionlab/visionlab/outbound/India_Ahmedabad_Mirana_AssemblyLine_004_709.mp4,s3://humyn-data-partners-prod/visionlab/visionlab/outbound/India_Ahmedabad_Mirana_AssemblyLine_004_709.mp4,540980599,2026-06-13 17:54:17
visionlab/visionlab/outbound/India_Ahmedabad_Mirana_AssemblyLine_004_710.mp4,s3://humyn-data-partners-prod/visionlab/visionlab/outbound/India_Ahmedabad_Mirana_AssemblyLine_004_710.mp4,614249364,2026-06-13 17:54:17
visionlab/visionlab/outbound/India_Ahmedabad_Mirana_AssemblyLine_004_711.mp4,s3://humyn-data-partners-prod/visionlab/visionlab/outbound/India_Ahmedabad_Mirana_AssemblyLine_004_711.mp4,601874489,2026-06-13 17:54:17
visionlab/visionlab/outbound/India_Ahmedabad_Mirana_AssemblyLine_004_712.mp4,s3://humyn-data-partners-prod/visionlab/visionlab/outbound/India_Ahmedabad_Mirana_AssemblyLine_004_712.mp4,524257373,2026-06-13 17:54:17
visionlab/visionlab/outbound/India_Ahmedabad_Mirana_AssemblyLine_004_713.mp4,s3://humyn-data-partners-prod/visionlab/visionlab/outbound/India_Ahmedabad_Mirana_AssemblyLine_004_713.mp4,468651040,2026-06-13 17:54:17
visionlab/visionlab/outbound/India_Ahmedabad_Mirana_AssemblyLine_004_714.mp4,s3://humyn-data-partners-prod/visionlab/visionlab/outbound/India_Ahmedabad_Mirana_AssemblyLine_004_714.mp4,571544696,2026-06-13 17:54:18
visionlab/visionlab/outbound/India_Ahmedabad_Mirana_AssemblyLine_004_715.mp4,s3://humyn-data-partners-prod/visionlab/visionlab/outbound/India_Ahmedabad_Mirana_AssemblyLine_004_715.mp4,550166510,2026-06-13 17:54:18
visionlab/visionlab/outbound/India_Ahmedabad_Mirana_AssemblyLine_004_716.mp4,s3://humyn-data-partners-prod/visionlab/visionlab/outbound/India_Ahmedabad_Mirana_AssemblyLine_004_716.mp4,602351780,2026-06-13 17:54:18
visionlab/visionlab/outbound/India_Ahmedabad_Mirana_AssemblyLine_004_717.mp4,s3://humyn-data-partners-prod/visionlab/visionlab/outbound/India_Ahmedabad_Mirana_AssemblyLine_004_717.mp4,515614718,2026-06-13 17:54:18
visionlab/visionlab/outbound/India_Ahmedabad_Mirana_AssemblyLine_004_718.mp4,s3://humyn-data-partners-prod/visionlab/visionlab/outbound/India_Ahmedabad_Mirana_AssemblyLine_004_718.mp4,660271673,2026-06-13 17:54:18
visionlab/visionlab/outbound/India_Ahmedabad_Mirana_AssemblyLine_004_719.mp4,s3://humyn-data-partners-prod/visionlab/visionlab/outbound/India_Ahmedabad_Mirana_AssemblyLine_004_719.mp4,617362908,2026-06-13 17:54:19
visionlab/visionlab/outbound/India_Ahmedabad_Mirana_AssemblyLine_004_720.mp4,s3://humyn-data-partners-prod/visionlab/visionlab/outbound/India_Ahmedabad_Mirana_AssemblyLine_004_720.mp4,533205211,2026-06-13 17:54:19
visionlab/visionlab/outbound/India_Ahmedabad_Mirana_AssemblyLine_004_721.mp4,s3://humyn-data-partners-prod/visionlab/visionlab/outbound/India_Ahmedabad_Mirana_AssemblyLine_004_721.mp4,622626527,2026-06-13 17:54:19
visionlab/visionlab/outbound/India_Ahmedabad_Mirana_AssemblyLine_004_722.mp4,s3://humyn-data-partners-prod/visionlab/visionlab/outbound/India_Ahmedabad_Mirana_AssemblyLine_004_722.mp4,543587798,2026-06-13 17:54:19
visionlab/visionlab/outbound/India_Ahmedabad_Mirana_AssemblyLine_004_723.mp4,s3://humyn-data-partners-prod/visionlab/visionlab/outbound/India_Ahmedabad_Mirana_AssemblyLine_004_723.mp4,569243195,2026-06-13 17:54:20
visionlab/visionlab/outbound/India_Ahmedabad_Mirana_AssemblyLine_004_724.mp4,s3://humyn-data-partners-prod/visionlab/visionlab/outbound/India_Ahmedabad_Mirana_AssemblyLine_004_724.mp4,613223963,2026-06-13 17:54:20
visionlab/visionlab/outbound/India_Ahmedabad_Mirana_AssemblyLine_004_725.mp4,s3://humyn-data-partners-prod/visionlab/visionlab/outbound/India_Ahmedabad_Mirana_AssemblyLine_004_725.mp4,553413388,2026-06-13 17:54:20
visionlab/visionlab/outbound/India_Ahmedabad_Mirana_AssemblyLine_004_726.mp4,s3://humyn-data-partners-prod/visionlab/visionlab/outbound/India_Ahmedabad_Mirana_AssemblyLine_004_726.mp4,502869523,2026-06-13 17:54:21
visionlab/visionlab/outbound/India_Ahmedabad_Mirana_AssemblyLine_004_727.mp4,s3://humyn-data-partners-prod/visionlab/visionlab/outbound/India_Ahmedabad_Mirana_AssemblyLine_004_727.mp4,667071044,2026-06-13 17:54:22
visionlab/visionlab/outbound/India_Ahmedabad_Mirana_AssemblyLine_004_728.mp4,s3://humyn-data-partners-prod/visionlab/visionlab/outbound/India_Ahmedabad_Mirana_AssemblyLine_004_728.mp4,602421832,2026-06-13 17:54:23
visionlab/visionlab/outbound/India_Ahmedabad_Mirana_AssemblyLine_004_729.mp4,s3://humyn-data-partners-prod/visionlab/visionlab/outbound/India_Ahmedabad_Mirana_AssemblyLine_004_729.mp4,622524008,2026-06-13 17:54:24
visionlab/visionlab/outbound/India_Ahmedabad_Mirana_AssemblyLine_004_730.mp4,s3://humyn-data-partners-prod/visionlab/visionlab/outbound/India_Ahmedabad_Mirana_AssemblyLine_004_730.mp4,500382974,2026-06-13 17:54:24
visionlab/visionlab/outbound/India_Ahmedabad_Mirana_AssemblyLine_004_731.mp4,s3://humyn-data-partners-prod/visionlab/visionlab/outbound/India_Ahmedabad_Mirana_AssemblyLine_004_731.mp4,535097469,2026-06-13 17:54:25
visionlab/visionlab/outbound/India_Ahmedabad_Mirana_AssemblyLine_004_732.mp4,s3://humyn-data-partners-prod/visionlab/visionlab/outbound/India_Ahmedabad_Mirana_AssemblyLine_004_732.mp4,660147816,2026-06-13 17:54:25
visionlab/visionlab/outbound/India_Ahmedabad_Mirana_AssemblyLine_004_733.mp4,s3://humyn-data-partners-prod/visionlab/visionlab/outbound/India_Ahmedabad_Mirana_AssemblyLine_004_733.mp4,638405117,2026-06-13 17:54:26
visionlab/visionlab/outbound/India_Ahmedabad_Mirana_AssemblyLine_004_734.mp4,s3://humyn-data-partners-prod/visionlab/visionlab/outbound/India_Ahmedabad_Mirana_AssemblyLine_004_734.mp4,547909460,2026-06-13 17:54:26
visionlab/visionlab/outbound/India_Ahmedabad_Mirana_AssemblyLine_004_735.mp4,s3://humyn-data-partners-prod/visionlab/visionlab/outbound/India_Ahmedabad_Mirana_AssemblyLine_004_735.mp4,425528145,2026-06-13 17:54:26
visionlab/visionlab/outbound/India_Ahmedabad_Mirana_AssemblyLine_004_736.mp4,s3://humyn-data-partners-prod/visionlab/visionlab/outbound/India_Ahmedabad_Mirana_AssemblyLine_004_736.mp4,483398250,2026-06-13 17:54:26
visionlab/visionlab/outbound/India_Ahmedabad_Mirana_AssemblyLine_004_737.mp4,s3://humyn-data-partners-prod/visionlab/visionlab/outbound/India_Ahmedabad_Mirana_AssemblyLine_004_737.mp4,982012912,2026-06-13 17:54:26
visionlab/visionlab/outbound/India_Ahmedabad_Mirana_AssemblyLine_004_738.mp4,s3://humyn-data-partners-prod/visionlab/visionlab/outbound/India_Ahmedabad_Mirana_AssemblyLine_004_738.mp4,481668886,2026-06-13 17:54:27
visionlab/visionlab/outbound/India_Ahmedabad_Mirana_AssemblyLine_004_739.mp4,s3://humyn-data-partners-prod/visionlab/visionlab/outbound/India_Ahmedabad_Mirana_AssemblyLine_004_739.mp4,733106678,2026-06-13 17:54:27
visionlab/visionlab/outbound/India_Ahmedabad_Mirana_AssemblyLine_004_740.mp4,s3://humyn-data-partners-prod/visionlab/visionlab/outbound/India_Ahmedabad_Mirana_AssemblyLine_004_740.mp4,545412245,2026-06-13 17:54:27
visionlab/visionlab/outbound/India_Ahmedabad_Mirana_AssemblyLine_004_741.mp4,s3://humyn-data-partners-prod/visionlab/visionlab/outbound/India_Ahmedabad_Mirana_AssemblyLine_004_741.mp4,611758369,2026-06-13 17:54:28
visionlab/visionlab/outbound/India_Ahmedabad_Mirana_AssemblyLine_004_742.mp4,s3://humyn-data-partners-prod/visionlab/visionlab/outbound/India_Ahmedabad_Mirana_AssemblyLine_004_742.mp4,520266898,2026-06-13 17:54:28
visionlab/visionlab/outbound/India_Ahmedabad_Mirana_AssemblyLine_004_743.mp4,s3://humyn-data-partners-prod/visionlab/visionlab/outbound/India_Ahmedabad_Mirana_AssemblyLine_004_743.mp4,314476190,2026-06-13 17:54:28
visionlab/visionlab/outbound/India_Ahmedabad_Mirana_AssemblyLine_004_744.mp4,s3://humyn-data-partners-prod/visionlab/visionlab/outbound/India_Ahmedabad_Mirana_AssemblyLine_004_744.mp4,526791351,2026-06-13 17:54:28
visionlab/visionlab/outbound/India_Ahmedabad_Mirana_AssemblyLine_004_745.mp4,s3://humyn-data-partners-prod/visionlab/visionlab/outbound/India_Ahmedabad_Mirana_AssemblyLine_004_745.mp4,506343318,2026-06-13 17:54:28
visionlab/visionlab/outbound/India_Ahmedabad_Mirana_AssemblyLine_004_746.mp4,s3://humyn-data-partners-prod/visionlab/visionlab/outbound/India_Ahmedabad_Mirana_AssemblyLine_004_746.mp4,512801600,2026-06-13 17:54:29
visionlab/visionlab/outbound/India_Ahmedabad_Mirana_AssemblyLine_004_747.mp4,s3://humyn-data-partners-prod/visionlab/visionlab/outbound/India_Ahmedabad_Mirana_AssemblyLine_004_747.mp4,608408184,2026-06-13 17:54:29
visionlab/visionlab/outbound/India_Ahmedabad_Mirana_AssemblyLine_004_748.mp4,s3://humyn-data-partners-prod/visionlab/visionlab/outbound/India_Ahmedabad_Mirana_AssemblyLine_004_748.mp4,701163112,2026-06-13 17:54:29
visionlab/visionlab/outbound/India_Ahmedabad_Mirana_AssemblyLine_004_749.mp4,s3://humyn-data-partners-prod/visionlab/visionlab/outbound/India_Ahmedabad_Mirana_AssemblyLine_004_749.mp4,523562879,2026-06-13 17:54:29
visionlab/visionlab/outbound/India_Ahmedabad_Mirana_AssemblyLine_004_750.mp4,s3://humyn-data-partners-prod/visionlab/visionlab/outbound/India_Ahmedabad_Mirana_AssemblyLine_004_750.mp4,547293888,2026-06-13 17:54:30
visionlab/visionlab/outbound/India_Ahmedabad_Mirana_AssemblyLine_004_751.mp4,s3://humyn-data-partners-prod/visionlab/visionlab/outbound/India_Ahmedabad_Mirana_AssemblyLine_004_751.mp4,522443885,2026-06-13 17:54:30
visionlab/visionlab/outbound/India_Ahmedabad_Mirana_AssemblyLine_004_752.mp4,s3://humyn-data-partners-prod/visionlab/visionlab/outbound/India_Ahmedabad_Mirana_AssemblyLine_004_752.mp4,198926250,2026-06-13 17:54:30
visionlab/visionlab/outbound/India_Ahmedabad_Mirana_AssemblyLine_004_753.mp4,s3://humyn-data-partners-prod/visionlab/visionlab/outbound/India_Ahmedabad_Mirana_AssemblyLine_004_753.mp4,876067151,2026-06-13 17:54:30
visionlab/visionlab/outbound/India_Ahmedabad_Mirana_AssemblyLine_004_754.mp4,s3://humyn-data-partners-prod/visionlab/visionlab/outbound/India_Ahmedabad_Mirana_AssemblyLine_004_754.mp4,691839410,2026-06-13 17:54:30
visionlab/visionlab/outbound/India_Ahmedabad_Mirana_AssemblyLine_004_755.mp4,s3://humyn-data-partners-prod/visionlab/visionlab/outbound/India_Ahmedabad_Mirana_AssemblyLine_004_755.mp4,567852912,2026-06-13 17:54:30
visionlab/visionlab/outbound/India_Ahmedabad_Mirana_AssemblyLine_004_756.mp4,s3://humyn-data-partners-prod/visionlab/visionlab/outbound/India_Ahmedabad_Mirana_AssemblyLine_004_756.mp4,526899679,2026-06-13 17:54:30
visionlab/visionlab/outbound/India_Ahmedabad_Mirana_AssemblyLine_004_757.mp4,s3://humyn-data-partners-prod/visionlab/visionlab/outbound/India_Ahmedabad_Mirana_AssemblyLine_004_757.mp4,644930750,2026-06-13 17:54:31
visionlab/visionlab/outbound/India_Ahmedabad_Mirana_AssemblyLine_004_758.mp4,s3://humyn-data-partners-prod/visionlab/visionlab/outbound/India_Ahmedabad_Mirana_AssemblyLine_004_758.mp4,490391593,2026-06-13 17:54:31
visionlab/visionlab/outbound/India_Ahmedabad_Mirana_AssemblyLine_004_759.mp4,s3://humyn-data-partners-prod/visionlab/visionlab/outbound/India_Ahmedabad_Mirana_AssemblyLine_004_759.mp4,432882485,2026-06-13 17:54:33
visionlab/visionlab/outbound/India_Ahmedabad_Mirana_AssemblyLine_004_760.mp4,s3://humyn-data-partners-prod/visionlab/visionlab/outbound/India_Ahmedabad_Mirana_AssemblyLine_004_760.mp4,690891548,2026-06-13 17:54:34
visionlab/visionlab/outbound/India_Ahmedabad_Mirana_AssemblyLine_004_761.mp4,s3://humyn-data-partners-prod/visionlab/visionlab/outbound/India_Ahmedabad_Mirana_AssemblyLine_004_761.mp4,1465689049,2026-06-13 17:54:34
visionlab/visionlab/outbound/India_Ahmedabad_Mirana_AssemblyLine_004_762.mp4,s3://humyn-data-partners-prod/visionlab/visionlab/outbound/India_Ahmedabad_Mirana_AssemblyLine_004_762.mp4,669744217,2026-06-13 17:54:34
visionlab/visionlab/outbound/India_Ahmedabad_Mirana_AssemblyLine_004_763.mp4,s3://humyn-data-partners-prod/visionlab/visionlab/outbound/India_Ahmedabad_Mirana_AssemblyLine_004_763.mp4,638877581,2026-06-13 17:54:34
visionlab/visionlab/outbound/India_Ahmedabad_Mirana_AssemblyLine_004_764.mp4,s3://humyn-data-partners-prod/visionlab/visionlab/outbound/India_Ahmedabad_Mirana_AssemblyLine_004_764.mp4,563152672,2026-06-13 17:54:34
visionlab/visionlab/outbound/India_Ahmedabad_Mirana_AssemblyLine_004_765.mp4,s3://humyn-data-partners-prod/visionlab/visionlab/outbound/India_Ahmedabad_Mirana_AssemblyLine_004_765.mp4,629314771,2026-06-13 17:54:35
visionlab/visionlab/outbound/India_Ahmedabad_Mirana_AssemblyLine_004_766.mp4,s3://humyn-data-partners-prod/visionlab/visionlab/outbound/India_Ahmedabad_Mirana_AssemblyLine_004_766.mp4,637307003,2026-06-13 17:54:35
visionlab/visionlab/outbound/India_Ahmedabad_Mirana_AssemblyLine_004_767.mp4,s3://humyn-data-partners-prod/visionlab/visionlab/outbound/India_Ahmedabad_Mirana_AssemblyLine_004_767.mp4,561269047,2026-06-13 17:54:35
visionlab/visionlab/outbound/India_Ahmedabad_Mirana_AssemblyLine_004_768.mp4,s3://humyn-data-partners-prod/visionlab/visionlab/outbound/India_Ahmedabad_Mirana_AssemblyLine_004_768.mp4,703176118,2026-06-13 17:54:36
visionlab/visionlab/outbound/India_Ahmedabad_Mirana_AssemblyLine_004_769.mp4,s3://humyn-data-partners-prod/visionlab/visionlab/outbound/India_Ahmedabad_Mirana_AssemblyLine_004_769.mp4,979152303,2026-06-13 17:54:37
visionlab/visionlab/outbound/India_Ahmedabad_Mirana_AssemblyLine_004_770.mp4,s3://humyn-data-partners-prod/visionlab/visionlab/outbound/India_Ahmedabad_Mirana_AssemblyLine_004_770.mp4,296181994,2026-06-13 17:54:37
visionlab/visionlab/outbound/India_Ahmedabad_Mirana_AssemblyLine_004_771.mp4,s3://humyn-data-partners-prod/visionlab/visionlab/outbound/India_Ahmedabad_Mirana_AssemblyLine_004_771.mp4,644000742,2026-06-13 17:54:37
visionlab/visionlab/outbound/India_Ahmedabad_Mirana_AssemblyLine_004_772.mp4,s3://humyn-data-partners-prod/visionlab/visionlab/outbound/India_Ahmedabad_Mirana_AssemblyLine_004_772.mp4,582779699,2026-06-13 17:54:37
visionlab/visionlab/outbound/India_Ahmedabad_Mirana_AssemblyLine_004_773.mp4,s3://humyn-data-partners-prod/visionlab/visionlab/outbound/India_Ahmedabad_Mirana_AssemblyLine_004_773.mp4,609532949,2026-06-13 17:54:38
visionlab/visionlab/outbound/India_Ahmedabad_Mirana_AssemblyLine_004_774.mp4,s3://humyn-data-partners-prod/visionlab/visionlab/outbound/India_Ahmedabad_Mirana_AssemblyLine_004_774.mp4,573485781,2026-06-13 17:54:39
visionlab/visionlab/outbound/India_Ahmedabad_Mirana_AssemblyLine_004_775.mp4,s3://humyn-data-partners-prod/visionlab/visionlab/outbound/India_Ahmedabad_Mirana_AssemblyLine_004_775.mp4,635458917,2026-06-13 17:54:39
visionlab/visionlab/outbound/India_Ahmedabad_Mirana_AssemblyLine_004_776.mp4,s3://humyn-data-partners-prod/visionlab/visionlab/outbound/India_Ahmedabad_Mirana_AssemblyLine_004_776.mp4,593334158,2026-06-13 17:54:39
visionlab/visionlab/outbound/India_Ahmedabad_Mirana_AssemblyLine_004_777.mp4,s3://humyn-data-partners-prod/visionlab/visionlab/outbound/India_Ahmedabad_Mirana_AssemblyLine_004_777.mp4,609458809,2026-06-13 17:54:39
visionlab/visionlab/outbound/India_Ahmedabad_Mirana_AssemblyLine_004_778.mp4,s3://humyn-data-partners-prod/visionlab/visionlab/outbound/India_Ahmedabad_Mirana_AssemblyLine_004_778.mp4,642611032,2026-06-13 17:54:39
visionlab/visionlab/outbound/India_Ahmedabad_Mirana_AssemblyLine_004_779.mp4,s3://humyn-data-partners-prod/visionlab/visionlab/outbound/India_Ahmedabad_Mirana_AssemblyLine_004_779.mp4,903100182,2026-06-13 17:54:40
visionlab/visionlab/outbound/India_Ahmedabad_Mirana_AssemblyLine_004_780.mp4,s3://humyn-data-partners-prod/visionlab/visionlab/outbound/India_Ahmedabad_Mirana_AssemblyLine_004_780.mp4,673534755,2026-06-13 17:54:40
visionlab/visionlab/outbound/India_Ahmedabad_Mirana_AssemblyLine_004_781.mp4,s3://humyn-data-partners-prod/visionlab/visionlab/outbound/India_Ahmedabad_Mirana_AssemblyLine_004_781.mp4,564081636,2026-06-13 17:54:40
visionlab/visionlab/outbound/India_Ahmedabad_Mirana_AssemblyLine_004_782.mp4,s3://humyn-data-partners-prod/visionlab/visionlab/outbound/India_Ahmedabad_Mirana_AssemblyLine_004_782.mp4,527927009,2026-06-13 17:54:40
visionlab/visionlab/outbound/India_Ahmedabad_Mirana_AssemblyLine_004_783.mp4,s3://humyn-data-partners-prod/visionlab/visionlab/outbound/India_Ahmedabad_Mirana_AssemblyLine_004_783.mp4,526803767,2026-06-13 17:54:41
visionlab/visionlab/outbound/India_Ahmedabad_Mirana_AssemblyLine_004_784.mp4,s3://humyn-data-partners-prod/visionlab/visionlab/outbound/India_Ahmedabad_Mirana_AssemblyLine_004_784.mp4,649459656,2026-06-13 17:54:41
visionlab/visionlab/outbound/India_Ahmedabad_Mirana_AssemblyLine_004_785.mp4,s3://humyn-data-partners-prod/visionlab/visionlab/outbound/India_Ahmedabad_Mirana_AssemblyLine_004_785.mp4,581384459,2026-06-13 17:54:41
visionlab/visionlab/outbound/India_Ahmedabad_Mirana_AssemblyLine_004_786.mp4,s3://humyn-data-partners-prod/visionlab/visionlab/outbound/India_Ahmedabad_Mirana_AssemblyLine_004_786.mp4,504308783,2026-06-13 17:54:42
visionlab/visionlab/outbound/India_Ahmedabad_Mirana_AssemblyLine_004_787.mp4,s3://humyn-data-partners-prod/visionlab/visionlab/outbound/India_Ahmedabad_Mirana_AssemblyLine_004_787.mp4,630680875,2026-06-13 17:54:42
visionlab/visionlab/outbound/India_Ahmedabad_Mirana_AssemblyLine_004_788.mp4,s3://humyn-data-partners-prod/visionlab/visionlab/outbound/India_Ahmedabad_Mirana_AssemblyLine_004_788.mp4,550169093,2026-06-13 17:54:42
visionlab/visionlab/outbound/India_Ahmedabad_Mirana_AssemblyLine_004_789.mp4,s3://humyn-data-partners-prod/visionlab/visionlab/outbound/India_Ahmedabad_Mirana_AssemblyLine_004_789.mp4,501654911,2026-06-13 17:54:43
visionlab/visionlab/outbound/India_Ahmedabad_Mirana_AssemblyLine_004_790.mp4,s3://humyn-data-partners-prod/visionlab/visionlab/outbound/India_Ahmedabad_Mirana_AssemblyLine_004_790.mp4,597837721,2026-06-13 17:54:43
visionlab/visionlab/outbound/India_Ahmedabad_Mirana_AssemblyLine_004_791.mp4,s3://humyn-data-partners-prod/visionlab/visionlab/outbound/India_Ahmedabad_Mirana_AssemblyLine_004_791.mp4,497149749,2026-06-13 17:54:44
visionlab/visionlab/outbound/India_Ahmedabad_Mirana_AssemblyLine_004_792.mp4,s3://humyn-data-partners-prod/visionlab/visionlab/outbound/India_Ahmedabad_Mirana_AssemblyLine_004_792.mp4,516209248,2026-06-13 17:54:45
visionlab/visionlab/outbound/India_Ahmedabad_Mirana_AssemblyLine_004_793.mp4,s3://humyn-data-partners-prod/visionlab/visionlab/outbound/India_Ahmedabad_Mirana_AssemblyLine_004_793.mp4,624534515,2026-06-13 17:54:45
visionlab/visionlab/outbound/India_Ahmedabad_Mirana_AssemblyLine_004_794.mp4,s3://humyn-data-partners-prod/visionlab/visionlab/outbound/India_Ahmedabad_Mirana_AssemblyLine_004_794.mp4,571552610,2026-06-13 17:54:46
visionlab/visionlab/outbound/India_Ahmedabad_Mirana_AssemblyLine_004_795.mp4,s3://humyn-data-partners-prod/visionlab/visionlab/outbound/India_Ahmedabad_Mirana_AssemblyLine_004_795.mp4,590625543,2026-06-13 17:54:46
visionlab/visionlab/outbound/India_Ahmedabad_Mirana_AssemblyLine_004_796.mp4,s3://humyn-data-partners-prod/visionlab/visionlab/outbound/India_Ahmedabad_Mirana_AssemblyLine_004_796.mp4,418076659,2026-06-13 17:54:46
visionlab/visionlab/outbound/India_Ahmedabad_Mirana_AssemblyLine_004_797.mp4,s3://humyn-data-partners-prod/visionlab/visionlab/outbound/India_Ahmedabad_Mirana_AssemblyLine_004_797.mp4,572364420,2026-06-13 17:54:48
visionlab/visionlab/outbound/India_Ahmedabad_Mirana_AssemblyLine_004_798.mp4,s3://humyn-data-partners-prod/visionlab/visionlab/outbound/India_Ahmedabad_Mirana_AssemblyLine_004_798.mp4,516973492,2026-06-13 17:54:48
visionlab/visionlab/outbound/India_Ahmedabad_Mirana_AssemblyLine_004_799.mp4,s3://humyn-data-partners-prod/visionlab/visionlab/outbound/India_Ahmedabad_Mirana_AssemblyLine_004_799.mp4,553073454,2026-06-13 17:54:48
visionlab/visionlab/outbound/India_Ahmedabad_Mirana_AssemblyLine_004_800.mp4,s3://humyn-data-partners-prod/visionlab/visionlab/outbound/India_Ahmedabad_Mirana_AssemblyLine_004_800.mp4,632493467,2026-06-13 17:54:48
visionlab/visionlab/outbound/India_Ahmedabad_Mirana_AssemblyLine_004_801.mp4,s3://humyn-data-partners-prod/visionlab/visionlab/outbound/India_Ahmedabad_Mirana_AssemblyLine_004_801.mp4,413118637,2026-06-13 17:54:48
visionlab/visionlab/outbound/India_Ahmedabad_Mirana_AssemblyLine_004_802.mp4,s3://humyn-data-partners-prod/visionlab/visionlab/outbound/India_Ahmedabad_Mirana_AssemblyLine_004_802.mp4,649559701,2026-06-13 17:54:49
visionlab/visionlab/outbound/India_Ahmedabad_Mirana_AssemblyLine_004_803.mp4,s3://humyn-data-partners-prod/visionlab/visionlab/outbound/India_Ahmedabad_Mirana_AssemblyLine_004_803.mp4,199071492,2026-06-13 17:54:49
visionlab/visionlab/outbound/India_Ahmedabad_Mirana_AssemblyLine_004_804.mp4,s3://humyn-data-partners-prod/visionlab/visionlab/outbound/India_Ahmedabad_Mirana_AssemblyLine_004_804.mp4,664540417,2026-06-13 17:54:49
visionlab/visionlab/outbound/India_Ahmedabad_Mirana_AssemblyLine_004_805.mp4,s3://humyn-data-partners-prod/visionlab/visionlab/outbound/India_Ahmedabad_Mirana_AssemblyLine_004_805.mp4,503368635,2026-06-13 17:54:49
visionlab/visionlab/outbound/India_Ahmedabad_Mirana_AssemblyLine_004_806.mp4,s3://humyn-data-partners-prod/visionlab/visionlab/outbound/India_Ahmedabad_Mirana_AssemblyLine_004_806.mp4,432222632,2026-06-13 17:54:50
visionlab/visionlab/outbound/India_Ahmedabad_Mirana_AssemblyLine_004_807.mp4,s3://humyn-data-partners-prod/visionlab/visionlab/outbound/India_Ahmedabad_Mirana_AssemblyLine_004_807.mp4,623303517,2026-06-13 17:54:51
visionlab/visionlab/outbound/India_Ahmedabad_Mirana_AssemblyLine_004_808.mp4,s3://humyn-data-partners-prod/visionlab/visionlab/outbound/India_Ahmedabad_Mirana_AssemblyLine_004_808.mp4,514479621,2026-06-13 17:54:51
visionlab/visionlab/outbound/India_Ahmedabad_Mirana_AssemblyLine_004_809.mp4,s3://humyn-data-partners-prod/visionlab/visionlab/outbound/India_Ahmedabad_Mirana_AssemblyLine_004_809.mp4,252868012,2026-06-13 17:54:52
visionlab/visionlab/outbound/India_Ahmedabad_Mirana_AssemblyLine_004_810.mp4,s3://humyn-data-partners-prod/visionlab/visionlab/outbound/India_Ahmedabad_Mirana_AssemblyLine_004_810.mp4,625583001,2026-06-13 17:54:52
visionlab/visionlab/outbound/India_Ahmedabad_Mirana_AssemblyLine_004_811.mp4,s3://humyn-data-partners-prod/visionlab/visionlab/outbound/India_Ahmedabad_Mirana_AssemblyLine_004_811.mp4,528173035,2026-06-13 17:54:52
visionlab/visionlab/outbound/India_Ahmedabad_Mirana_AssemblyLine_004_812.mp4,s3://humyn-data-partners-prod/visionlab/visionlab/outbound/India_Ahmedabad_Mirana_AssemblyLine_004_812.mp4,494823954,2026-06-13 17:54:52
visionlab/visionlab/outbound/India_Ahmedabad_Mirana_AssemblyLine_004_813.mp4,s3://humyn-data-partners-prod/visionlab/visionlab/outbound/India_Ahmedabad_Mirana_AssemblyLine_004_813.mp4,680667618,2026-06-13 17:54:52
visionlab/visionlab/outbound/India_Ahmedabad_Mirana_AssemblyLine_004_814.mp4,s3://humyn-data-partners-prod/visionlab/visionlab/outbound/India_Ahmedabad_Mirana_AssemblyLine_004_814.mp4,620367489,2026-06-13 17:54:53
visionlab/visionlab/outbound/India_Ahmedabad_Mirana_AssemblyLine_004_815.mp4,s3://humyn-data-partners-prod/visionlab/visionlab/outbound/India_Ahmedabad_Mirana_AssemblyLine_004_815.mp4,557903787,2026-06-13 17:54:53
visionlab/visionlab/outbound/India_Ahmedabad_Mirana_AssemblyLine_004_816.mp4,s3://humyn-data-partners-prod/visionlab/visionlab/outbound/India_Ahmedabad_Mirana_AssemblyLine_004_816.mp4,589976167,2026-06-13 17:54:53
visionlab/visionlab/outbound/India_Ahmedabad_Mirana_AssemblyLine_004_817.mp4,s3://humyn-data-partners-prod/visionlab/visionlab/outbound/India_Ahmedabad_Mirana_AssemblyLine_004_817.mp4,483008161,2026-06-13 17:54:53
visionlab/visionlab/outbound/India_Ahmedabad_Mirana_AssemblyLine_004_818.mp4,s3://humyn-data-partners-prod/visionlab/visionlab/outbound/India_Ahmedabad_Mirana_AssemblyLine_004_818.mp4,506094495,2026-06-13 17:54:54
visionlab/visionlab/outbound/India_Ahmedabad_Mirana_AssemblyLine_004_819.mp4,s3://humyn-data-partners-prod/visionlab/visionlab/outbound/India_Ahmedabad_Mirana_AssemblyLine_004_819.mp4,527498697,2026-06-13 17:54:54
visionlab/visionlab/outbound/India_Ahmedabad_Mirana_AssemblyLine_004_820.mp4,s3://humyn-data-partners-prod/visionlab/visionlab/outbound/India_Ahmedabad_Mirana_AssemblyLine_004_820.mp4,515875862,2026-06-13 17:54:54
visionlab/visionlab/outbound/India_Ahmedabad_Mirana_AssemblyLine_004_821.mp4,s3://humyn-data-partners-prod/visionlab/visionlab/outbound/India_Ahmedabad_Mirana_AssemblyLine_004_821.mp4,459566609,2026-06-13 17:54:54
visionlab/visionlab/outbound/India_Ahmedabad_Mirana_AssemblyLine_004_822.mp4,s3://humyn-data-partners-prod/visionlab/visionlab/outbound/India_Ahmedabad_Mirana_AssemblyLine_004_822.mp4,442450484,2026-06-13 17:54:54
visionlab/visionlab/outbound/India_Ahmedabad_Mirana_AssemblyLine_004_823.mp4,s3://humyn-data-partners-prod/visionlab/visionlab/outbound/India_Ahmedabad_Mirana_AssemblyLine_004_823.mp4,940860601,2026-06-13 17:54:55
visionlab/visionlab/outbound/India_Ahmedabad_Mirana_AssemblyLine_004_824.mp4,s3://humyn-data-partners-prod/visionlab/visionlab/outbound/India_Ahmedabad_Mirana_AssemblyLine_004_824.mp4,575926587,2026-06-13 17:54:56
visionlab/visionlab/outbound/India_Ahmedabad_Mirana_AssemblyLine_004_825.mp4,s3://humyn-data-partners-prod/visionlab/visionlab/outbound/India_Ahmedabad_Mirana_AssemblyLine_004_825.mp4,643236415,2026-06-13 17:54:57
visionlab/visionlab/outbound/India_Ahmedabad_Mirana_AssemblyLine_004_826.mp4,s3://humyn-data-partners-prod/visionlab/visionlab/outbound/India_Ahmedabad_Mirana_AssemblyLine_004_826.mp4,527402088,2026-06-13 17:54:57
visionlab/visionlab/outbound/India_Ahmedabad_Mirana_AssemblyLine_004_827.mp4,s3://humyn-data-partners-prod/visionlab/visionlab/outbound/India_Ahmedabad_Mirana_AssemblyLine_004_827.mp4,481843555,2026-06-13 17:54:57
visionlab/visionlab/outbound/India_Ahmedabad_Mirana_AssemblyLine_004_828.mp4,s3://humyn-data-partners-prod/visionlab/visionlab/outbound/India_Ahmedabad_Mirana_AssemblyLine_004_828.mp4,613330830,2026-06-13 17:54:58
visionlab/visionlab/outbound/India_Ahmedabad_Mirana_AssemblyLine_004_829.mp4,s3://humyn-data-partners-prod/visionlab/visionlab/outbound/India_Ahmedabad_Mirana_AssemblyLine_004_829.mp4,511598933,2026-06-13 17:54:58
visionlab/visionlab/outbound/India_Ahmedabad_Mirana_AssemblyLine_004_830.mp4,s3://humyn-data-partners-prod/visionlab/visionlab/outbound/India_Ahmedabad_Mirana_AssemblyLine_004_830.mp4,526993691,2026-06-13 17:54:58
visionlab/visionlab/outbound/India_Ahmedabad_Mirana_AssemblyLine_004_831.mp4,s3://humyn-data-partners-prod/visionlab/visionlab/outbound/India_Ahmedabad_Mirana_AssemblyLine_004_831.mp4,439444136,2026-06-13 17:54:59
visionlab/visionlab/outbound/India_Ahmedabad_Mirana_AssemblyLine_004_832.mp4,s3://humyn-data-partners-prod/visionlab/visionlab/outbound/India_Ahmedabad_Mirana_AssemblyLine_004_832.mp4,524717315,2026-06-13 17:54:59
visionlab/visionlab/outbound/India_Ahmedabad_Mirana_AssemblyLine_004_833.mp4,s3://humyn-data-partners-prod/visionlab/visionlab/outbound/India_Ahmedabad_Mirana_AssemblyLine_004_833.mp4,626419627,2026-06-13 17:55:00
visionlab/visionlab/outbound/India_Ahmedabad_Mirana_AssemblyLine_004_834.mp4,s3://humyn-data-partners-prod/visionlab/visionlab/outbound/India_Ahmedabad_Mirana_AssemblyLine_004_834.mp4,548930500,2026-06-13 17:55:00
visionlab/visionlab/outbound/India_Ahmedabad_Mirana_AssemblyLine_004_835.mp4,s3://humyn-data-partners-prod/visionlab/visionlab/outbound/India_Ahmedabad_Mirana_AssemblyLine_004_835.mp4,614805780,2026-06-13 17:55:00
visionlab/visionlab/outbound/India_Ahmedabad_Mirana_AssemblyLine_004_836.mp4,s3://humyn-data-partners-prod/visionlab/visionlab/outbound/India_Ahmedabad_Mirana_AssemblyLine_004_836.mp4,632152100,2026-06-13 17:55:02
visionlab/visionlab/outbound/India_Ahmedabad_Mirana_AssemblyLine_004_837.mp4,s3://humyn-data-partners-prod/visionlab/visionlab/outbound/India_Ahmedabad_Mirana_AssemblyLine_004_837.mp4,534452247,2026-06-13 17:55:02
visionlab/visionlab/outbound/India_Ahmedabad_Mirana_AssemblyLine_004_838.mp4,s3://humyn-data-partners-prod/visionlab/visionlab/outbound/India_Ahmedabad_Mirana_AssemblyLine_004_838.mp4,557758631,2026-06-13 17:55:02
visionlab/visionlab/outbound/India_Ahmedabad_Mirana_AssemblyLine_004_839.mp4,s3://humyn-data-partners-prod/visionlab/visionlab/outbound/India_Ahmedabad_Mirana_AssemblyLine_004_839.mp4,590533165,2026-06-13 17:55:03
visionlab/visionlab/outbound/India_Ahmedabad_Mirana_AssemblyLine_004_840.mp4,s3://humyn-data-partners-prod/visionlab/visionlab/outbound/India_Ahmedabad_Mirana_AssemblyLine_004_840.mp4,451483399,2026-06-13 17:55:03
visionlab/visionlab/outbound/India_Ahmedabad_Mirana_AssemblyLine_004_841.mp4,s3://humyn-data-partners-prod/visionlab/visionlab/outbound/India_Ahmedabad_Mirana_AssemblyLine_004_841.mp4,471658655,2026-06-13 17:55:03
visionlab/visionlab/outbound/India_Ahmedabad_Mirana_AssemblyLine_004_842.mp4,s3://humyn-data-partners-prod/visionlab/visionlab/outbound/India_Ahmedabad_Mirana_AssemblyLine_004_842.mp4,523533755,2026-06-13 17:55:03
visionlab/visionlab/outbound/India_Ahmedabad_Mirana_AssemblyLine_004_843.mp4,s3://humyn-data-partners-prod/visionlab/visionlab/outbound/India_Ahmedabad_Mirana_AssemblyLine_004_843.mp4,628010134,2026-06-13 17:55:03
visionlab/visionlab/outbound/India_Ahmedabad_Mirana_AssemblyLine_004_844.mp4,s3://humyn-data-partners-prod/visionlab/visionlab/outbound/India_Ahmedabad_Mirana_AssemblyLine_004_844.mp4,602751708,2026-06-13 17:55:04
visionlab/visionlab/outbound/India_Ahmedabad_Mirana_AssemblyLine_004_845.mp4,s3://humyn-data-partners-prod/visionlab/visionlab/outbound/India_Ahmedabad_Mirana_AssemblyLine_004_845.mp4,582894502,2026-06-13 17:55:04
visionlab/visionlab/outbound/India_Ahmedabad_Mirana_AssemblyLine_004_846.mp4,s3://humyn-data-partners-prod/visionlab/visionlab/outbound/India_Ahmedabad_Mirana_AssemblyLine_004_846.mp4,713175896,2026-06-13 17:55:04
visionlab/visionlab/outbound/India_Ahmedabad_Mirana_AssemblyLine_004_847.mp4,s3://humyn-data-partners-prod/visionlab/visionlab/outbound/India_Ahmedabad_Mirana_AssemblyLine_004_847.mp4,498875811,2026-06-13 17:55:04
visionlab/visionlab/outbound/India_Ahmedabad_Mirana_AssemblyLine_004_848.mp4,s3://humyn-data-partners-prod/visionlab/visionlab/outbound/India_Ahmedabad_Mirana_AssemblyLine_004_848.mp4,948094386,2026-06-13 17:55:04
visionlab/visionlab/outbound/India_Ahmedabad_Mirana_AssemblyLine_004_849.mp4,s3://humyn-data-partners-prod/visionlab/visionlab/outbound/India_Ahmedabad_Mirana_AssemblyLine_004_849.mp4,158513746,2026-06-13 17:55:04
visionlab/visionlab/outbound/India_Ahmedabad_Mirana_AssemblyLine_004_850.mp4,s3://humyn-data-partners-prod/visionlab/visionlab/outbound/India_Ahmedabad_Mirana_AssemblyLine_004_850.mp4,552529919,2026-06-13 17:55:04
visionlab/visionlab/outbound/India_Ahmedabad_Mirana_AssemblyLine_004_851.mp4,s3://humyn-data-partners-prod/visionlab/visionlab/outbound/India_Ahmedabad_Mirana_AssemblyLine_004_851.mp4,608293289,2026-06-13 17:55:04
visionlab/visionlab/outbound/India_Ahmedabad_Mirana_AssemblyLine_004_852.mp4,s3://humyn-data-partners-prod/visionlab/visionlab/outbound/India_Ahmedabad_Mirana_AssemblyLine_004_852.mp4,639613104,2026-06-13 17:55:05
visionlab/visionlab/outbound/India_Ahmedabad_Mirana_AssemblyLine_004_853.mp4,s3://humyn-data-partners-prod/visionlab/visionlab/outbound/India_Ahmedabad_Mirana_AssemblyLine_004_853.mp4,441244222,2026-06-13 17:55:05
visionlab/visionlab/outbound/India_Ahmedabad_Mirana_AssemblyLine_004_854.mp4,s3://humyn-data-partners-prod/visionlab/visionlab/outbound/India_Ahmedabad_Mirana_AssemblyLine_004_854.mp4,669192863,2026-06-13 17:55:05
visionlab/visionlab/outbound/India_Ahmedabad_Mirana_AssemblyLine_004_855.mp4,s3://humyn-data-partners-prod/visionlab/visionlab/outbound/India_Ahmedabad_Mirana_AssemblyLine_004_855.mp4,652877027,2026-06-13 17:55:07
visionlab/visionlab/outbound/India_Ahmedabad_Mirana_AssemblyLine_004_856.mp4,s3://humyn-data-partners-prod/visionlab/visionlab/outbound/India_Ahmedabad_Mirana_AssemblyLine_004_856.mp4,589068048,2026-06-13 17:55:07
visionlab/visionlab/outbound/India_Ahmedabad_Mirana_AssemblyLine_004_857.mp4,s3://humyn-data-partners-prod/visionlab/visionlab/outbound/India_Ahmedabad_Mirana_AssemblyLine_004_857.mp4,401472426,2026-06-13 17:55:08
visionlab/visionlab/outbound/India_Ahmedabad_Mirana_AssemblyLine_004_858.mp4,s3://humyn-data-partners-prod/visionlab/visionlab/outbound/India_Ahmedabad_Mirana_AssemblyLine_004_858.mp4,1476995867,2026-06-13 17:55:08
visionlab/visionlab/outbound/India_Ahmedabad_Mirana_AssemblyLine_004_859.mp4,s3://humyn-data-partners-prod/visionlab/visionlab/outbound/India_Ahmedabad_Mirana_AssemblyLine_004_859.mp4,457601219,2026-06-13 17:55:09
visionlab/visionlab/outbound/India_Ahmedabad_Mirana_AssemblyLine_004_860.mp4,s3://humyn-data-partners-prod/visionlab/visionlab/outbound/India_Ahmedabad_Mirana_AssemblyLine_004_860.mp4,503610850,2026-06-13 17:55:09
visionlab/visionlab/outbound/India_Ahmedabad_Mirana_AssemblyLine_004_861.mp4,s3://humyn-data-partners-prod/visionlab/visionlab/outbound/India_Ahmedabad_Mirana_AssemblyLine_004_861.mp4,451677877,2026-06-13 17:55:09
visionlab/visionlab/outbound/India_Ahmedabad_Mirana_AssemblyLine_004_862.mp4,s3://humyn-data-partners-prod/visionlab/visionlab/outbound/India_Ahmedabad_Mirana_AssemblyLine_004_862.mp4,461090480,2026-06-13 17:55:10
visionlab/visionlab/outbound/India_Ahmedabad_Mirana_AssemblyLine_004_863.mp4,s3://humyn-data-partners-prod/visionlab/visionlab/outbound/India_Ahmedabad_Mirana_AssemblyLine_004_863.mp4,646860505,2026-06-13 17:55:10
visionlab/visionlab/outbound/India_Ahmedabad_Mirana_AssemblyLine_004_864.mp4,s3://humyn-data-partners-prod/visionlab/visionlab/outbound/India_Ahmedabad_Mirana_AssemblyLine_004_864.mp4,741424428,2026-06-13 17:55:11
visionlab/visionlab/outbound/India_Ahmedabad_Mirana_AssemblyLine_004_865.mp4,s3://humyn-data-partners-prod/visionlab/visionlab/outbound/India_Ahmedabad_Mirana_AssemblyLine_004_865.mp4,632970067,2026-06-13 17:55:11
visionlab/visionlab/outbound/India_Ahmedabad_Mirana_AssemblyLine_004_866.mp4,s3://humyn-data-partners-prod/visionlab/visionlab/outbound/India_Ahmedabad_Mirana_AssemblyLine_004_866.mp4,668171046,2026-06-13 17:55:11
visionlab/visionlab/outbound/India_Ahmedabad_Mirana_AssemblyLine_004_867.mp4,s3://humyn-data-partners-prod/visionlab/visionlab/outbound/India_Ahmedabad_Mirana_AssemblyLine_004_867.mp4,625859802,2026-06-13 17:55:11
visionlab/visionlab/outbound/India_Ahmedabad_Mirana_AssemblyLine_004_868.mp4,s3://humyn-data-partners-prod/visionlab/visionlab/outbound/India_Ahmedabad_Mirana_AssemblyLine_004_868.mp4,550043221,2026-06-13 17:55:11
visionlab/visionlab/outbound/India_Ahmedabad_Mirana_AssemblyLine_004_869.mp4,s3://humyn-data-partners-prod/visionlab/visionlab/outbound/India_Ahmedabad_Mirana_AssemblyLine_004_869.mp4,596991030,2026-06-13 17:55:12
visionlab/visionlab/outbound/India_Ahmedabad_Mirana_AssemblyLine_004_870.mp4,s3://humyn-data-partners-prod/visionlab/visionlab/outbound/India_Ahmedabad_Mirana_AssemblyLine_004_870.mp4,503070455,2026-06-13 17:55:12
visionlab/visionlab/outbound/India_Ahmedabad_Mirana_AssemblyLine_004_871.mp4,s3://humyn-data-partners-prod/visionlab/visionlab/outbound/India_Ahmedabad_Mirana_AssemblyLine_004_871.mp4,498985000,2026-06-13 17:55:12
visionlab/visionlab/outbound/India_Ahmedabad_Mirana_AssemblyLine_004_872.mp4,s3://humyn-data-partners-prod/visionlab/visionlab/outbound/India_Ahmedabad_Mirana_AssemblyLine_004_872.mp4,481069586,2026-06-13 17:55:13
visionlab/visionlab/outbound/India_Ahmedabad_Mirana_AssemblyLine_004_873.mp4,s3://humyn-data-partners-prod/visionlab/visionlab/outbound/India_Ahmedabad_Mirana_AssemblyLine_004_873.mp4,552065599,2026-06-13 17:55:13
visionlab/visionlab/outbound/India_Ahmedabad_Mirana_AssemblyLine_004_874.mp4,s3://humyn-data-partners-prod/visionlab/visionlab/outbound/India_Ahmedabad_Mirana_AssemblyLine_004_874.mp4,644028981,2026-06-13 17:55:13
visionlab/visionlab/outbound/India_Ahmedabad_Mirana_AssemblyLine_004_875.mp4,s3://humyn-data-partners-prod/visionlab/visionlab/outbound/India_Ahmedabad_Mirana_AssemblyLine_004_875.mp4,600954227,2026-06-13 17:55:13
visionlab/visionlab/outbound/India_Ahmedabad_Mirana_AssemblyLine_004_876.mp4,s3://humyn-data-partners-prod/visionlab/visionlab/outbound/India_Ahmedabad_Mirana_AssemblyLine_004_876.mp4,586264175,2026-06-13 17:55:13
visionlab/visionlab/outbound/India_Ahmedabad_Mirana_AssemblyLine_004_877.mp4,s3://humyn-data-partners-prod/visionlab/visionlab/outbound/India_Ahmedabad_Mirana_AssemblyLine_004_877.mp4,539570313,2026-06-13 17:55:14
visionlab/visionlab/outbound/India_Ahmedabad_Mirana_AssemblyLine_004_878.mp4,s3://humyn-data-partners-prod/visionlab/visionlab/outbound/India_Ahmedabad_Mirana_AssemblyLine_004_878.mp4,555578716,2026-06-13 17:55:14
visionlab/visionlab/outbound/India_Ahmedabad_Mirana_AssemblyLine_004_879.mp4,s3://humyn-data-partners-prod/visionlab/visionlab/outbound/India_Ahmedabad_Mirana_AssemblyLine_004_879.mp4,510303067,2026-06-13 17:55:14
visionlab/visionlab/outbound/India_Ahmedabad_Mirana_AssemblyLine_004_880.mp4,s3://humyn-data-partners-prod/visionlab/visionlab/outbound/India_Ahmedabad_Mirana_AssemblyLine_004_880.mp4,615259003,2026-06-13 17:55:14
visionlab/visionlab/outbound/India_Ahmedabad_Mirana_AssemblyLine_004_881.mp4,s3://humyn-data-partners-prod/visionlab/visionlab/outbound/India_Ahmedabad_Mirana_AssemblyLine_004_881.mp4,443480640,2026-06-13 17:55:15
visionlab/visionlab/outbound/India_Ahmedabad_Mirana_AssemblyLine_004_882.mp4,s3://humyn-data-partners-prod/visionlab/visionlab/outbound/India_Ahmedabad_Mirana_AssemblyLine_004_882.mp4,646459709,2026-06-13 17:55:16
visionlab/visionlab/outbound/India_Ahmedabad_Mirana_AssemblyLine_004_883.mp4,s3://humyn-data-partners-prod/visionlab/visionlab/outbound/India_Ahmedabad_Mirana_AssemblyLine_004_883.mp4,432269066,2026-06-13 17:55:16
visionlab/visionlab/outbound/India_Ahmedabad_Mirana_AssemblyLine_004_884.mp4,s3://humyn-data-partners-prod/visionlab/visionlab/outbound/India_Ahmedabad_Mirana_AssemblyLine_004_884.mp4,665583474,2026-06-13 17:55:17
visionlab/visionlab/outbound/India_Ahmedabad_Mirana_AssemblyLine_004_885.mp4,s3://humyn-data-partners-prod/visionlab/visionlab/outbound/India_Ahmedabad_Mirana_AssemblyLine_004_885.mp4,477790461,2026-06-13 17:55:17
visionlab/visionlab/outbound/India_Ahmedabad_Mirana_AssemblyLine_004_886.mp4,s3://humyn-data-partners-prod/visionlab/visionlab/outbound/India_Ahmedabad_Mirana_AssemblyLine_004_886.mp4,651966295,2026-06-13 17:55:17
visionlab/visionlab/outbound/India_Ahmedabad_Mirana_AssemblyLine_004_887.mp4,s3://humyn-data-partners-prod/visionlab/visionlab/outbound/India_Ahmedabad_Mirana_AssemblyLine_004_887.mp4,670496991,2026-06-13 17:55:17
visionlab/visionlab/outbound/India_Ahmedabad_Mirana_AssemblyLine_004_888.mp4,s3://humyn-data-partners-prod/visionlab/visionlab/outbound/India_Ahmedabad_Mirana_AssemblyLine_004_888.mp4,583067422,2026-06-13 17:55:18
visionlab/visionlab/outbound/India_Ahmedabad_Mirana_AssemblyLine_004_889.mp4,s3://humyn-data-partners-prod/visionlab/visionlab/outbound/India_Ahmedabad_Mirana_AssemblyLine_004_889.mp4,516403970,2026-06-13 17:55:18
visionlab/visionlab/outbound/India_Ahmedabad_Mirana_AssemblyLine_004_890.mp4,s3://humyn-data-partners-prod/visionlab/visionlab/outbound/India_Ahmedabad_Mirana_AssemblyLine_004_890.mp4,509005454,2026-06-13 17:55:18
visionlab/visionlab/outbound/India_Ahmedabad_Mirana_AssemblyLine_004_891.mp4,s3://humyn-data-partners-prod/visionlab/visionlab/outbound/India_Ahmedabad_Mirana_AssemblyLine_004_891.mp4,500536399,2026-06-13 17:55:19
visionlab/visionlab/outbound/India_Ahmedabad_Mirana_AssemblyLine_004_892.mp4,s3://humyn-data-partners-prod/visionlab/visionlab/outbound/India_Ahmedabad_Mirana_AssemblyLine_004_892.mp4,479875776,2026-06-13 17:55:20
visionlab/visionlab/outbound/India_Ahmedabad_Mirana_AssemblyLine_004_893.mp4,s3://humyn-data-partners-prod/visionlab/visionlab/outbound/India_Ahmedabad_Mirana_AssemblyLine_004_893.mp4,606467437,2026-06-13 17:55:21
visionlab/visionlab/outbound/India_Ahmedabad_Mirana_AssemblyLine_004_894.mp4,s3://humyn-data-partners-prod/visionlab/visionlab/outbound/India_Ahmedabad_Mirana_AssemblyLine_004_894.mp4,267527446,2026-06-13 17:55:21
visionlab/visionlab/outbound/India_Ahmedabad_Mirana_AssemblyLine_004_895.mp4,s3://humyn-data-partners-prod/visionlab/visionlab/outbound/India_Ahmedabad_Mirana_AssemblyLine_004_895.mp4,510481932,2026-06-13 17:55:21
visionlab/visionlab/outbound/India_Ahmedabad_Mirana_AssemblyLine_004_896.mp4,s3://humyn-data-partners-prod/visionlab/visionlab/outbound/India_Ahmedabad_Mirana_AssemblyLine_004_896.mp4,669324951,2026-06-13 17:55:21
visionlab/visionlab/outbound/India_Ahmedabad_Mirana_AssemblyLine_004_897.mp4,s3://humyn-data-partners-prod/visionlab/visionlab/outbound/India_Ahmedabad_Mirana_AssemblyLine_004_897.mp4,558373805,2026-06-13 17:55:21
visionlab/visionlab/outbound/India_Ahmedabad_Mirana_AssemblyLine_004_898.mp4,s3://humyn-data-partners-prod/visionlab/visionlab/outbound/India_Ahmedabad_Mirana_AssemblyLine_004_898.mp4,560984800,2026-06-13 17:55:21
visionlab/visionlab/outbound/India_Ahmedabad_Mirana_AssemblyLine_004_899.mp4,s3://humyn-data-partners-prod/visionlab/visionlab/outbound/India_Ahmedabad_Mirana_AssemblyLine_004_899.mp4,575608815,2026-06-13 17:55:22
visionlab/visionlab/outbound/India_Ahmedabad_Mirana_AssemblyLine_004_900.mp4,s3://humyn-data-partners-prod/visionlab/visionlab/outbound/India_Ahmedabad_Mirana_AssemblyLine_004_900.mp4,646559635,2026-06-13 17:55:22
visionlab/visionlab/outbound/India_Ahmedabad_Mirana_AssemblyLine_004_901.mp4,s3://humyn-data-partners-prod/visionlab/visionlab/outbound/India_Ahmedabad_Mirana_AssemblyLine_004_901.mp4,488340084,2026-06-13 17:55:22
visionlab/visionlab/outbound/India_Ahmedabad_Mirana_AssemblyLine_004_902.mp4,s3://humyn-data-partners-prod/visionlab/visionlab/outbound/India_Ahmedabad_Mirana_AssemblyLine_004_902.mp4,617180618,2026-06-13 17:55:22
visionlab/visionlab/outbound/India_Ahmedabad_Mirana_AssemblyLine_004_903.mp4,s3://humyn-data-partners-prod/visionlab/visionlab/outbound/India_Ahmedabad_Mirana_AssemblyLine_004_903.mp4,617258337,2026-06-13 17:55:22
visionlab/visionlab/outbound/India_Ahmedabad_Mirana_AssemblyLine_004_904.mp4,s3://humyn-data-partners-prod/visionlab/visionlab/outbound/India_Ahmedabad_Mirana_AssemblyLine_004_904.mp4,438381843,2026-06-13 17:55:23
visionlab/visionlab/outbound/India_Ahmedabad_Mirana_AssemblyLine_004_905.mp4,s3://humyn-data-partners-prod/visionlab/visionlab/outbound/India_Ahmedabad_Mirana_AssemblyLine_004_905.mp4,534055871,2026-06-13 17:55:23
visionlab/visionlab/outbound/India_Ahmedabad_Mirana_AssemblyLine_004_906.mp4,s3://humyn-data-partners-prod/visionlab/visionlab/outbound/India_Ahmedabad_Mirana_AssemblyLine_004_906.mp4,650592320,2026-06-13 17:55:23
visionlab/visionlab/outbound/India_Ahmedabad_Mirana_AssemblyLine_004_907.mp4,s3://humyn-data-partners-prod/visionlab/visionlab/outbound/India_Ahmedabad_Mirana_AssemblyLine_004_907.mp4,525775674,2026-06-13 17:55:23
visionlab/visionlab/outbound/India_Ahmedabad_Mirana_AssemblyLine_004_908.mp4,s3://humyn-data-partners-prod/visionlab/visionlab/outbound/India_Ahmedabad_Mirana_AssemblyLine_004_908.mp4,571815966,2026-06-13 17:55:24
visionlab/visionlab/outbound/India_Ahmedabad_Mirana_AssemblyLine_004_909.mp4,s3://humyn-data-partners-prod/visionlab/visionlab/outbound/India_Ahmedabad_Mirana_AssemblyLine_004_909.mp4,576232111,2026-06-13 17:55:24
visionlab/visionlab/outbound/India_Ahmedabad_Mirana_AssemblyLine_004_910.mp4,s3://humyn-data-partners-prod/visionlab/visionlab/outbound/India_Ahmedabad_Mirana_AssemblyLine_004_910.mp4,569230437,2026-06-13 17:55:24
visionlab/visionlab/outbound/India_Ahmedabad_Mirana_AssemblyLine_004_911.mp4,s3://humyn-data-partners-prod/visionlab/visionlab/outbound/India_Ahmedabad_Mirana_AssemblyLine_004_911.mp4,608307781,2026-06-13 17:55:24
visionlab/visionlab/outbound/India_Ahmedabad_Mirana_AssemblyLine_004_912.mp4,s3://humyn-data-partners-prod/visionlab/visionlab/outbound/India_Ahmedabad_Mirana_AssemblyLine_004_912.mp4,605313438,2026-06-13 17:55:24
visionlab/visionlab/outbound/India_Ahmedabad_Mirana_AssemblyLine_004_913.mp4,s3://humyn-data-partners-prod/visionlab/visionlab/outbound/India_Ahmedabad_Mirana_AssemblyLine_004_913.mp4,290640367,2026-06-13 17:55:25
visionlab/visionlab/outbound/India_Ahmedabad_Mirana_AssemblyLine_004_914.mp4,s3://humyn-data-partners-prod/visionlab/visionlab/outbound/India_Ahmedabad_Mirana_AssemblyLine_004_914.mp4,518714678,2026-06-13 17:55:25
visionlab/visionlab/outbound/India_Ahmedabad_Mirana_AssemblyLine_004_915.mp4,s3://humyn-data-partners-prod/visionlab/visionlab/outbound/India_Ahmedabad_Mirana_AssemblyLine_004_915.mp4,626913547,2026-06-13 17:55:26
visionlab/visionlab/outbound/India_Ahmedabad_Mirana_AssemblyLine_004_916.mp4,s3://humyn-data-partners-prod/visionlab/visionlab/outbound/India_Ahmedabad_Mirana_AssemblyLine_004_916.mp4,501310342,2026-06-13 17:55:27
visionlab/visionlab/outbound/India_Ahmedabad_Mirana_AssemblyLine_004_917.mp4,s3://humyn-data-partners-prod/visionlab/visionlab/outbound/India_Ahmedabad_Mirana_AssemblyLine_004_917.mp4,583434862,2026-06-13 17:55:28
visionlab/visionlab/outbound/India_Ahmedabad_Mirana_AssemblyLine_004_918.mp4,s3://humyn-data-partners-prod/visionlab/visionlab/outbound/India_Ahmedabad_Mirana_AssemblyLine_004_918.mp4,498724411,2026-06-13 17:55:28
visionlab/visionlab/outbound/India_Ahmedabad_Mirana_AssemblyLine_004_919.mp4,s3://humyn-data-partners-prod/visionlab/visionlab/outbound/India_Ahmedabad_Mirana_AssemblyLine_004_919.mp4,545017935,2026-06-13 17:55:28
visionlab/visionlab/outbound/India_Ahmedabad_Mirana_AssemblyLine_004_920.mp4,s3://humyn-data-partners-prod/visionlab/visionlab/outbound/India_Ahmedabad_Mirana_AssemblyLine_004_920.mp4,471424576,2026-06-13 17:55:28
visionlab/visionlab/outbound/India_Ahmedabad_Mirana_AssemblyLine_004_921.mp4,s3://humyn-data-partners-prod/visionlab/visionlab/outbound/India_Ahmedabad_Mirana_AssemblyLine_004_921.mp4,551573302,2026-06-13 17:55:29
visionlab/visionlab/outbound/India_Ahmedabad_Mirana_AssemblyLine_004_922.mp4,s3://humyn-data-partners-prod/visionlab/visionlab/outbound/India_Ahmedabad_Mirana_AssemblyLine_004_922.mp4,567308996,2026-06-13 17:55:29
visionlab/visionlab/outbound/India_Ahmedabad_Mirana_AssemblyLine_004_923.mp4,s3://humyn-data-partners-prod/visionlab/visionlab/outbound/India_Ahmedabad_Mirana_AssemblyLine_004_923.mp4,578669452,2026-06-13 17:55:29
visionlab/visionlab/outbound/India_Ahmedabad_Mirana_AssemblyLine_004_924.mp4,s3://humyn-data-partners-prod/visionlab/visionlab/outbound/India_Ahmedabad_Mirana_AssemblyLine_004_924.mp4,598932779,2026-06-13 17:55:29
visionlab/visionlab/outbound/India_Ahmedabad_Mirana_AssemblyLine_004_925.mp4,s3://humyn-data-partners-prod/visionlab/visionlab/outbound/India_Ahmedabad_Mirana_AssemblyLine_004_925.mp4,567401105,2026-06-13 17:55:30
visionlab/visionlab/outbound/India_Ahmedabad_Mirana_AssemblyLine_004_926.mp4,s3://humyn-data-partners-prod/visionlab/visionlab/outbound/India_Ahmedabad_Mirana_AssemblyLine_004_926.mp4,461896553,2026-06-13 17:55:31
visionlab/visionlab/outbound/India_Ahmedabad_Mirana_AssemblyLine_004_927.mp4,s3://humyn-data-partners-prod/visionlab/visionlab/outbound/India_Ahmedabad_Mirana_AssemblyLine_004_927.mp4,566634992,2026-06-13 17:55:31
visionlab/visionlab/outbound/India_Ahmedabad_Mirana_AssemblyLine_004_928.mp4,s3://humyn-data-partners-prod/visionlab/visionlab/outbound/India_Ahmedabad_Mirana_AssemblyLine_004_928.mp4,651573276,2026-06-13 17:55:32
visionlab/visionlab/outbound/India_Ahmedabad_Mirana_AssemblyLine_004_929.mp4,s3://humyn-data-partners-prod/visionlab/visionlab/outbound/India_Ahmedabad_Mirana_AssemblyLine_004_929.mp4,631253333,2026-06-13 17:55:32
visionlab/visionlab/outbound/India_Ahmedabad_Mirana_AssemblyLine_004_930.mp4,s3://humyn-data-partners-prod/visionlab/visionlab/outbound/India_Ahmedabad_Mirana_AssemblyLine_004_930.mp4,473158779,2026-06-13 17:55:32
visionlab/visionlab/outbound/India_Ahmedabad_Mirana_AssemblyLine_004_931.mp4,s3://humyn-data-partners-prod/visionlab/visionlab/outbound/India_Ahmedabad_Mirana_AssemblyLine_004_931.mp4,598719011,2026-06-13 17:55:32
visionlab/visionlab/outbound/India_Ahmedabad_Mirana_AssemblyLine_004_932.mp4,s3://humyn-data-partners-prod/visionlab/visionlab/outbound/India_Ahmedabad_Mirana_AssemblyLine_004_932.mp4,553158954,2026-06-13 17:55:33
visionlab/visionlab/outbound/India_Ahmedabad_Mirana_AssemblyLine_004_933.mp4,s3://humyn-data-partners-prod/visionlab/visionlab/outbound/India_Ahmedabad_Mirana_AssemblyLine_004_933.mp4,413544045,2026-06-13 17:55:33
visionlab/visionlab/outbound/India_Ahmedabad_Mirana_AssemblyLine_004_934.mp4,s3://humyn-data-partners-prod/visionlab/visionlab/outbound/India_Ahmedabad_Mirana_AssemblyLine_004_934.mp4,620375582,2026-06-13 17:55:35
visionlab/visionlab/outbound/India_Ahmedabad_Mirana_AssemblyLine_004_935.mp4,s3://humyn-data-partners-prod/visionlab/visionlab/outbound/India_Ahmedabad_Mirana_AssemblyLine_004_935.mp4,540378124,2026-06-13 17:55:35
visionlab/visionlab/outbound/India_Ahmedabad_Mirana_AssemblyLine_004_936.mp4,s3://humyn-data-partners-prod/visionlab/visionlab/outbound/India_Ahmedabad_Mirana_AssemblyLine_004_936.mp4,507306797,2026-06-13 17:55:36
visionlab/visionlab/outbound/India_Ahmedabad_Mirana_AssemblyLine_004_937.mp4,s3://humyn-data-partners-prod/visionlab/visionlab/outbound/India_Ahmedabad_Mirana_AssemblyLine_004_937.mp4,299129507,2026-06-13 17:55:36
visionlab/visionlab/outbound/India_Ahmedabad_Mirana_AssemblyLine_004_938.mp4,s3://humyn-data-partners-prod/visionlab/visionlab/outbound/India_Ahmedabad_Mirana_AssemblyLine_004_938.mp4,629123642,2026-06-13 17:55:36
visionlab/visionlab/outbound/India_Ahmedabad_Mirana_AssemblyLine_004_939.mp4,s3://humyn-data-partners-prod/visionlab/visionlab/outbound/India_Ahmedabad_Mirana_AssemblyLine_004_939.mp4,600902988,2026-06-13 17:55:36
visionlab/visionlab/outbound/India_Ahmedabad_Mirana_AssemblyLine_004_940.mp4,s3://humyn-data-partners-prod/visionlab/visionlab/outbound/India_Ahmedabad_Mirana_AssemblyLine_004_940.mp4,596865619,2026-06-13 17:55:37
visionlab/visionlab/outbound/India_Ahmedabad_Mirana_AssemblyLine_004_941.mp4,s3://humyn-data-partners-prod/visionlab/visionlab/outbound/India_Ahmedabad_Mirana_AssemblyLine_004_941.mp4,602373724,2026-06-13 17:55:37
visionlab/visionlab/outbound/India_Ahmedabad_Mirana_AssemblyLine_004_942.mp4,s3://humyn-data-partners-prod/visionlab/visionlab/outbound/India_Ahmedabad_Mirana_AssemblyLine_004_942.mp4,725383217,2026-06-13 17:55:37
visionlab/visionlab/outbound/India_Ahmedabad_Mirana_AssemblyLine_004_943.mp4,s3://humyn-data-partners-prod/visionlab/visionlab/outbound/India_Ahmedabad_Mirana_AssemblyLine_004_943.mp4,610444881,2026-06-13 17:55:37
visionlab/visionlab/outbound/India_Ahmedabad_Mirana_AssemblyLine_004_944.mp4,s3://humyn-data-partners-prod/visionlab/visionlab/outbound/India_Ahmedabad_Mirana_AssemblyLine_004_944.mp4,500064183,2026-06-13 17:55:37
visionlab/visionlab/outbound/India_Ahmedabad_Mirana_AssemblyLine_004_945.mp4,s3://humyn-data-partners-prod/visionlab/visionlab/outbound/India_Ahmedabad_Mirana_AssemblyLine_004_945.mp4,484821630,2026-06-13 17:55:38
visionlab/visionlab/outbound/India_Ahmedabad_Mirana_AssemblyLine_004_946.mp4,s3://humyn-data-partners-prod/visionlab/visionlab/outbound/India_Ahmedabad_Mirana_AssemblyLine_004_946.mp4,575532292,2026-06-13 17:55:38
visionlab/visionlab/outbound/India_Ahmedabad_Mirana_AssemblyLine_004_947.mp4,s3://humyn-data-partners-prod/visionlab/visionlab/outbound/India_Ahmedabad_Mirana_AssemblyLine_004_947.mp4,638706127,2026-06-13 17:55:39
visionlab/visionlab/outbound/India_Ahmedabad_Mirana_AssemblyLine_004_948.mp4,s3://humyn-data-partners-prod/visionlab/visionlab/outbound/India_Ahmedabad_Mirana_AssemblyLine_004_948.mp4,609195097,2026-06-13 17:55:39
visionlab/visionlab/outbound/India_Ahmedabad_Mirana_AssemblyLine_004_949.mp4,s3://humyn-data-partners-prod/visionlab/visionlab/outbound/India_Ahmedabad_Mirana_AssemblyLine_004_949.mp4,548515843,2026-06-13 17:55:39
visionlab/visionlab/outbound/India_Ahmedabad_Mirana_AssemblyLine_004_950.mp4,s3://humyn-data-partners-prod/visionlab/visionlab/outbound/India_Ahmedabad_Mirana_AssemblyLine_004_950.mp4,486288444,2026-06-13 17:55:39
visionlab/visionlab/outbound/India_Ahmedabad_Mirana_AssemblyLine_004_951.mp4,s3://humyn-data-partners-prod/visionlab/visionlab/outbound/India_Ahmedabad_Mirana_AssemblyLine_004_951.mp4,671969341,2026-06-13 17:55:40
visionlab/visionlab/outbound/India_Ahmedabad_Mirana_AssemblyLine_004_952.mp4,s3://humyn-data-partners-prod/visionlab/visionlab/outbound/India_Ahmedabad_Mirana_AssemblyLine_004_952.mp4,597202482,2026-06-13 17:55:40
visionlab/visionlab/outbound/India_Ahmedabad_Mirana_AssemblyLine_004_953.mp4,s3://humyn-data-partners-prod/visionlab/visionlab/outbound/India_Ahmedabad_Mirana_AssemblyLine_004_953.mp4,528365374,2026-06-13 17:55:40
visionlab/visionlab/outbound/India_Ahmedabad_Mirana_AssemblyLine_004_954.mp4,s3://humyn-data-partners-prod/visionlab/visionlab/outbound/India_Ahmedabad_Mirana_AssemblyLine_004_954.mp4,583132807,2026-06-13 17:55:40
visionlab/visionlab/outbound/India_Ahmedabad_Mirana_AssemblyLine_004_955.mp4,s3://humyn-data-partners-prod/visionlab/visionlab/outbound/India_Ahmedabad_Mirana_AssemblyLine_004_955.mp4,571433056,2026-06-13 17:55:41
visionlab/visionlab/outbound/India_Ahmedabad_Mirana_AssemblyLine_004_956.mp4,s3://humyn-data-partners-prod/visionlab/visionlab/outbound/India_Ahmedabad_Mirana_AssemblyLine_004_956.mp4,541805451,2026-06-13 17:55:41
visionlab/visionlab/outbound/India_Ahmedabad_Mirana_AssemblyLine_004_957.mp4,s3://humyn-data-partners-prod/visionlab/visionlab/outbound/India_Ahmedabad_Mirana_AssemblyLine_004_957.mp4,638376310,2026-06-13 17:55:41
visionlab/visionlab/outbound/India_Ahmedabad_Mirana_AssemblyLine_004_958.mp4,s3://humyn-data-partners-prod/visionlab/visionlab/outbound/India_Ahmedabad_Mirana_AssemblyLine_004_958.mp4,633943222,2026-06-13 17:55:41
visionlab/visionlab/outbound/India_Ahmedabad_Mirana_AssemblyLine_004_959.mp4,s3://humyn-data-partners-prod/visionlab/visionlab/outbound/India_Ahmedabad_Mirana_AssemblyLine_004_959.mp4,474978260,2026-06-13 17:55:42
visionlab/visionlab/outbound/India_Ahmedabad_Mirana_AssemblyLine_004_960.mp4,s3://humyn-data-partners-prod/visionlab/visionlab/outbound/India_Ahmedabad_Mirana_AssemblyLine_004_960.mp4,613008234,2026-06-13 17:55:42
visionlab/visionlab/outbound/India_Ahmedabad_Mirana_AssemblyLine_004_961.mp4,s3://humyn-data-partners-prod/visionlab/visionlab/outbound/India_Ahmedabad_Mirana_AssemblyLine_004_961.mp4,587826933,2026-06-13 17:55:42
visionlab/visionlab/outbound/India_Ahmedabad_Mirana_AssemblyLine_004_962.mp4,s3://humyn-data-partners-prod/visionlab/visionlab/outbound/India_Ahmedabad_Mirana_AssemblyLine_004_962.mp4,557285694,2026-06-13 17:55:43
visionlab/visionlab/outbound/India_Ahmedabad_Mirana_AssemblyLine_004_963.mp4,s3://humyn-data-partners-prod/visionlab/visionlab/outbound/India_Ahmedabad_Mirana_AssemblyLine_004_963.mp4,525585161,2026-06-13 17:55:43
visionlab/visionlab/outbound/India_Ahmedabad_Mirana_AssemblyLine_004_964.mp4,s3://humyn-data-partners-prod/visionlab/visionlab/outbound/India_Ahmedabad_Mirana_AssemblyLine_004_964.mp4,546858742,2026-06-13 17:55:43
visionlab/visionlab/outbound/India_Ahmedabad_Mirana_AssemblyLine_004_965.mp4,s3://humyn-data-partners-prod/visionlab/visionlab/outbound/India_Ahmedabad_Mirana_AssemblyLine_004_965.mp4,630866093,2026-06-13 17:55:45
visionlab/visionlab/outbound/India_Ahmedabad_Mirana_AssemblyLine_004_966.mp4,s3://humyn-data-partners-prod/visionlab/visionlab/outbound/India_Ahmedabad_Mirana_AssemblyLine_004_966.mp4,592995807,2026-06-13 17:55:46
visionlab/visionlab/outbound/India_Ahmedabad_Mirana_AssemblyLine_004_967.mp4,s3://humyn-data-partners-prod/visionlab/visionlab/outbound/India_Ahmedabad_Mirana_AssemblyLine_004_967.mp4,543480722,2026-06-13 17:55:46
visionlab/visionlab/outbound/India_Ahmedabad_Mirana_AssemblyLine_004_968.mp4,s3://humyn-data-partners-prod/visionlab/visionlab/outbound/India_Ahmedabad_Mirana_AssemblyLine_004_968.mp4,636044459,2026-06-13 17:55:47
visionlab/visionlab/outbound/India_Ahmedabad_Mirana_AssemblyLine_004_969.mp4,s3://humyn-data-partners-prod/visionlab/visionlab/outbound/India_Ahmedabad_Mirana_AssemblyLine_004_969.mp4,474112173,2026-06-13 17:55:48
visionlab/visionlab/outbound/India_Ahmedabad_Mirana_AssemblyLine_004_970.mp4,s3://humyn-data-partners-prod/visionlab/visionlab/outbound/India_Ahmedabad_Mirana_AssemblyLine_004_970.mp4,541798338,2026-06-13 17:55:48
visionlab/visionlab/outbound/India_Ahmedabad_Mirana_AssemblyLine_004_971.mp4,s3://humyn-data-partners-prod/visionlab/visionlab/outbound/India_Ahmedabad_Mirana_AssemblyLine_004_971.mp4,534314403,2026-06-13 17:55:48
visionlab/visionlab/outbound/India_Ahmedabad_Mirana_AssemblyLine_004_972.mp4,s3://humyn-data-partners-prod/visionlab/visionlab/outbound/India_Ahmedabad_Mirana_AssemblyLine_004_972.mp4,576093432,2026-06-13 17:55:48
visionlab/visionlab/outbound/India_Ahmedabad_Mirana_AssemblyLine_004_973.mp4,s3://humyn-data-partners-prod/visionlab/visionlab/outbound/India_Ahmedabad_Mirana_AssemblyLine_004_973.mp4,646899351,2026-06-13 17:55:49
visionlab/visionlab/outbound/India_Ahmedabad_Mirana_AssemblyLine_004_974.mp4,s3://humyn-data-partners-prod/visionlab/visionlab/outbound/India_Ahmedabad_Mirana_AssemblyLine_004_974.mp4,490438962,2026-06-13 17:55:49
visionlab/visionlab/outbound/India_Ahmedabad_Mirana_AssemblyLine_004_975.mp4,s3://humyn-data-partners-prod/visionlab/visionlab/outbound/India_Ahmedabad_Mirana_AssemblyLine_004_975.mp4,616699054,2026-06-13 17:55:49
visionlab/visionlab/outbound/India_Ahmedabad_Mirana_AssemblyLine_004_976.mp4,s3://humyn-data-partners-prod/visionlab/visionlab/outbound/India_Ahmedabad_Mirana_AssemblyLine_004_976.mp4,636692270,2026-06-13 17:55:50
visionlab/visionlab/outbound/India_Ahmedabad_Mirana_AssemblyLine_004_977.mp4,s3://humyn-data-partners-prod/visionlab/visionlab/outbound/India_Ahmedabad_Mirana_AssemblyLine_004_977.mp4,588327124,2026-06-13 17:55:50
visionlab/visionlab/outbound/India_Ahmedabad_Mirana_AssemblyLine_004_978.mp4,s3://humyn-data-partners-prod/visionlab/visionlab/outbound/India_Ahmedabad_Mirana_AssemblyLine_004_978.mp4,501383674,2026-06-13 17:55:50
visionlab/visionlab/outbound/India_Ahmedabad_Mirana_AssemblyLine_004_979.mp4,s3://humyn-data-partners-prod/visionlab/visionlab/outbound/India_Ahmedabad_Mirana_AssemblyLine_004_979.mp4,432615781,2026-06-13 17:55:51
visionlab/visionlab/outbound/India_Ahmedabad_Mirana_AssemblyLine_004_980.mp4,s3://humyn-data-partners-prod/visionlab/visionlab/outbound/India_Ahmedabad_Mirana_AssemblyLine_004_980.mp4,497790943,2026-06-13 17:55:51
visionlab/visionlab/outbound/India_Ahmedabad_Mirana_AssemblyLine_004_981.mp4,s3://humyn-data-partners-prod/visionlab/visionlab/outbound/India_Ahmedabad_Mirana_AssemblyLine_004_981.mp4,547814341,2026-06-13 17:55:51
visionlab/visionlab/outbound/India_Ahmedabad_Mirana_AssemblyLine_004_982.mp4,s3://humyn-data-partners-prod/visionlab/visionlab/outbound/India_Ahmedabad_Mirana_AssemblyLine_004_982.mp4,570740176,2026-06-13 17:55:51
visionlab/visionlab/outbound/India_Ahmedabad_Mirana_AssemblyLine_004_983.mp4,s3://humyn-data-partners-prod/visionlab/visionlab/outbound/India_Ahmedabad_Mirana_AssemblyLine_004_983.mp4,598428911,2026-06-13 17:55:52
visionlab/visionlab/outbound/India_Ahmedabad_Mirana_AssemblyLine_004_984.mp4,s3://humyn-data-partners-prod/visionlab/visionlab/outbound/India_Ahmedabad_Mirana_AssemblyLine_004_984.mp4,485231197,2026-06-13 17:55:52
visionlab/visionlab/outbound/India_Ahmedabad_Mirana_AssemblyLine_004_985.mp4,s3://humyn-data-partners-prod/visionlab/visionlab/outbound/India_Ahmedabad_Mirana_AssemblyLine_004_985.mp4,523292523,2026-06-13 17:55:52
visionlab/visionlab/outbound/India_Ahmedabad_Mirana_AssemblyLine_004_986.mp4,s3://humyn-data-partners-prod/visionlab/visionlab/outbound/India_Ahmedabad_Mirana_AssemblyLine_004_986.mp4,649832170,2026-06-13 17:55:52
visionlab/visionlab/outbound/India_Ahmedabad_Mirana_AssemblyLine_004_987.mp4,s3://humyn-data-partners-prod/visionlab/visionlab/outbound/India_Ahmedabad_Mirana_AssemblyLine_004_987.mp4,602135719,2026-06-13 17:55:52
visionlab/visionlab/outbound/India_Ahmedabad_Mirana_AssemblyLine_004_988.mp4,s3://humyn-data-partners-prod/visionlab/visionlab/outbound/India_Ahmedabad_Mirana_AssemblyLine_004_988.mp4,620181551,2026-06-13 17:55:53
visionlab/visionlab/outbound/India_Ahmedabad_Mirana_AssemblyLine_004_989.mp4,s3://humyn-data-partners-prod/visionlab/visionlab/outbound/India_Ahmedabad_Mirana_AssemblyLine_004_989.mp4,501606245,2026-06-13 17:55:53
visionlab/visionlab/outbound/India_Ahmedabad_Mirana_AssemblyLine_004_990.mp4,s3://humyn-data-partners-prod/visionlab/visionlab/outbound/India_Ahmedabad_Mirana_AssemblyLine_004_990.mp4,606733072,2026-06-13 17:55:53
visionlab/visionlab/outbound/India_Ahmedabad_Mirana_AssemblyLine_004_991.mp4,s3://humyn-data-partners-prod/visionlab/visionlab/outbound/India_Ahmedabad_Mirana_AssemblyLine_004_991.mp4,621464335,2026-06-13 17:55:53
visionlab/visionlab/outbound/India_Ahmedabad_Mirana_AssemblyLine_004_992.mp4,s3://humyn-data-partners-prod/visionlab/visionlab/outbound/India_Ahmedabad_Mirana_AssemblyLine_004_992.mp4,601606897,2026-06-13 17:55:53
visionlab/visionlab/outbound/India_Ahmedabad_Mirana_AssemblyLine_004_993.mp4,s3://humyn-data-partners-prod/visionlab/visionlab/outbound/India_Ahmedabad_Mirana_AssemblyLine_004_993.mp4,542843434,2026-06-13 17:55:53
visionlab/visionlab/outbound/India_Ahmedabad_Mirana_AssemblyLine_004_994.mp4,s3://humyn-data-partners-prod/visionlab/visionlab/outbound/India_Ahmedabad_Mirana_AssemblyLine_004_994.mp4,524270330,2026-06-13 17:55:53
visionlab/visionlab/outbound/India_Ahmedabad_Mirana_AssemblyLine_004_995.mp4,s3://humyn-data-partners-prod/visionlab/visionlab/outbound/India_Ahmedabad_Mirana_AssemblyLine_004_995.mp4,627063154,2026-06-13 17:55:53
visionlab/visionlab/outbound/India_Ahmedabad_Mirana_AssemblyLine_004_996.mp4,s3://humyn-data-partners-prod/visionlab/visionlab/outbound/India_Ahmedabad_Mirana_AssemblyLine_004_996.mp4,655740005,2026-06-13 17:55:54
visionlab/visionlab/outbound/India_Ahmedabad_Mirana_AssemblyLine_004_997.mp4,s3://humyn-data-partners-prod/visionlab/visionlab/outbound/India_Ahmedabad_Mirana_AssemblyLine_004_997.mp4,491831957,2026-06-13 17:55:56
visionlab/visionlab/outbound/India_Ahmedabad_Mirana_AssemblyLine_004_998.mp4,s3://humyn-data-partners-prod/visionlab/visionlab/outbound/India_Ahmedabad_Mirana_AssemblyLine_004_998.mp4,706374574,2026-06-13 17:55:58
